SeniorCitizen,tenure,MonthlyCharges,TotalCharges,ChurnBinary,ARPM,CLV_proxy,ServiceCount,ContractRiskScore,HighRiskFlag,ElectronicCheckFlag,NewCustomerFlag,LongTermCustomerFlag,PremiumCustomerFlag,TotalRiskScore,gender_Male,Partner_Yes,Dependents_Yes,PhoneService_Yes,MultipleLines_No phone service,MultipleLines_Yes,InternetService_Fiber optic,InternetService_No,OnlineSecurity_No internet service,OnlineSecurity_Yes,OnlineBackup_No internet service,OnlineBackup_Yes,DeviceProtection_No internet service,DeviceProtection_Yes,TechSupport_No internet service,TechSupport_Yes,StreamingTV_No internet service,StreamingTV_Yes,StreamingMovies_No internet service,StreamingMovies_Yes,Contract_One year,Contract_Two year,PaperlessBilling_Yes,PaymentMethod_Credit card (automatic),PaymentMethod_Electronic check,PaymentMethod_Mailed check,TenureSegment_Established,TenureSegment_Loyal,TenureSegment_New,ChargesSegment_Low,ChargesSegment_Medium,ChargesSegment_Premium,PredictedChurn,ChurnProbability,TopRiskFactor,RetentionRecommendation
0,72,114.05,8468.2,0,117.6138888888889,8211.6,9,1,0,0,0,1,1,1,True,True,True,True,False,True,True,False,False,True,False,True,False,True,False,True,False,True,False,True,False,True,True,True,False,False,False,True,False,False,False,True,0,0.00021432113,ChurnBinary,Contact customer proactively
1,8,100.15,908.55,0,113.56875,801.2,6,3,1,0,0,0,1,4,False,False,False,True,False,True,True,False,False,False,False,False,False,False,False,True,False,True,False,True,False,False,True,True,False,False,False,False,True,False,False,True,0,0.00069980015,ChurnBinary,Contact customer proactively
0,41,78.35,3211.2,0,78.32195121951219,3212.35,7,2,0,0,0,1,0,2,False,True,True,True,False,True,False,False,False,True,False,True,False,True,False,False,False,True,False,False,True,False,True,True,False,False,True,False,False,False,False,False,0,0.00018130933,ChurnBinary,Contact customer proactively
0,18,78.2,1468.75,0,81.59722222222223,1407.6,4,3,0,1,0,0,0,4,True,True,False,True,False,False,True,False,False,False,False,False,False,True,False,True,False,False,False,False,False,False,False,False,True,False,False,False,False,False,False,False,0,0.0005506177,ChurnBinary,Contact customer proactively
0,72,82.65,5919.35,0,82.21319444444445,5950.8,8,1,0,0,0,1,0,1,False,True,False,True,False,True,False,False,False,True,False,True,False,True,False,False,False,True,False,True,False,True,True,True,False,False,False,True,False,False,False,False,0,0.00015802041,ChurnBinary,Contact customer proactively
0,21,99.85,1992.55,0,94.88333333333333,2096.85,6,3,0,0,0,0,1,3,False,False,False,True,False,True,True,False,False,False,False,True,False,False,False,False,False,True,False,True,False,False,True,True,False,False,False,False,False,False,False,True,0,0.00047888665,ChurnBinary,Contact customer proactively
0,21,99.15,1956.4,0,93.16190476190476,2082.15,6,3,0,0,0,0,1,3,False,False,False,True,False,False,True,False,False,False,False,True,False,False,False,True,False,True,False,True,False,False,True,False,False,False,False,False,False,False,False,True,0,0.000465465,ChurnBinary,Contact customer proactively
0,19,24.1,439.2,0,23.11578947368421,457.9,2,3,0,0,0,0,0,3,True,False,True,True,False,True,False,True,True,False,True,False,True,False,True,False,True,False,True,False,False,False,True,True,False,False,False,False,False,True,False,False,0,0.0002473925,ChurnBinary,Contact customer proactively
0,61,19.75,1311.6,0,21.50163934426229,1204.75,1,1,0,0,0,1,0,1,False,True,True,True,False,False,False,True,True,False,True,False,True,False,True,False,True,False,True,False,False,True,False,True,False,False,False,True,False,True,False,False,0,0.00015802041,ChurnBinary,Contact customer proactively
1,17,45.05,770.6,1,45.32941176470588,765.8499999999999,2,3,0,1,0,0,0,4,True,False,False,True,False,False,False,False,False,False,False,False,False,False,False,False,False,False,False,False,False,False,True,False,True,False,False,False,False,False,True,False,1,0.99914,ChurnBinary,Contact customer proactively
0,70,106.05,7554.05,0,107.915,7423.5,7,3,0,1,0,1,1,4,True,True,True,True,False,True,True,False,False,True,False,True,False,False,False,False,False,True,False,True,False,False,True,False,True,False,False,True,False,False,False,True,0,0.0004227772,ChurnBinary,Contact customer proactively
1,72,114.85,8317.95,0,115.52708333333334,8269.199999999999,9,1,0,0,0,1,1,1,False,True,False,True,False,True,True,False,False,True,False,True,False,True,False,True,False,True,False,True,False,True,True,False,False,False,False,True,False,False,False,True,0,0.0002075767,ChurnBinary,Contact customer proactively
0,49,30.2,1453.1,0,29.655102040816324,1479.8,2,3,0,0,0,1,0,3,True,False,False,False,True,False,False,False,False,False,False,False,False,True,False,False,False,False,False,False,False,False,True,False,False,False,False,True,False,True,False,False,0,0.00027320362,ChurnBinary,Contact customer proactively
1,11,84.8,906.85,1,82.44090909090909,932.8,4,3,1,0,0,0,0,4,False,False,False,True,False,True,True,False,False,False,False,False,False,False,False,False,False,False,False,True,False,False,True,True,False,False,False,False,True,False,False,False,1,0.99943405,ChurnBinary,Contact customer proactively
0,19,48.8,953.65,0,50.19210526315789,927.2,3,3,0,0,0,0,0,3,False,False,True,True,False,False,False,False,False,False,False,False,False,False,False,True,False,False,False,False,False,False,False,False,False,True,False,False,False,False,True,False,0,0.00027708863,ChurnBinary,Contact customer proactively
0,72,84.5,6130.85,0,85.15069444444445,6084.0,4,1,0,0,0,1,0,1,True,True,True,True,False,True,True,False,False,False,False,False,False,False,False,False,False,False,False,True,False,True,True,True,False,False,False,True,False,False,False,False,0,0.00016103535,ChurnBinary,Contact customer proactively
0,8,19.5,159.35,0,19.91875,156.0,1,1,0,0,0,0,0,1,False,True,True,True,False,False,False,True,True,False,True,False,True,False,True,False,True,False,True,False,False,True,False,False,False,False,False,False,True,True,False,False,0,0.00015950973,ChurnBinary,Contact customer proactively
0,15,91.0,1430.05,0,95.33666666666666,1365.0,5,3,0,1,0,0,1,4,True,False,True,True,False,True,True,False,False,False,False,True,False,False,False,False,False,True,False,False,False,False,True,False,True,False,False,False,False,False,False,True,0,0.0006782535,ChurnBinary,Contact customer proactively
0,67,105.7,6816.95,0,101.7455223880597,7081.900000000001,7,2,0,0,0,1,1,2,False,True,False,True,False,True,True,False,False,False,False,True,False,True,False,False,False,True,False,True,True,False,True,False,False,False,False,True,False,False,False,True,0,0.00027237914,ChurnBinary,Contact customer proactively
0,26,35.4,978.6,0,37.63846153846154,920.4,3,2,0,0,0,0,0,2,False,True,False,False,True,False,False,False,False,True,False,False,False,True,False,False,False,False,False,False,True,False,False,True,False,False,True,False,False,True,False,False,0,0.0001721428,ChurnBinary,Contact customer proactively
1,2,74.85,156.4,1,78.2,149.7,3,3,1,0,1,0,0,5,True,False,False,True,False,True,True,False,False,False,False,False,False,False,False,False,False,False,False,False,False,False,True,False,False,True,False,False,True,False,False,False,1,0.9994789,ChurnBinary,Contact customer proactively
0,21,28.5,629.35,0,29.969047619047625,598.5,2,3,0,1,0,0,0,4,False,True,False,False,True,False,False,False,False,True,False,False,False,False,False,False,False,False,False,False,False,False,False,False,True,False,False,False,False,True,False,False,0,0.000434529,ChurnBinary,Contact customer proactively
0,49,20.05,923.1,0,18.838775510204083,982.45,1,2,0,0,0,1,0,2,False,True,False,True,False,False,False,True,True,False,True,False,True,False,True,False,True,False,True,False,True,False,True,False,False,False,False,True,False,True,False,False,0,0.0001721428,ChurnBinary,Contact customer proactively
0,21,19.8,350.1,0,16.67142857142857,415.8,1,2,0,0,0,0,0,2,True,True,True,True,False,False,False,True,True,False,True,False,True,False,True,False,True,False,True,False,True,False,False,False,False,True,False,False,False,True,False,False,0,0.00017376519,ChurnBinary,Contact customer proactively
0,51,69.15,3649.6,0,71.56078431372549,3526.65,2,3,0,0,0,1,0,3,False,True,False,True,False,False,True,False,False,False,False,False,False,False,False,False,False,False,False,False,False,False,False,False,False,True,False,True,False,False,True,False,0,0.0003090771,ChurnBinary,Contact customer proactively
1,16,54.55,825.1,0,51.56875,872.8,4,3,0,0,0,0,0,3,True,True,False,True,False,False,False,False,False,True,False,True,False,False,False,False,False,False,False,False,False,False,True,False,False,False,False,False,False,False,True,False,0,0.00029290025,ChurnBinary,Contact customer proactively
0,22,89.25,1907.85,1,86.72045454545454,1963.5,4,3,0,1,0,0,0,4,False,False,False,True,False,False,True,False,False,False,False,False,False,False,False,False,False,True,False,True,False,False,False,False,True,False,False,False,False,False,False,False,1,0.9992993,ChurnBinary,Contact customer proactively
0,13,102.25,1359.0,1,104.53846153846152,1329.25,6,3,0,0,0,0,1,3,True,True,False,True,False,True,True,False,False,False,False,False,False,True,False,False,False,True,False,True,False,False,True,True,False,False,False,False,False,False,False,True,1,0.9992415,ChurnBinary,Contact customer proactively
0,43,25.1,1070.15,0,24.887209302325584,1079.3,2,1,0,1,0,1,0,2,False,False,True,True,False,True,False,True,True,False,True,False,True,False,True,False,True,False,True,False,False,True,True,False,True,False,True,False,False,True,False,False,0,0.00016521425,ChurnBinary,Contact customer proactively
0,3,89.45,240.45,1,80.14999999999999,268.35,4,3,1,1,1,0,0,6,False,False,False,True,False,False,True,False,False,False,False,False,False,False,False,False,False,True,False,True,False,False,True,False,True,False,False,False,True,False,False,False,1,0.9994789,ChurnBinary,Contact customer proactively
1,54,90.05,4931.8,0,91.32962962962964,4862.7,5,3,0,1,0,1,1,4,True,False,False,True,False,True,True,False,False,False,False,True,False,False,False,False,False,False,False,True,False,False,True,False,True,False,False,True,False,False,False,True,0,0.00045142078,ChurnBinary,Contact customer proactively
0,1,24.2,24.2,0,24.2,24.2,1,3,0,0,1,0,0,4,True,False,True,False,True,False,False,False,False,False,False,False,False,False,False,False,False,False,False,False,False,False,False,False,False,True,False,False,True,True,False,False,0,0.00049081596,ChurnBinary,Contact customer proactively
0,69,20.55,1403.1,0,20.33478260869565,1417.95,1,2,0,0,0,1,0,2,True,True,True,True,False,False,False,True,True,False,True,False,True,False,True,False,True,False,True,False,True,False,True,True,False,False,False,True,False,True,False,False,0,0.0001721428,ChurnBinary,Contact customer proactively
0,62,23.4,1429.65,0,23.05887096774193,1450.8,2,1,0,0,0,1,0,1,True,False,False,True,False,True,False,True,True,False,True,False,True,False,True,False,True,False,True,False,False,True,False,False,False,False,False,True,False,True,False,False,0,0.00015802041,ChurnBinary,Contact customer proactively
0,2,90.4,168.2,1,84.1,180.8,4,3,1,1,1,0,1,6,False,False,False,True,False,False,True,False,False,False,False,False,False,False,False,False,False,True,False,True,False,False,True,False,True,False,False,False,True,False,False,True,1,0.9994789,ChurnBinary,Contact customer proactively
1,62,96.1,6019.35,0,97.08629032258064,5958.2,6,3,0,0,0,1,1,3,False,True,True,True,False,True,True,False,False,False,False,True,False,True,False,False,False,False,False,True,False,False,True,True,False,False,False,True,False,False,False,True,0,0.0003481476,ChurnBinary,Contact customer proactively
1,2,44.95,85.15,1,42.575,89.9,2,3,0,0,1,0,0,4,True,False,False,True,False,False,False,False,False,False,False,False,False,False,False,False,False,False,False,False,False,False,False,False,False,True,False,False,True,False,True,False,1,0.99922323,ChurnBinary,Contact customer proactively
0,69,19.9,1356.7,0,19.66231884057971,1373.1,1,1,0,0,0,1,0,1,True,True,True,True,False,False,False,True,True,False,True,False,True,False,True,False,True,False,True,False,False,True,False,False,False,False,False,True,False,True,False,False,0,0.00015802041,ChurnBinary,Contact customer proactively
0,1,74.5,74.5,1,74.5,74.5,3,3,1,1,1,0,0,6,False,False,False,True,False,True,True,False,False,False,False,False,False,False,False,False,False,False,False,False,False,False,True,False,True,False,False,False,True,False,False,False,1,0.999516,ChurnBinary,Contact customer proactively
0,31,55.25,1715.65,1,55.34354838709677,1712.75,4,3,0,1,0,0,0,4,True,False,False,True,False,False,False,False,False,False,False,False,False,True,False,True,False,False,False,False,False,False,True,False,True,False,True,False,False,False,True,False,1,0.99895775,ChurnBinary,Contact customer proactively
1,69,20.3,1356.3,0,19.656521739130437,1400.7,1,1,0,0,0,1,0,1,True,False,False,True,False,False,False,True,True,False,True,False,True,False,True,False,True,False,True,False,False,True,False,True,False,False,False,True,False,True,False,False,0,0.00015802041,ChurnBinary,Contact customer proactively
0,2,91.45,171.45,0,85.725,182.9,5,3,1,1,1,0,1,6,True,True,False,True,False,True,True,False,False,False,False,False,False,True,False,False,False,True,False,False,False,False,True,False,True,False,False,False,True,False,False,True,0,0.00072613836,ChurnBinary,Contact customer proactively
0,33,70.4,2406.1,0,72.9121212121212,2323.2000000000003,2,3,0,0,0,0,0,3,False,False,False,True,False,False,True,False,False,False,False,False,False,False,False,False,False,False,False,False,False,False,True,False,False,False,True,False,False,False,False,False,0,0.00041320224,ChurnBinary,Contact customer proactively
0,3,19.6,55.25,0,18.416666666666668,58.8,1,3,0,0,1,0,0,4,False,True,False,True,False,False,False,True,True,False,True,False,True,False,True,False,True,False,True,False,False,False,True,False,False,True,False,False,True,True,False,False,0,0.00034001272,ChurnBinary,Contact customer proactively
0,44,65.4,2774.55,0,63.05795454545455,2877.6000000000004,5,2,0,1,0,1,0,3,True,False,False,True,False,False,False,False,False,True,False,False,False,False,False,True,False,True,False,False,True,False,False,False,True,False,True,False,False,False,True,False,0,0.00022046105,ChurnBinary,Contact customer proactively
0,10,110.1,1043.3,1,104.33,1101.0,8,3,1,1,0,0,1,5,True,False,False,True,False,False,True,False,False,True,False,True,False,True,False,True,False,True,False,True,False,False,True,False,True,False,False,False,True,False,False,True,1,0.99944156,ChurnBinary,Contact customer proactively
0,8,75.25,576.7,0,72.0875,602.0,3,3,1,1,0,0,0,5,False,False,False,True,False,True,True,False,False,False,False,False,False,False,False,False,False,False,False,False,False,False,True,False,True,False,False,False,True,False,False,False,0,0.00072613836,ChurnBinary,Contact customer proactively
0,8,66.65,520.95,0,65.11875,533.2,5,3,0,1,0,0,0,4,True,False,False,True,False,False,False,False,False,False,False,True,False,False,False,True,False,True,False,False,False,False,True,False,True,False,False,False,True,False,True,False,0,0.00040541048,ChurnBinary,Contact customer proactively
0,69,20.35,1442.65,0,20.907971014492755,1404.15,1,2,0,0,0,1,0,2,False,True,True,True,False,False,False,True,True,False,True,False,True,False,True,False,True,False,True,False,True,False,True,True,False,False,False,True,False,True,False,False,0,0.0001721428,ChurnBinary,Contact customer proactively
0,23,75.6,1758.6,1,76.4608695652174,1738.8,3,3,0,0,0,0,0,3,False,False,False,True,False,True,True,False,False,False,False,False,False,False,False,False,False,False,False,False,False,False,False,False,False,False,False,False,False,False,False,False,1,0.998968,ChurnBinary,Contact customer proactively
0,66,25.1,1697.7,0,25.722727272727276,1656.6,2,1,0,0,0,1,0,1,True,False,False,True,False,True,False,True,True,False,True,False,True,False,True,False,True,False,True,False,False,True,False,False,False,True,False,True,False,True,False,False,0,0.00015802041,ChurnBinary,Contact customer proactively
0,1,102.45,102.45,1,102.45,102.45,7,3,1,1,1,0,1,6,False,True,True,True,False,True,True,False,False,True,False,False,False,True,False,False,False,True,False,True,False,False,True,False,True,False,False,False,True,False,False,True,1,0.9994715,ChurnBinary,Contact customer proactively
0,3,19.95,58.0,0,19.33333333333333,59.85,1,3,0,0,1,0,0,4,False,False,False,True,False,False,False,True,True,False,True,False,True,False,True,False,True,False,True,False,False,False,False,False,False,True,False,False,True,True,False,False,0,0.0003201954,ChurnBinary,Contact customer proactively
0,5,51.0,286.8,0,57.36,255.0,3,3,0,0,1,0,0,4,False,False,True,True,False,False,False,False,False,False,False,False,False,False,False,True,False,False,False,False,False,False,True,False,False,True,False,False,True,False,True,False,0,0.0004349494,ChurnBinary,Contact customer proactively
0,1,51.2,51.2,0,51.2,51.2,3,3,0,0,1,0,0,4,False,False,True,True,False,False,False,False,False,True,False,False,False,False,False,False,False,False,False,False,False,False,False,False,False,True,False,False,True,False,True,False,0,0.00049311685,ChurnBinary,Contact customer proactively
0,9,77.65,714.15,1,79.35,698.85,3,3,1,0,0,0,0,4,False,False,False,True,False,False,True,False,False,False,False,False,False,False,False,False,False,True,False,False,False,False,True,False,False,False,False,False,True,False,False,False,1,0.99945956,ChurnBinary,Contact customer proactively
0,36,63.7,2188.5,0,60.79166666666666,2293.2000000000003,5,2,0,0,0,0,0,2,True,True,True,True,False,False,False,False,False,True,False,False,False,True,False,False,False,False,False,True,True,False,True,True,False,False,True,False,False,False,True,False,0,0.0002163051,ChurnBinary,Contact customer proactively
0,68,85.5,5696.6,0,83.77352941176471,5814.0,5,2,0,0,0,1,0,2,True,True,True,True,False,True,True,False,False,True,False,True,False,False,False,False,False,False,False,False,True,False,True,False,False,False,False,True,False,False,False,False,0,0.00018626945,ChurnBinary,Contact customer proactively
0,35,40.9,1383.6,0,39.53142857142857,1431.5,3,2,0,0,0,0,0,2,False,True,True,False,True,False,False,False,False,False,False,False,False,False,False,True,False,True,False,False,True,False,False,False,False,True,True,False,False,False,True,False,0,0.0001721428,ChurnBinary,Contact customer proactively
0,60,20.55,1205.05,0,20.084166666666665,1233.0,1,1,0,0,0,1,0,1,True,True,True,True,False,False,False,True,True,False,True,False,True,False,True,False,True,False,True,False,False,True,False,False,False,True,False,True,False,True,False,False,0,0.00015802041,ChurnBinary,Contact customer proactively
0,72,74.55,5430.65,0,75.42569444444445,5367.599999999999,7,1,0,0,0,1,0,1,False,True,True,True,False,True,False,False,False,True,False,True,False,False,False,True,False,True,False,False,False,True,False,False,False,True,False,True,False,False,False,False,0,0.00015802041,ChurnBinary,Contact customer proactively
0,45,20.4,930.45,1,20.67666666666667,918.0,1,2,0,1,0,1,0,3,True,False,False,True,False,False,False,True,True,False,True,False,True,False,True,False,True,False,True,False,True,False,True,False,True,False,True,False,False,True,False,False,1,0.9981883,ChurnBinary,Contact customer proactively
0,37,91.2,3247.55,0,87.77162162162162,3374.4,4,2,0,0,0,1,1,2,True,True,True,True,False,False,True,False,False,False,False,False,False,False,False,False,False,True,False,True,True,False,False,True,False,False,True,False,False,False,False,True,0,0.00021688396,ChurnBinary,Contact customer proactively
0,7,50.7,350.35,0,50.05,354.90000000000003,3,3,0,0,0,0,0,3,False,True,True,True,False,False,False,False,False,True,False,False,False,False,False,False,False,False,False,False,False,False,False,False,False,True,False,False,True,False,True,False,0,0.0002901907,ChurnBinary,Contact customer proactively
0,4,50.7,151.3,1,37.825,202.8,3,3,0,0,1,0,0,4,False,False,False,True,False,False,False,False,False,False,False,True,False,False,False,False,False,False,False,False,False,False,False,True,False,False,False,False,True,False,True,False,1,0.99918264,ChurnBinary,Contact customer proactively
0,1,54.9,54.9,1,54.9,54.9,4,3,0,1,1,0,0,5,False,False,False,True,False,False,False,False,False,True,False,True,False,False,False,False,False,False,False,False,False,False,True,False,True,False,False,False,True,False,True,False,1,0.9993001,ChurnBinary,Contact customer proactively
0,4,60.4,272.15,1,68.0375,241.6,5,3,0,0,1,0,0,4,False,False,False,True,False,False,False,False,False,True,False,True,False,False,False,True,False,False,False,False,False,False,True,False,False,True,False,False,True,False,True,False,1,0.99905616,ChurnBinary,Contact customer proactively
0,18,49.55,878.35,1,48.797222222222224,891.9,3,3,0,0,0,0,0,3,True,True,False,True,False,False,False,False,False,False,False,False,False,True,False,False,False,False,False,False,False,False,True,False,False,True,False,False,False,False,True,False,1,0.9986285,ChurnBinary,Contact customer proactively
0,12,74.05,872.65,1,72.72083333333333,888.5999999999999,6,2,0,0,0,0,0,2,False,False,False,True,False,True,False,False,False,False,False,False,False,False,False,True,False,True,False,True,True,False,False,False,False,True,False,False,True,False,False,False,1,0.99817455,ChurnBinary,Contact customer proactively
0,1,80.05,80.05,1,80.05,80.05,3,3,1,0,1,0,0,5,False,True,True,True,False,False,True,False,False,False,False,False,False,False,False,False,False,True,False,False,False,False,True,False,False,True,False,False,True,False,False,False,1,0.999516,ChurnBinary,Contact customer proactively
0,72,25.0,1738.9,0,24.15138888888889,1800.0,2,1,0,0,0,1,0,1,True,True,True,True,False,True,False,True,True,False,True,False,True,False,True,False,True,False,True,False,False,True,False,False,False,False,False,True,False,True,False,False,0,0.00015802041,ChurnBinary,Contact customer proactively
0,42,20.25,835.5,0,19.892857142857142,850.5,1,1,0,1,0,1,0,2,True,True,False,True,False,False,False,True,True,False,True,False,True,False,True,False,True,False,True,False,False,True,False,False,True,False,True,False,False,True,False,False,0,0.00016521425,ChurnBinary,Contact customer proactively
1,24,76.1,1712.7,1,71.3625,1826.4,3,3,0,1,0,0,0,4,True,False,False,True,False,True,True,False,False,False,False,False,False,False,False,False,False,False,False,False,False,False,True,False,True,False,False,False,False,False,False,False,1,0.99934536,ChurnBinary,Contact customer proactively
0,26,78.95,2034.25,0,78.24038461538461,2052.7000000000003,3,2,0,0,0,0,0,2,True,True,True,True,False,False,True,False,False,False,False,False,False,False,False,False,False,False,False,True,True,False,False,False,False,False,True,False,False,False,False,False,0,0.00021688396,ChurnBinary,Contact customer proactively
0,68,73.0,5163.0,0,75.92647058823529,4964.0,7,2,0,0,0,1,0,2,False,True,True,True,False,True,False,False,False,True,False,True,False,True,False,False,False,True,False,False,True,False,True,True,False,False,False,True,False,False,False,False,0,0.00018130933,ChurnBinary,Contact customer proactively
0,17,19.9,323.15,0,19.008823529411764,338.29999999999995,1,2,0,0,0,0,0,2,False,False,False,True,False,False,False,True,True,False,True,False,True,False,True,False,True,False,True,False,True,False,False,False,False,False,False,False,False,True,False,False,0,0.00017376519,ChurnBinary,Contact customer proactively
0,59,111.1,6555.2,0,111.10508474576272,6554.9,8,1,0,0,0,1,1,1,True,True,True,True,False,True,True,False,False,True,False,True,False,False,False,True,False,True,False,True,False,True,True,False,False,True,False,True,False,False,False,True,0,0.0002485382,ChurnBinary,Contact customer proactively
0,13,74.4,896.75,1,68.98076923076923,967.2,3,3,0,0,0,0,0,3,True,True,True,True,False,True,True,False,False,False,False,False,False,False,False,False,False,False,False,False,False,False,True,True,False,False,False,False,False,False,False,False,1,0.99916565,ChurnBinary,Contact customer proactively
0,2,20.45,42.45,0,21.225,40.9,1,3,0,0,1,0,0,4,False,False,False,True,False,False,False,True,True,False,True,False,True,False,True,False,True,False,True,False,False,False,True,False,False,True,False,False,True,True,False,False,0,0.00034872457,ChurnBinary,Contact customer proactively
0,67,19.65,1335.2,0,19.928358208955224,1316.55,1,1,0,0,0,1,0,1,False,True,False,True,False,False,False,True,True,False,True,False,True,False,True,False,True,False,True,False,False,True,False,False,False,True,False,True,False,True,False,False,0,0.00015802041,ChurnBinary,Contact customer proactively
0,17,20.05,337.9,0,19.876470588235293,340.85,1,2,0,0,0,0,0,2,False,False,False,True,False,False,False,True,True,False,True,False,True,False,True,False,True,False,True,False,True,False,False,True,False,False,False,False,False,True,False,False,0,0.00017376519,ChurnBinary,Contact customer proactively
0,71,80.1,5585.4,0,78.66760563380281,5687.099999999999,8,1,0,0,0,1,0,1,True,True,False,True,False,True,False,False,False,True,False,True,False,True,False,True,False,False,False,True,False,True,True,False,False,True,False,True,False,False,False,False,0,0.00015802041,ChurnBinary,Contact customer proactively
0,17,98.6,1704.95,1,100.29117647058824,1676.1999999999998,6,2,0,0,0,0,1,2,False,True,True,True,False,False,True,False,False,False,False,False,False,True,False,True,False,True,False,True,True,False,False,False,False,False,False,False,False,False,False,True,1,0.99842095,ChurnBinary,Contact customer proactively
0,1,89.55,89.55,1,89.55,89.55,4,3,1,1,1,0,0,6,True,False,False,True,False,False,True,False,False,False,False,False,False,False,False,False,False,True,False,True,False,False,True,False,True,False,False,False,True,False,False,False,1,0.999516,ChurnBinary,Contact customer proactively
0,6,19.7,94.45,0,15.741666666666667,118.2,1,2,0,0,0,0,0,2,False,True,True,True,False,False,False,True,True,False,True,False,True,False,True,False,True,False,True,False,True,False,False,False,False,True,False,False,True,True,False,False,0,0.00017376519,ChurnBinary,Contact customer proactively
0,61,114.1,7132.15,0,116.92049180327868,6960.099999999999,8,3,0,1,0,1,1,4,True,True,False,True,False,True,True,False,False,False,False,True,False,True,False,True,False,True,False,True,False,False,True,False,True,False,False,True,False,False,False,True,0,0.00047862472,ChurnBinary,Contact customer proactively
0,6,73.85,401.3,0,66.88333333333334,443.1,3,3,1,0,0,0,0,4,False,False,False,True,False,True,True,False,False,False,False,False,False,False,False,False,False,False,False,False,False,False,True,False,False,True,False,False,True,False,False,False,0,0.00070010836,ChurnBinary,Contact customer proactively
1,1,25.05,25.05,1,25.05,25.05,1,3,0,0,1,0,0,4,False,False,False,False,True,False,False,False,False,False,False,False,False,False,False,False,False,False,False,False,False,False,False,False,False,True,False,False,True,True,False,False,1,0.9992291,ChurnBinary,Contact customer proactively
0,21,102.8,2110.15,1,100.48333333333332,2158.8,7,3,0,1,0,0,1,4,False,True,True,True,False,False,True,False,False,False,False,True,False,True,False,True,False,True,False,True,False,False,True,False,True,False,False,False,False,False,False,True,1,0.99938023,ChurnBinary,Contact customer proactively
0,60,110.8,6640.7,0,110.67833333333331,6648.0,8,1,0,0,0,1,1,1,False,True,False,True,False,True,True,False,False,False,False,True,False,True,False,True,False,True,False,True,False,True,True,True,False,False,False,True,False,False,False,True,0,0.00023671876,ChurnBinary,Contact customer proactively
1,20,85.8,1727.5,1,86.375,1716.0,4,3,0,0,0,0,0,3,False,False,False,True,False,True,True,False,False,False,False,False,False,False,False,False,False,False,False,True,False,False,True,True,False,False,False,False,False,False,False,False,1,0.99919945,ChurnBinary,Contact customer proactively
0,22,95.9,2234.95,0,101.58863636363635,2109.8,6,3,0,0,0,0,1,3,True,True,False,True,False,True,True,False,False,True,False,False,False,False,False,True,False,True,False,False,False,False,False,True,False,False,False,False,False,False,False,True,0,0.0003838059,ChurnBinary,Contact customer proactively
0,40,20.6,827.3,0,20.6825,824.0,1,1,0,0,0,1,0,1,False,False,False,True,False,False,False,True,True,False,True,False,True,False,True,False,True,False,True,False,False,True,True,False,False,False,True,False,False,True,False,False,0,0.00015802041,ChurnBinary,Contact customer proactively
0,23,74.95,1710.45,1,74.36739130434783,1723.85,3,3,0,1,0,0,0,4,True,False,False,True,False,True,True,False,False,False,False,False,False,False,False,False,False,False,False,False,False,False,True,False,True,False,False,False,False,False,False,False,1,0.99934536,ChurnBinary,Contact customer proactively
0,1,45.95,45.95,1,45.95,45.95,2,3,0,0,1,0,0,4,False,False,True,True,False,False,False,False,False,False,False,False,False,False,False,False,False,False,False,False,False,False,False,False,False,True,False,False,True,False,True,False,1,0.99925023,ChurnBinary,Contact customer proactively
0,46,38.25,1755.35,0,38.15978260869565,1759.5,4,1,0,0,0,1,0,1,True,False,False,False,True,False,False,False,False,True,False,False,False,True,False,True,False,False,False,False,False,True,False,False,False,True,True,False,False,False,True,False,0,0.00015802041,ChurnBinary,Contact customer proactively
0,5,69.95,320.4,0,64.08,349.75,2,3,0,0,1,0,0,4,False,True,True,True,False,False,True,False,False,False,False,False,False,False,False,False,False,False,False,False,False,False,False,True,False,False,False,False,True,False,True,False,0,0.0005779198,ChurnBinary,Contact customer proactively
1,68,20.0,1396.0,0,20.529411764705884,1360.0,1,1,0,0,0,1,0,1,True,False,False,True,False,False,False,True,True,False,True,False,True,False,True,False,True,False,True,False,False,True,True,True,False,False,False,True,False,True,False,False,0,0.00015802041,ChurnBinary,Contact customer proactively
1,1,25.2,25.2,1,25.2,25.2,1,3,0,1,1,0,0,5,False,False,False,False,True,False,False,False,False,False,False,False,False,False,False,False,False,False,False,False,False,False,True,False,True,False,False,False,True,True,False,False,1,0.9993498,ChurnBinary,Contact customer proactively
0,2,20.1,43.15,0,21.575,40.2,1,3,0,0,1,0,0,4,False,True,False,True,False,False,False,True,True,False,True,False,True,False,True,False,True,False,True,False,False,False,False,False,False,False,False,False,True,True,False,False,0,0.00032839915,ChurnBinary,Contact customer proactively
1,14,104.85,1531.4,1,109.38571428571429,1467.9,7,3,0,1,0,0,1,4,False,False,False,True,False,True,True,False,False,False,False,True,False,True,False,False,False,True,False,True,False,False,True,False,True,False,False,False,False,False,False,True,1,0.99944204,ChurnBinary,Contact customer proactively
0,10,70.0,740.0,1,74.0,700.0,2,3,0,1,0,0,0,4,True,False,False,True,False,False,True,False,False,False,False,False,False,False,False,False,False,False,False,False,False,False,True,False,True,False,False,False,True,False,True,False,1,0.9994562,ChurnBinary,Contact customer proactively
0,13,78.3,1033.95,0,79.53461538461539,1017.9,3,3,0,0,0,0,0,3,True,False,True,True,False,False,True,False,False,False,False,False,False,False,False,False,False,True,False,False,False,False,True,True,False,False,False,False,False,False,False,False,0,0.00045594544,ChurnBinary,Contact customer proactively
0,34,109.8,3587.25,1,105.50735294117646,3733.2,8,3,0,0,0,0,1,3,False,False,False,True,False,True,True,False,False,True,False,True,False,True,False,False,False,True,False,True,False,False,True,False,False,True,True,False,False,False,False,True,1,0.9991418,ChurnBinary,Contact customer proactively
0,18,57.45,990.85,1,55.047222222222224,1034.1,4,3,0,1,0,0,0,4,True,True,True,True,False,False,False,False,False,False,False,False,False,True,False,False,False,False,False,True,False,False,False,False,True,False,False,False,False,False,True,False,1,0.99901867,ChurnBinary,Contact customer proactively
0,71,19.7,1301.1,0,18.32535211267605,1398.7,1,1,0,0,0,1,0,1,True,True,True,True,False,False,False,True,True,False,True,False,True,False,True,False,True,False,True,False,False,True,False,True,False,False,False,True,False,True,False,False,0,0.00015802041,ChurnBinary,Contact customer proactively
0,70,110.5,7752.05,0,110.74357142857144,7735.0,8,1,0,1,0,1,1,2,False,True,False,True,False,True,True,False,False,False,False,True,False,True,False,True,False,True,False,True,False,True,True,False,True,False,False,True,False,False,False,True,0,0.00024682024,ChurnBinary,Contact customer proactively
0,52,64.3,3410.6,0,65.58846153846153,3343.6,5,2,0,0,0,1,0,2,False,True,False,True,False,False,False,False,False,True,False,False,False,True,False,False,False,True,False,False,True,False,True,False,False,True,False,True,False,False,True,False,0,0.00017426015,ChurnBinary,Contact customer proactively
0,68,105.25,7173.15,0,105.4875,7157.0,7,1,0,0,0,1,1,1,True,True,True,True,False,False,True,False,False,True,False,True,False,True,False,False,False,True,False,True,False,True,True,False,False,False,False,True,False,False,False,True,0,0.00024506229,ChurnBinary,Contact customer proactively
0,38,19.6,717.3,0,18.876315789473683,744.8000000000001,1,3,0,1,0,1,0,4,True,True,True,True,False,False,False,True,True,False,True,False,True,False,True,False,True,False,True,False,False,False,False,False,True,False,True,False,False,True,False,False,0,0.00031035888,ChurnBinary,Contact customer proactively
0,58,24.5,1497.9,0,25.82586206896552,1421.0,2,2,0,0,0,1,0,2,False,True,True,True,False,True,False,True,True,False,True,False,True,False,True,False,True,False,True,False,True,False,True,True,False,False,False,True,False,True,False,False,0,0.0001721428,ChurnBinary,Contact customer proactively
0,3,90.7,237.65,0,79.21666666666667,272.1,4,3,1,0,1,0,1,5,True,False,False,True,False,False,True,False,False,False,False,False,False,False,False,False,False,True,False,True,False,False,False,False,False,True,False,False,True,False,False,True,0,0.0006570165,ChurnBinary,Contact customer proactively
0,14,48.8,664.4,0,47.457142857142856,683.1999999999999,3,3,0,0,0,0,0,3,True,True,False,True,False,False,False,False,False,False,False,False,False,False,False,True,False,False,False,False,False,False,False,False,False,False,False,False,False,False,True,False,0,0.00029043402,ChurnBinary,Contact customer proactively
0,2,24.9,49.7,0,24.85,49.8,1,3,0,0,1,0,0,4,True,False,False,False,True,False,False,False,False,False,False,False,False,False,False,False,False,False,False,False,False,False,True,True,False,False,False,False,True,True,False,False,0,0.00051008334,ChurnBinary,Contact customer proactively
0,1,24.8,24.8,1,24.8,24.8,1,3,0,1,1,0,0,5,False,True,False,False,True,False,False,False,False,False,False,False,False,False,False,False,False,False,False,False,False,False,True,False,True,False,False,False,True,True,False,False,1,0.9993498,ChurnBinary,Contact customer proactively
1,72,107.4,7748.75,0,107.62152777777776,7732.8,8,1,0,0,0,1,1,1,False,False,False,True,False,True,True,False,False,True,False,True,False,True,False,True,False,False,False,True,False,True,True,False,False,False,False,True,False,False,False,True,0,0.00021331098,ChurnBinary,Contact customer proactively
0,3,43.3,123.65,1,41.21666666666667,129.89999999999998,2,3,0,1,1,0,0,5,True,False,False,True,False,False,False,False,False,False,False,False,False,False,False,False,False,False,False,False,False,False,True,False,True,False,False,False,True,False,True,False,1,0.99936897,ChurnBinary,Contact customer proactively
0,13,80.0,1029.35,0,79.18076923076923,1040.0,4,3,0,0,0,0,0,3,False,False,False,True,False,True,True,False,False,True,False,False,False,False,False,False,False,False,False,False,False,False,True,True,False,False,False,False,False,False,False,False,0,0.00043656383,ChurnBinary,Contact customer proactively
1,72,104.1,7447.7,0,103.44027777777778,7495.2,7,1,0,0,0,1,1,1,True,True,True,True,False,False,True,False,False,True,False,False,False,True,False,True,False,True,False,True,False,True,True,True,False,False,False,True,False,False,False,True,0,0.00021148672,ChurnBinary,Contact customer proactively
0,58,20.75,1185.95,0,20.44741379310345,1203.5,1,1,0,0,0,1,0,1,True,True,False,True,False,False,False,True,True,False,True,False,True,False,True,False,True,False,True,False,False,True,False,False,False,True,False,True,False,True,False,False,0,0.00015802041,ChurnBinary,Contact customer proactively
1,71,95.5,6707.15,0,94.4669014084507,6780.5,6,1,0,0,0,1,1,1,True,True,False,True,False,False,True,False,False,False,False,True,False,True,False,True,False,False,False,True,False,True,True,True,False,False,False,True,False,False,False,True,0,0.00020400056,ChurnBinary,Contact customer proactively
0,1,76.35,76.35,1,76.35,76.35,3,3,1,1,1,0,0,6,False,False,False,True,False,False,True,False,False,False,False,False,False,True,False,False,False,False,False,False,False,False,False,False,True,False,False,False,True,False,False,False,1,0.9994729,ChurnBinary,Contact customer proactively
0,54,91.3,4965.0,0,91.94444444444444,4930.2,9,1,0,0,0,1,1,1,False,True,True,True,False,True,False,False,False,True,False,True,False,True,False,True,False,True,False,True,False,True,False,True,False,False,False,True,False,False,False,True,0,0.00015802041,ChurnBinary,Contact customer proactively
0,39,45.05,1790.6,0,45.91282051282051,1756.9499999999998,4,2,0,0,0,1,0,2,True,False,True,False,True,False,False,False,False,True,False,False,False,False,False,True,False,True,False,False,True,False,False,False,False,False,True,False,False,False,True,False,0,0.00017426015,ChurnBinary,Contact customer proactively
0,1,70.6,70.6,1,70.6,70.6,2,3,1,1,1,0,0,6,False,False,False,True,False,False,True,False,False,False,False,False,False,False,False,False,False,False,False,False,False,False,True,False,True,False,False,False,True,False,False,False,1,0.999516,ChurnBinary,Contact customer proactively
0,61,80.8,4860.85,0,79.68606557377049,4928.8,8,1,0,0,0,1,0,1,True,True,False,True,False,True,False,False,False,True,False,True,False,True,False,True,False,False,False,True,False,True,True,False,False,False,False,True,False,False,False,False,0,0.00015802041,ChurnBinary,Contact customer proactively
0,25,89.15,2257.75,1,90.31,2228.75,5,3,0,0,0,0,0,3,False,True,True,True,False,False,True,False,False,False,False,True,False,True,False,False,False,True,False,False,False,False,True,False,False,False,True,False,False,False,False,False,1,0.99913114,ChurnBinary,Contact customer proactively
0,37,91.2,3382.3,0,91.41351351351352,3374.4,6,3,0,0,0,1,1,3,False,False,False,True,False,True,True,False,False,True,False,True,False,True,False,False,False,False,False,False,False,False,False,False,False,False,True,False,False,False,False,True,0,0.00036321438,ChurnBinary,Contact customer proactively
1,26,91.25,2351.8,1,90.45384615384616,2372.5,4,3,0,1,0,0,1,4,False,False,False,True,False,False,True,False,False,False,False,False,False,False,False,False,False,True,False,True,False,False,True,False,True,False,True,False,False,False,False,True,1,0.9993736,ChurnBinary,Contact customer proactively
0,10,19.75,208.25,0,20.825,197.5,1,3,0,0,0,0,0,3,True,False,False,True,False,False,False,True,True,False,True,False,True,False,True,False,True,False,True,False,False,False,False,True,False,False,False,False,True,True,False,False,0,0.0002605275,ChurnBinary,Contact customer proactively
0,1,20.4,20.4,1,20.4,20.4,1,3,0,0,1,0,0,4,False,False,False,True,False,False,False,True,True,False,True,False,True,False,True,False,True,False,True,False,False,False,False,False,False,True,False,False,True,True,False,False,1,0.9991109,ChurnBinary,Contact customer proactively
1,24,40.65,933.3,1,38.8875,975.6,3,3,0,0,0,0,0,3,False,True,False,False,True,False,False,False,False,False,False,False,False,True,False,False,False,False,False,True,False,False,True,True,False,False,False,False,False,False,True,False,1,0.99880624,ChurnBinary,Contact customer proactively
1,65,110.35,7246.15,0,111.47923076923075,7172.75,8,1,0,1,0,1,1,2,True,False,False,True,False,True,True,False,False,True,False,False,False,True,False,True,False,True,False,True,False,True,True,False,True,False,False,True,False,False,False,True,0,0.00024948764,ChurnBinary,Contact customer proactively
0,23,64.9,1509.8,0,65.64347826086956,1492.7,4,2,0,0,0,0,0,2,True,False,False,True,False,False,False,False,False,False,False,False,False,False,False,False,False,True,False,True,True,False,True,False,False,False,False,False,False,False,True,False,0,0.00021739182,ChurnBinary,Contact customer proactively
0,49,66.15,3199.0,0,65.28571428571429,3241.3500000000004,5,1,0,0,0,1,0,1,True,False,False,True,False,True,False,False,False,False,False,False,False,False,False,True,False,True,False,False,False,True,True,False,False,False,False,True,False,False,True,False,0,0.00015802041,ChurnBinary,Contact customer proactively
1,42,55.65,2421.75,0,57.660714285714285,2337.3,4,3,0,1,0,1,0,4,False,False,False,True,False,True,False,False,False,False,False,False,False,True,False,False,False,False,False,False,False,False,False,False,True,False,True,False,False,False,True,False,0,0.00036549784,ChurnBinary,Contact customer proactively
0,8,20.85,161.65,0,20.20625,166.8,1,1,0,0,0,0,0,1,False,False,False,True,False,False,False,True,True,False,True,False,True,False,True,False,True,False,True,False,False,True,False,False,False,True,False,False,True,True,False,False,0,0.00015950973,ChurnBinary,Contact customer proactively
0,28,54.65,1517.5,0,54.19642857142857,1530.2,4,3,0,0,0,0,0,3,False,False,False,True,False,False,False,False,False,False,False,True,False,False,False,True,False,False,False,False,False,False,False,False,False,False,True,False,False,False,True,False,0,0.00025726092,ChurnBinary,Contact customer proactively
0,71,80.6,5708.2,0,80.39718309859154,5722.599999999999,8,1,0,0,0,1,0,1,True,False,False,True,False,True,False,False,False,True,False,True,False,True,False,True,False,False,False,True,False,True,False,False,False,False,False,True,False,False,False,False,0,0.00015802041,ChurnBinary,Contact customer proactively
0,69,99.45,7007.6,1,101.55942028985508,6862.05,6,3,0,0,0,1,1,3,True,True,True,True,False,True,True,False,False,False,False,False,False,True,False,False,False,True,False,True,False,False,True,True,False,False,False,True,False,False,False,True,1,0.99904746,ChurnBinary,Contact customer proactively
0,68,114.7,7849.85,0,115.43897058823528,7799.6,9,1,0,0,0,1,1,1,True,True,True,True,False,True,True,False,False,True,False,True,False,True,False,True,False,True,False,True,False,True,True,False,False,False,False,True,False,False,False,True,0,0.00023484231,ChurnBinary,Contact customer proactively
0,64,105.4,6794.75,0,106.16796875,6745.6,7,1,0,0,0,1,1,1,False,True,False,True,False,True,True,False,False,False,False,True,False,False,False,True,False,True,False,True,False,True,True,False,False,False,False,True,False,False,False,True,0,0.0002432579,ChurnBinary,Contact customer proactively
1,3,75.05,202.9,0,67.63333333333334,225.15,3,3,1,0,1,0,0,5,False,False,False,True,False,False,True,False,False,False,False,False,False,True,False,False,False,False,False,False,False,False,False,False,False,True,False,False,True,False,False,False,0,0.0006535455,ChurnBinary,Contact customer proactively
0,66,49.4,3251.85,0,49.27045454545454,3260.4,3,2,0,0,0,1,0,2,False,True,True,True,False,False,False,False,False,False,False,False,False,False,False,True,False,False,False,False,True,False,True,True,False,False,False,True,False,False,True,False,0,0.00017426015,ChurnBinary,Contact customer proactively
0,28,18.25,534.7,0,19.09642857142857,511.0,1,2,0,0,0,0,0,2,True,False,False,True,False,False,False,True,True,False,True,False,True,False,True,False,True,False,True,False,True,False,False,True,False,False,True,False,False,True,False,False,0,0.0001721428,ChurnBinary,Contact customer proactively
0,67,111.05,7321.05,0,109.26940298507463,7440.349999999999,8,1,0,1,0,1,1,2,True,True,False,True,False,False,True,False,False,True,False,True,False,True,False,True,False,True,False,True,False,True,True,False,True,False,False,True,False,False,False,True,0,0.00024343842,ChurnBinary,Contact customer proactively
0,46,19.6,851.2,0,18.50434782608696,901.6,1,3,0,1,0,1,0,4,True,True,False,True,False,False,False,True,True,False,True,False,True,False,True,False,True,False,True,False,False,False,False,False,True,False,True,False,False,True,False,False,0,0.00031035888,ChurnBinary,Contact customer proactively
0,55,96.75,5238.9,1,95.25272727272728,5321.25,6,3,0,1,0,1,1,4,True,True,False,True,False,True,True,False,False,True,False,True,False,False,False,False,False,True,False,False,False,False,True,False,True,False,False,True,False,False,False,True,1,0.99908686,ChurnBinary,Contact customer proactively
0,22,69.7,1490.4,0,67.74545454545455,1533.4,2,3,0,0,0,0,0,3,True,False,False,True,False,False,True,False,False,False,False,False,False,False,False,False,False,False,False,False,False,False,True,False,False,True,False,False,False,False,True,False,0,0.00043253723,ChurnBinary,Contact customer proactively
0,18,87.9,1500.5,0,83.36111111111111,1582.2,5,3,0,0,0,0,0,3,True,True,True,True,False,False,True,False,False,True,False,False,False,True,False,False,False,True,False,False,False,False,True,False,False,True,False,False,False,False,False,False,0,0.00043079603,ChurnBinary,Contact customer proactively
0,46,40.4,1842.7,0,40.05869565217392,1858.4,4,1,0,0,0,1,0,1,True,True,False,False,True,False,False,False,False,True,False,False,False,True,False,True,False,False,False,False,False,True,False,True,False,False,True,False,False,False,True,False,0,0.00015802041,ChurnBinary,Contact customer proactively
0,10,78.15,765.15,0,76.515,781.5,4,3,1,0,0,0,0,4,False,True,False,True,False,True,True,False,False,True,False,False,False,False,False,False,False,False,False,False,False,False,True,True,False,False,False,False,True,False,False,False,0,0.0006495982,ChurnBinary,Contact customer proactively
0,72,99.4,7285.7,0,101.19027777777778,7156.8,6,1,0,1,0,1,1,2,True,True,False,True,False,True,True,False,False,False,False,True,False,False,False,False,False,True,False,True,False,True,True,False,True,False,False,True,False,False,False,True,0,0.00020420334,ChurnBinary,Contact customer proactively
0,16,55.3,875.35,0,54.709375,884.8,4,3,0,1,0,0,0,4,True,False,False,True,False,True,False,False,False,False,False,True,False,False,False,False,False,False,False,False,False,False,False,False,True,False,False,False,False,False,True,False,0,0.0004072275,ChurnBinary,Contact customer proactively
1,3,77.0,237.75,1,79.25,231.0,3,3,1,1,1,0,0,6,True,False,False,True,False,True,True,False,False,False,False,False,False,False,False,False,False,False,False,False,False,False,True,False,True,False,False,False,True,False,False,False,1,0.9994789,ChurnBinary,Contact customer proactively
0,21,26.05,565.75,0,26.94047619047619,547.0500000000001,1,3,0,1,0,0,0,4,True,True,True,False,True,False,False,False,False,False,False,False,False,False,False,False,False,False,False,False,False,False,True,False,True,False,False,False,False,True,False,False,0,0.00045205338,ChurnBinary,Contact customer proactively
0,5,78.75,426.35,0,85.27000000000001,393.75,3,3,1,0,1,0,0,5,True,False,False,True,False,False,True,False,False,False,False,False,False,False,False,False,False,False,False,True,False,False,False,False,False,True,False,False,True,False,False,False,0,0.0006570165,ChurnBinary,Contact customer proactively
0,1,29.95,29.95,1,29.95,29.95,2,3,0,0,1,0,0,4,False,False,False,False,True,False,False,False,False,False,False,True,False,False,False,False,False,False,False,False,False,False,False,False,False,False,False,False,True,True,False,False,1,0.9992399,ChurnBinary,Contact customer proactively
0,1,45.4,45.4,1,45.4,45.4,2,3,0,0,1,0,0,4,False,False,False,True,False,False,False,False,False,False,False,False,False,False,False,False,False,False,False,False,False,False,True,False,False,True,False,False,True,False,True,False,1,0.9993037,ChurnBinary,Contact customer proactively
1,36,85.25,3132.75,1,87.02083333333333,3069.0,4,3,0,0,0,0,0,3,True,True,False,True,False,True,True,False,False,False,False,False,False,False,False,False,False,False,False,True,False,False,True,True,False,False,True,False,False,False,False,False,1,0.999124,ChurnBinary,Contact customer proactively
0,64,104.05,6605.55,0,103.21171875,6659.2,7,1,0,0,0,1,1,1,True,True,False,True,False,False,True,False,False,True,False,True,False,False,False,True,False,True,False,True,False,True,True,True,False,False,False,True,False,False,False,True,0,0.00022911883,ChurnBinary,Contact customer proactively
1,30,74.85,2181.75,0,72.725,2245.5,6,1,0,1,0,0,0,2,True,True,False,True,False,True,False,False,False,False,False,False,False,True,False,False,False,True,False,True,False,True,False,False,True,False,True,False,False,False,False,False,0,0.00018104812,ChurnBinary,Contact customer proactively
0,72,19.55,1463.45,0,20.325694444444444,1407.6,1,1,0,0,0,1,0,1,False,True,True,True,False,False,False,True,True,False,True,False,True,False,True,False,True,False,True,False,False,True,False,False,False,False,False,True,False,True,False,False,0,0.00015802041,ChurnBinary,Contact customer proactively
0,46,20.1,936.85,0,20.366304347826087,924.6,1,1,0,0,0,1,0,1,True,True,True,True,False,False,False,True,True,False,True,False,True,False,True,False,True,False,True,False,False,True,True,False,False,True,True,False,False,True,False,False,0,0.00015802041,ChurnBinary,Contact customer proactively
0,45,95.2,4285.8,0,95.24,4284.0,5,1,0,0,0,1,1,1,False,True,False,True,False,False,True,False,False,False,False,False,False,False,False,True,False,True,False,True,False,True,True,True,False,False,True,False,False,False,False,True,0,0.00021293627,ChurnBinary,Contact customer proactively
0,2,20.65,38.7,1,19.35,41.3,1,3,0,0,1,0,0,4,False,False,False,True,False,False,False,True,True,False,True,False,True,False,True,False,True,False,True,False,False,False,False,False,False,True,False,False,True,True,False,False,1,0.9988986,ChurnBinary,Contact customer proactively
0,34,55.0,1885.15,0,55.44558823529412,1870.0,4,2,0,0,0,0,0,2,False,False,False,True,False,False,False,False,False,True,False,True,False,False,False,False,False,False,False,False,True,False,False,False,False,True,True,False,False,False,True,False,0,0.00017926916,ChurnBinary,Contact customer proactively
0,54,106.55,5763.3,1,106.72777777777776,5753.7,7,2,0,0,0,1,1,2,False,True,False,True,False,True,True,False,False,True,False,True,False,False,False,False,False,True,False,True,True,False,False,False,False,False,False,True,False,False,False,True,1,0.99876094,ChurnBinary,Contact customer proactively
0,21,19.95,416.4,0,19.82857142857143,418.95,1,3,0,0,0,0,0,3,True,False,False,True,False,False,False,True,True,False,True,False,True,False,True,False,True,False,True,False,False,False,True,False,False,True,False,False,False,True,False,False,0,0.00024416577,ChurnBinary,Contact customer proactively
0,65,76.15,4929.55,0,75.83923076923077,4949.75,7,1,0,0,0,1,0,1,True,True,False,True,False,True,False,False,False,True,False,False,False,True,False,True,False,False,False,True,False,True,False,False,False,False,False,True,False,False,False,False,0,0.00015802041,ChurnBinary,Contact customer proactively
0,20,69.8,1540.35,0,77.0175,1396.0,2,3,0,0,0,0,0,3,False,True,False,True,False,False,True,False,False,False,False,False,False,False,False,False,False,False,False,False,False,False,True,False,False,False,False,False,False,False,True,False,0,0.00043457147,ChurnBinary,Contact customer proactively
0,1,79.5,79.5,1,79.5,79.5,3,3,1,1,1,0,0,6,True,False,False,True,False,False,True,False,False,False,False,False,False,False,False,False,False,True,False,False,False,False,True,False,True,False,False,False,True,False,False,False,1,0.999516,ChurnBinary,Contact customer proactively
0,42,69.4,3058.3,0,72.81666666666668,2914.8,6,3,0,0,0,1,0,3,True,True,True,True,False,True,False,False,False,True,False,True,False,False,False,False,False,True,False,False,False,False,True,False,False,False,True,False,False,False,True,False,0,0.0002560565,ChurnBinary,Contact customer proactively
0,1,19.4,19.4,1,19.4,19.4,1,3,0,0,1,0,0,4,True,False,False,True,False,False,False,True,True,False,True,False,True,False,True,False,True,False,True,False,False,False,False,False,False,True,False,False,True,True,False,False,1,0.99903,ChurnBinary,Contact customer proactively
0,20,96.55,1901.65,0,95.0825,1931.0,6,3,0,1,0,0,1,4,False,True,False,True,False,False,True,False,False,True,False,True,False,False,False,True,False,True,False,False,False,False,True,False,True,False,False,False,False,False,False,True,0,0.00059927936,ChurnBinary,Contact customer proactively
0,11,70.2,760.05,0,69.09545454545454,772.2,2,3,0,1,0,0,0,4,True,False,False,True,False,False,True,False,False,False,False,False,False,False,False,False,False,False,False,False,False,False,False,False,True,False,False,False,True,False,True,False,0,0.0005623823,ChurnBinary,Contact customer proactively
0,61,25.3,1554.9,0,25.49016393442623,1543.3,2,1,0,0,0,1,0,1,False,True,False,True,False,True,False,True,True,False,True,False,True,False,True,False,True,False,True,False,False,True,False,False,False,False,False,True,False,True,False,False,0,0.00015802041,ChurnBinary,Contact customer proactively
0,64,25.0,1584.8,0,24.7625,1600.0,2,1,0,0,0,1,0,1,False,True,False,True,False,True,False,True,True,False,True,False,True,False,True,False,True,False,True,False,False,True,False,True,False,False,False,True,False,True,False,False,0,0.00015802041,ChurnBinary,Contact customer proactively
1,25,88.4,2191.15,0,87.646,2210.0,5,3,0,0,0,0,0,3,False,True,False,True,False,False,True,False,False,False,False,True,False,True,False,False,False,False,False,True,False,False,False,False,False,False,True,False,False,False,False,False,0,0.00038575826,ChurnBinary,Contact customer proactively
0,44,50.15,2139.1,0,48.61590909090909,2206.6,3,3,0,0,0,1,0,3,False,False,False,True,False,True,False,False,False,False,False,False,False,False,False,False,False,False,False,False,False,False,True,False,False,True,True,False,False,False,True,False,0,0.00025726092,ChurnBinary,Contact customer proactively
0,5,69.95,330.15,1,66.03,349.75,2,3,0,1,1,0,0,5,False,True,False,True,False,False,True,False,False,False,False,False,False,False,False,False,False,False,False,False,False,False,False,False,True,False,False,False,True,False,True,False,1,0.99941146,ChurnBinary,Contact customer proactively
1,48,29.9,1388.75,0,28.932291666666668,1435.1999999999998,2,2,0,0,0,1,0,2,False,True,True,False,True,False,False,False,False,False,False,True,False,False,False,False,False,False,False,False,True,False,False,False,False,False,True,False,False,True,False,False,0,0.00017709112,ChurnBinary,Contact customer proactively
0,6,74.9,469.8,1,78.3,449.4,3,3,1,1,0,0,0,5,True,False,False,True,False,True,True,False,False,False,False,False,False,False,False,False,False,False,False,False,False,False,True,False,True,False,False,False,True,False,False,False,1,0.9994789,ChurnBinary,Contact customer proactively
0,4,50.05,179.35,1,44.8375,200.2,3,3,0,0,1,0,0,4,True,True,False,True,False,False,False,False,False,False,False,False,False,False,False,True,False,False,False,False,False,False,False,False,False,True,False,False,True,False,True,False,1,0.99917066,ChurnBinary,Contact customer proactively
0,72,19.95,1322.85,0,18.372916666666665,1436.4,1,1,0,0,0,1,0,1,True,True,True,True,False,False,False,True,True,False,True,False,True,False,True,False,True,False,True,False,False,True,False,False,False,False,False,True,False,True,False,False,0,0.00015802041,ChurnBinary,Contact customer proactively
0,54,89.4,4869.5,0,90.17592592592592,4827.6,5,3,0,0,0,1,0,3,True,False,False,True,False,True,True,False,False,False,False,False,False,True,False,False,False,False,False,True,False,False,False,True,False,False,False,True,False,False,False,False,0,0.00032961243,ChurnBinary,Contact customer proactively
0,66,67.45,4508.65,0,68.31287878787879,4451.7,6,3,0,0,0,1,0,3,False,True,True,True,False,True,False,False,False,True,False,True,False,True,False,False,False,False,False,False,False,False,True,False,False,False,False,True,False,False,True,False,0,0.00025726092,ChurnBinary,Contact customer proactively
0,3,49.9,130.1,1,43.36666666666667,149.7,3,3,0,0,1,0,0,4,True,False,False,True,False,False,False,False,False,False,False,True,False,False,False,False,False,False,False,False,False,False,True,False,False,True,False,False,True,False,True,False,1,0.9992442,ChurnBinary,Contact customer proactively
0,19,65.35,1231.85,0,64.83421052631579,1241.65,5,2,0,0,0,0,0,2,True,False,False,True,False,False,False,False,False,False,False,True,False,False,False,True,False,False,False,True,True,False,True,False,False,False,False,False,False,False,True,False,0,0.000225748,ChurnBinary,Contact customer proactively
0,61,81.0,4976.15,0,81.57622950819672,4941.0,7,1,0,0,0,1,0,1,True,True,True,True,False,True,False,False,False,False,False,False,False,True,False,True,False,True,False,True,False,True,True,False,False,False,False,True,False,False,False,False,0,0.00015802041,ChurnBinary,Contact customer proactively
0,54,89.8,4667.0,0,86.42592592592592,4849.2,5,3,0,0,0,1,0,3,True,False,False,True,False,False,True,False,False,True,False,False,False,True,False,False,False,True,False,False,False,False,False,False,False,True,False,True,False,False,False,False,0,0.00032250874,ChurnBinary,Contact customer proactively
0,1,49.95,49.95,0,49.95,49.95,3,3,0,1,1,0,0,5,False,False,False,True,False,False,False,False,False,False,False,True,False,False,False,False,False,False,False,False,False,False,False,False,True,False,False,False,True,False,True,False,0,0.0005328442,ChurnBinary,Contact customer proactively
1,19,79.85,1471.75,1,77.46052631578948,1517.15,4,3,0,1,0,0,0,4,True,False,False,True,False,True,True,False,False,False,False,False,False,True,False,False,False,False,False,False,False,False,True,False,True,False,False,False,False,False,False,False,1,0.9993943,ChurnBinary,Contact customer proactively
0,24,19.75,483.15,0,20.13125,474.0,1,1,0,0,0,0,0,1,True,True,False,True,False,False,False,True,True,False,True,False,True,False,True,False,True,False,True,False,False,True,False,False,False,True,False,False,False,True,False,False,0,0.00015802041,ChurnBinary,Contact customer proactively
1,33,105.35,3465.05,0,105.00151515151516,3476.55,7,3,0,0,0,0,1,3,False,False,True,True,False,True,True,False,False,False,False,True,False,True,False,False,False,True,False,True,False,False,True,False,False,False,True,False,False,False,False,True,0,0.00045905708,ChurnBinary,Contact customer proactively
0,31,83.85,2674.15,0,86.26290322580645,2599.35,4,3,0,0,0,0,0,3,False,True,False,True,False,False,True,False,False,False,False,True,False,False,False,False,False,False,False,True,False,False,True,False,False,False,True,False,False,False,False,False,0,0.0004551354,ChurnBinary,Contact customer proactively
0,59,44.3,2666.75,0,45.19915254237288,2613.7,3,3,0,1,0,1,0,4,True,True,False,False,True,False,False,False,False,False,False,False,False,False,False,False,False,True,False,True,False,False,True,False,True,False,False,True,False,False,True,False,0,0.0003847562,ChurnBinary,Contact customer proactively
1,20,91.0,1859.5,0,92.975,1820.0,4,2,0,0,0,0,1,2,False,True,False,True,False,False,True,False,False,False,False,False,False,False,False,False,False,True,False,True,True,False,True,False,False,False,False,False,False,False,False,True,0,0.00021316764,ChurnBinary,Contact customer proactively
1,60,99.0,6017.9,0,100.29833333333332,5940.0,6,3,0,1,0,1,1,4,True,True,False,True,False,True,True,False,False,False,False,False,False,False,False,True,False,True,False,True,False,False,True,False,True,False,False,True,False,False,False,True,0,0.0004840576,ChurnBinary,Contact customer proactively
0,18,80.55,1406.65,0,78.14722222222223,1449.9,4,3,0,0,0,0,0,3,True,False,True,True,False,True,True,False,False,False,False,False,False,True,False,False,False,False,False,False,False,False,True,True,False,False,False,False,False,False,False,False,0,0.0004326187,ChurnBinary,Contact customer proactively
0,19,60.6,1297.8,0,68.30526315789473,1151.4,5,3,0,1,0,0,0,4,False,False,True,True,False,False,False,False,False,True,False,True,False,True,False,False,False,False,False,False,False,False,True,False,True,False,False,False,False,False,True,False,0,0.00038418898,ChurnBinary,Contact customer proactively
0,24,19.7,452.55,0,18.85625,472.8,1,1,0,0,0,0,0,1,False,True,True,True,False,False,False,True,True,False,True,False,True,False,True,False,True,False,True,False,False,True,False,False,False,True,False,False,False,True,False,False,0,0.00015802041,ChurnBinary,Contact customer proactively
0,9,20.25,172.35,0,19.15,182.25,1,2,0,0,0,0,0,2,False,True,True,True,False,False,False,True,True,False,True,False,True,False,True,False,True,False,True,False,True,False,False,False,False,True,False,False,True,True,False,False,0,0.00017376519,ChurnBinary,Contact customer proactively
0,33,24.25,838.5,0,25.40909090909091,800.25,2,3,0,0,0,0,0,3,False,True,True,True,False,True,False,True,True,False,True,False,True,False,True,False,True,False,True,False,False,False,False,False,False,False,True,False,False,True,False,False,0,0.00023994433,ChurnBinary,Contact customer proactively
0,2,19.4,61.05,0,30.525,38.8,1,3,0,0,1,0,0,4,False,False,False,True,False,False,False,True,True,False,True,False,True,False,True,False,True,False,True,False,False,False,False,False,False,True,False,False,True,True,False,False,0,0.00032839915,ChurnBinary,Contact customer proactively
0,67,93.15,6368.2,0,95.04776119402985,6241.05,6,1,0,1,0,1,1,2,True,True,False,True,False,True,True,False,False,False,False,True,False,True,False,False,False,False,False,True,False,True,True,False,True,False,False,True,False,False,False,True,0,0.00018450253,ChurnBinary,Contact customer proactively
0,52,49.75,2535.55,0,48.760576923076925,2587.0,3,3,0,0,0,1,0,3,False,False,False,True,False,False,False,False,False,True,False,False,False,False,False,False,False,False,False,False,False,False,True,False,False,False,False,True,False,False,True,False,0,0.00025726092,ChurnBinary,Contact customer proactively
0,5,19.65,92.05,0,18.41,98.25,1,3,0,0,1,0,0,4,False,False,False,True,False,False,False,True,True,False,True,False,True,False,True,False,True,False,True,False,False,False,True,True,False,False,False,False,True,True,False,False,0,0.00034335125,ChurnBinary,Contact customer proactively
0,1,19.4,19.4,0,19.4,19.4,1,3,0,0,1,0,0,4,False,True,True,True,False,False,False,True,True,False,True,False,True,False,True,False,True,False,True,False,False,False,True,False,False,True,False,False,True,True,False,False,0,0.00041420694,ChurnBinary,Contact customer proactively
0,67,19.8,1311.3,0,19.571641791044776,1326.6,1,1,0,0,0,1,0,1,True,False,False,True,False,False,False,True,True,False,True,False,True,False,True,False,True,False,True,False,False,True,True,False,False,True,False,True,False,True,False,False,0,0.00015802041,ChurnBinary,Contact customer proactively
0,63,99.9,6137.0,1,97.41269841269842,6293.700000000001,6,2,0,0,0,1,1,2,False,False,False,True,False,True,True,False,False,False,False,True,False,False,False,False,False,True,False,True,True,False,False,False,False,False,False,True,False,False,False,True,1,0.9985763,ChurnBinary,Contact customer proactively
1,2,49.95,107.1,0,53.55,99.9,3,3,0,0,1,0,0,4,True,False,False,True,False,False,False,False,False,False,False,False,False,True,False,False,False,False,False,False,False,False,False,False,False,True,False,False,True,False,True,False,0,0.0004796327,ChurnBinary,Contact customer proactively
1,25,89.05,2177.45,1,87.098,2226.25,5,2,0,1,0,0,0,3,True,True,False,True,False,True,True,False,False,True,False,False,False,False,False,False,False,False,False,True,True,False,True,False,True,False,True,False,False,False,False,False,1,0.9989023,ChurnBinary,Contact customer proactively
0,19,19.95,373.5,0,19.657894736842103,379.05,1,1,0,0,0,0,0,1,True,False,False,True,False,False,False,True,True,False,True,False,True,False,True,False,True,False,True,False,False,True,True,False,False,True,False,False,False,True,False,False,0,0.00015950973,ChurnBinary,Contact customer proactively
0,62,56.15,3487.95,0,56.25725806451613,3481.3,4,2,0,0,0,1,0,2,True,False,True,True,False,False,False,False,False,True,False,True,False,False,False,False,False,False,False,False,True,False,False,False,False,False,False,True,False,False,True,False,0,0.00017738654,ChurnBinary,Contact customer proactively
1,23,34.65,768.45,0,33.4108695652174,796.9499999999999,2,3,0,0,0,0,0,3,True,False,False,False,True,False,False,False,False,False,False,False,False,False,False,False,False,False,False,True,False,False,True,False,False,False,False,False,False,True,False,False,0,0.00029412116,ChurnBinary,Contact customer proactively
0,70,64.95,4523.25,0,64.61785714285715,4546.5,6,1,0,0,0,1,0,1,True,True,False,True,False,False,False,False,False,True,False,True,False,True,False,True,False,False,False,False,False,True,False,True,False,False,False,True,False,False,True,False,0,0.00015802041,ChurnBinary,Contact customer proactively
0,29,94.2,2607.6,0,89.91724137931034,2731.8,5,3,0,1,0,0,1,4,True,False,False,True,False,False,True,False,False,False,False,False,False,False,False,True,False,True,False,True,False,False,True,False,True,False,True,False,False,False,False,True,0,0.00056269084,ChurnBinary,Contact customer proactively
0,32,78.9,2447.95,1,76.4984375,2524.8,4,3,0,1,0,0,0,4,True,True,False,True,False,True,True,False,False,False,False,False,False,True,False,False,False,False,False,False,False,False,True,False,True,False,True,False,False,False,False,False,1,0.99935,ChurnBinary,Contact customer proactively
0,31,65.25,1994.3,1,64.33225806451613,2022.75,6,3,0,0,0,0,0,3,False,False,False,True,False,True,False,False,False,True,False,False,False,True,False,True,False,False,False,False,False,False,False,True,False,False,True,False,False,False,True,False,1,0.9985489,ChurnBinary,Contact customer proactively
0,59,95.8,5655.45,0,95.85508474576272,5652.2,5,1,0,1,0,1,1,2,False,False,False,True,False,False,True,False,False,False,False,False,False,True,False,False,False,True,False,True,False,True,False,False,True,False,False,True,False,False,False,True,0,0.0002326247,ChurnBinary,Contact customer proactively
0,32,64.85,2010.95,0,62.8421875,2075.2,4,2,0,0,0,0,0,2,True,False,False,True,False,False,False,False,False,False,False,False,False,False,False,False,False,True,False,True,True,False,True,False,False,False,True,False,False,False,True,False,0,0.00021739182,ChurnBinary,Contact customer proactively
0,17,49.8,836.35,0,49.19705882352941,846.5999999999999,4,3,0,0,0,0,0,3,True,True,False,False,True,False,False,False,False,False,False,True,False,False,False,False,False,True,False,True,False,False,True,False,False,True,False,False,False,False,True,False,0,0.00031683146,ChurnBinary,Contact customer proactively
0,26,20.9,518.3,0,19.934615384615384,543.4,1,3,0,0,0,0,0,3,True,False,False,True,False,False,False,True,True,False,True,False,True,False,True,False,True,False,True,False,False,False,False,False,False,True,True,False,False,True,False,False,0,0.00023882095,ChurnBinary,Contact customer proactively
0,12,94.55,1173.55,0,97.79583333333332,1134.6,5,3,0,1,0,0,1,4,True,False,False,True,False,True,True,False,False,False,False,False,False,False,False,False,False,True,False,True,False,False,False,False,True,False,False,False,True,False,False,True,0,0.0006047218,ChurnBinary,Contact customer proactively
0,61,98.45,6145.2,0,100.74098360655738,6005.45,6,2,0,0,0,1,1,2,True,True,True,True,False,False,True,False,False,False,False,True,False,False,False,True,False,True,False,True,True,False,True,False,False,False,False,True,False,False,False,True,0,0.0002401004,ChurnBinary,Contact customer proactively
0,71,19.6,1416.5,0,19.950704225352112,1391.6,1,1,0,0,0,1,0,1,False,True,False,True,False,False,False,True,True,False,True,False,True,False,True,False,True,False,True,False,False,True,False,False,False,True,False,True,False,True,False,False,0,0.00015802041,ChurnBinary,Contact customer proactively
0,9,20.45,147.55,0,16.394444444444446,184.05,1,3,0,0,0,0,0,3,False,False,False,True,False,False,False,True,True,False,True,False,True,False,True,False,True,False,True,False,False,False,True,True,False,False,False,False,True,True,False,False,0,0.00026175298,ChurnBinary,Contact customer proactively
1,24,104.25,2433.9,1,101.4125,2502.0,7,3,0,1,0,0,1,4,True,True,False,True,False,True,True,False,False,False,False,True,False,True,False,False,False,True,False,True,False,False,True,False,True,False,False,False,False,False,False,True,1,0.9993954,ChurnBinary,Contact customer proactively
1,7,89.15,574.35,0,82.05,624.0500000000001,4,3,1,1,0,0,0,5,False,False,False,True,False,False,True,False,False,False,False,False,False,False,False,False,False,True,False,True,False,False,True,False,True,False,False,False,True,False,False,False,0,0.00072613836,ChurnBinary,Contact customer proactively
0,41,111.15,4507.15,0,109.93048780487804,4557.150000000001,8,1,0,1,0,1,1,2,True,False,True,True,False,False,True,False,False,True,False,True,False,True,False,True,False,True,False,True,False,True,True,False,True,False,True,False,False,False,False,True,0,0.00026500938,ChurnBinary,Contact customer proactively
0,20,90.2,1776.55,1,88.8275,1804.0,4,3,0,1,0,0,1,4,True,True,True,True,False,False,True,False,False,False,False,False,False,False,False,False,False,True,False,True,False,False,True,False,True,False,False,False,False,False,False,True,1,0.99935716,ChurnBinary,Contact customer proactively
0,33,91.25,2964.05,0,89.81969696969698,3011.25,4,3,0,1,0,0,1,4,True,True,False,True,False,False,True,False,False,False,False,False,False,False,False,False,False,True,False,True,False,False,False,False,True,False,True,False,False,False,False,True,0,0.00046366733,ChurnBinary,Contact customer proactively
0,56,81.8,4534.45,0,80.97232142857142,4580.8,7,1,0,0,0,1,0,1,True,False,False,True,False,False,False,False,False,False,False,True,False,True,False,True,False,True,False,True,False,True,True,True,False,False,False,True,False,False,False,False,0,0.00015802041,ChurnBinary,Contact customer proactively
0,1,74.5,74.5,1,74.5,74.5,3,3,1,1,1,0,0,6,True,True,True,True,False,True,True,False,False,False,False,False,False,False,False,False,False,False,False,False,False,False,True,False,True,False,False,False,True,False,False,False,1,0.999516,ChurnBinary,Contact customer proactively
0,4,76.05,318.9,1,79.725,304.2,3,3,1,1,1,0,0,6,True,False,False,True,False,True,True,False,False,False,False,False,False,False,False,False,False,False,False,False,False,False,True,False,True,False,False,False,True,False,False,False,1,0.9994789,ChurnBinary,Contact customer proactively
0,54,111.1,6014.85,1,111.38611111111112,5999.4,8,3,0,1,0,1,1,4,False,False,False,True,False,True,True,False,False,False,False,True,False,True,False,True,False,True,False,True,False,False,False,False,True,False,False,True,False,False,False,True,1,0.99918383,ChurnBinary,Contact customer proactively
0,8,68.55,564.35,0,70.54375,548.4,5,3,0,1,0,0,0,4,False,True,True,True,False,False,False,False,False,False,False,False,False,False,False,True,False,True,False,True,False,False,True,False,True,False,False,False,True,False,True,False,0,0.00042860844,ChurnBinary,Contact customer proactively
0,58,45.0,2689.35,0,46.36810344827586,2610.0,3,2,0,0,0,1,0,2,True,True,False,False,True,False,False,False,False,False,False,False,False,False,False,False,False,True,False,True,True,False,True,True,False,False,False,True,False,False,True,False,0,0.00021739182,ChurnBinary,Contact customer proactively
0,34,100.85,3527.3,0,103.74411764705884,3428.9,6,3,0,1,0,0,1,4,True,True,False,True,False,True,True,False,False,False,False,False,False,True,False,False,False,True,False,True,False,False,False,False,True,False,True,False,False,False,False,True,0,0.0004916574,ChurnBinary,Contact customer proactively
1,2,30.4,78.65,1,39.325,60.8,2,3,0,1,1,0,0,5,False,False,False,False,True,False,False,False,False,False,False,False,False,True,False,False,False,False,False,False,False,False,True,False,True,False,False,False,True,True,False,False,1,0.99934894,ChurnBinary,Contact customer proactively
0,25,95.9,2448.75,1,97.95,2397.5,5,3,0,1,0,0,1,4,True,False,True,True,False,False,True,False,False,False,False,True,False,False,False,False,False,True,False,True,False,False,True,False,True,False,True,False,False,False,False,True,1,0.99937797,ChurnBinary,Contact customer proactively
0,68,89.95,5974.3,0,87.85735294117647,6116.6,5,1,0,0,0,1,1,1,False,True,False,True,False,True,True,False,False,False,False,False,False,True,False,False,False,True,False,False,False,True,True,False,False,False,False,True,False,False,False,True,0,0.00016103535,ChurnBinary,Contact customer proactively
0,71,105.15,7555.0,0,106.40845070422536,7465.650000000001,7,1,0,0,0,1,1,1,False,True,False,True,False,True,True,False,False,False,False,True,False,True,False,False,False,True,False,True,False,True,True,False,False,False,False,True,False,False,False,True,0,0.00023484231,ChurnBinary,Contact customer proactively
0,1,59.2,59.2,1,59.2,59.2,4,3,0,1,1,0,0,5,False,False,True,True,False,False,False,False,False,False,False,False,False,True,False,False,False,False,False,True,False,False,False,False,True,False,False,False,True,False,True,False,1,0.9991967,ChurnBinary,Contact customer proactively
0,13,98.15,1230.25,1,94.6346153846154,1275.95,6,3,0,0,0,0,1,3,True,False,False,True,False,True,True,False,False,True,False,False,False,False,False,False,False,True,False,True,False,False,False,False,False,True,False,False,False,False,False,True,1,0.9990736,ChurnBinary,Contact customer proactively
0,5,84.5,453.75,1,90.75,422.5,5,3,1,1,1,0,0,6,True,True,True,True,False,True,True,False,False,True,False,False,False,True,False,False,False,False,False,False,False,False,True,False,True,False,False,False,True,False,False,False,1,0.99945074,ChurnBinary,Contact customer proactively
0,22,20.85,450.65,0,20.48409090909091,458.7000000000001,1,2,0,0,0,0,0,2,False,False,False,True,False,False,False,True,True,False,True,False,True,False,True,False,True,False,True,False,True,False,False,False,False,False,False,False,False,True,False,False,0,0.00017376519,ChurnBinary,Contact customer proactively
0,10,26.1,225.55,0,22.555,261.0,2,1,0,0,0,0,0,1,False,True,True,True,False,True,False,True,True,False,True,False,True,False,True,False,True,False,True,False,False,True,False,True,False,False,False,False,True,True,False,False,0,0.00015950973,ChurnBinary,Contact customer proactively
1,55,74.0,4052.4,0,73.68,4070.0,3,3,0,1,0,1,0,4,True,True,False,True,False,True,True,False,False,False,False,False,False,False,False,False,False,False,False,False,False,False,True,False,True,False,False,True,False,False,False,False,0,0.0004804495,ChurnBinary,Contact customer proactively
0,27,20.55,583.3,0,21.6037037037037,554.85,1,2,0,0,0,0,0,2,False,True,True,True,False,False,False,True,True,False,True,False,True,False,True,False,True,False,True,False,True,False,True,False,False,True,True,False,False,True,False,False,0,0.0001721428,ChurnBinary,Contact customer proactively
0,10,18.85,163.2,0,16.32,188.5,1,3,0,0,0,0,0,3,False,False,False,True,False,False,False,True,True,False,True,False,True,False,True,False,True,False,True,False,False,False,False,False,False,True,False,False,True,True,False,False,0,0.00025833896,ChurnBinary,Contact customer proactively
0,23,20.85,473.9,0,20.604347826086958,479.55,1,3,0,1,0,0,0,4,True,False,False,True,False,False,False,True,True,False,True,False,True,False,True,False,True,False,True,False,False,False,False,False,True,False,False,False,False,True,False,False,0,0.00030427516,ChurnBinary,Contact customer proactively
0,70,84.1,5979.7,0,85.42428571428572,5887.0,8,1,0,1,0,1,0,2,True,True,True,True,False,True,False,False,False,False,False,True,False,True,False,True,False,True,False,True,False,True,True,False,True,False,False,True,False,False,False,False,0,0.00018505186,ChurnBinary,Contact customer proactively
0,5,46.0,221.7,1,44.34,230.0,2,3,0,0,1,0,0,4,False,False,True,True,False,False,False,False,False,False,False,False,False,False,False,False,False,False,False,False,False,False,False,False,False,True,False,False,True,False,True,False,1,0.9991535,ChurnBinary,Contact customer proactively
0,24,19.55,470.2,0,19.591666666666665,469.2000000000001,1,1,0,0,0,0,0,1,False,False,False,True,False,False,False,True,True,False,True,False,True,False,True,False,True,False,True,False,False,True,True,False,False,False,False,False,False,True,False,False,0,0.00015802041,ChurnBinary,Contact customer proactively
0,8,20.2,140.95,0,17.61875,161.6,1,2,0,0,0,0,0,2,False,False,False,True,False,False,False,True,True,False,True,False,True,False,True,False,True,False,True,False,True,False,True,False,False,False,False,False,True,True,False,False,0,0.00017376519,ChurnBinary,Contact customer proactively
0,19,88.8,1672.35,0,88.01842105263158,1687.2,6,3,0,0,0,0,0,3,True,True,False,True,False,True,True,False,False,True,False,True,False,False,False,True,False,False,False,False,False,False,True,True,False,False,False,False,False,False,False,False,0,0.0004464049,ChurnBinary,Contact customer proactively
1,43,100.55,4304.0,0,100.09302325581396,4323.65,6,2,0,0,0,1,1,2,True,True,False,True,False,False,True,False,False,False,False,True,False,True,False,False,False,True,False,True,True,False,True,False,False,False,True,False,False,False,False,True,0,0.00026599027,ChurnBinary,Contact customer proactively
1,67,101.4,6841.05,0,102.10522388059702,6793.8,6,3,0,0,0,1,1,3,True,False,False,True,False,True,True,False,False,False,False,False,False,True,False,False,False,True,False,True,False,False,True,True,False,False,False,True,False,False,False,True,0,0.00039721103,ChurnBinary,Contact customer proactively
0,4,55.3,238.5,0,59.625,221.2,3,3,0,0,1,0,0,4,True,False,False,True,False,False,False,False,False,False,False,False,False,False,False,False,False,False,False,True,False,False,True,False,False,True,False,False,True,False,True,False,0,0.0004596874,ChurnBinary,Contact customer proactively
0,59,113.75,6561.25,0,111.20762711864408,6711.25,9,1,0,1,0,1,1,2,True,True,False,True,False,True,True,False,False,True,False,True,False,True,False,True,False,True,False,True,False,True,False,False,True,False,False,True,False,False,False,True,0,0.00025371165,ChurnBinary,Contact customer proactively
0,72,25.4,1710.9,0,23.762500000000003,1828.8,2,1,0,0,0,1,0,1,True,True,False,True,False,True,False,True,True,False,True,False,True,False,True,False,True,False,True,False,False,True,False,False,False,True,False,True,False,True,False,False,0,0.00015802041,ChurnBinary,Contact customer proactively
0,19,20.0,377.55,0,19.871052631578948,380.0,1,3,0,1,0,0,0,4,True,False,True,True,False,False,False,True,True,False,True,False,True,False,True,False,True,False,True,False,False,False,True,False,True,False,False,False,False,True,False,False,0,0.00033331214,ChurnBinary,Contact customer proactively
0,1,73.5,73.5,1,73.5,73.5,3,3,1,0,1,0,0,5,False,False,False,True,False,False,True,False,False,False,False,False,False,True,False,False,False,False,False,False,False,False,False,False,False,False,False,False,True,False,False,False,1,0.9994729,ChurnBinary,Contact customer proactively
0,30,51.2,1561.5,1,52.05,1536.0,4,3,0,0,0,0,0,3,False,True,True,False,True,False,False,False,False,False,False,False,False,False,False,True,False,True,False,True,False,False,False,True,False,False,True,False,False,False,True,False,1,0.9988176,ChurnBinary,Contact customer proactively
0,2,74.4,139.4,1,69.7,148.8,3,3,1,1,1,0,0,6,False,True,False,True,False,False,True,False,False,True,False,False,False,False,False,False,False,False,False,False,False,False,True,False,True,False,False,False,True,False,False,False,1,0.9994173,ChurnBinary,Contact customer proactively
0,60,65.85,3928.3,0,65.47166666666666,3951.0,6,2,0,0,0,1,0,2,True,True,True,True,False,False,False,False,False,True,False,True,False,True,False,True,False,False,False,False,True,False,True,False,False,False,False,True,False,False,True,False,0,0.00017738654,ChurnBinary,Contact customer proactively
0,44,111.5,4915.15,0,111.70795454545454,4906.0,8,3,0,1,0,1,1,4,True,False,False,True,False,True,True,False,False,True,False,True,False,True,False,False,False,True,False,True,False,False,True,False,True,False,True,False,False,False,False,True,0,0.00045125256,ChurnBinary,Contact customer proactively
0,1,48.6,48.6,0,48.6,48.6,3,3,0,1,1,0,0,5,False,False,False,True,False,False,False,False,False,False,False,True,False,False,False,False,False,False,False,False,False,False,True,False,True,False,False,False,True,False,True,False,0,0.0006084907,ChurnBinary,Contact customer proactively
0,3,29.9,92.25,0,30.75,89.69999999999999,2,3,0,1,1,0,0,5,True,True,False,False,True,False,False,False,False,False,False,False,False,False,False,True,False,False,False,False,False,False,True,False,True,False,False,False,True,True,False,False,0,0.00054675154,ChurnBinary,Contact customer proactively
1,71,24.85,1901.0,0,26.774647887323944,1764.35,2,1,0,0,0,1,0,1,True,True,False,True,False,True,False,True,True,False,True,False,True,False,True,False,True,False,True,False,False,True,False,False,False,False,False,True,False,True,False,False,0,0.00015802041,ChurnBinary,Contact customer proactively
0,2,49.2,103.7,0,51.85,98.4,3,3,0,0,1,0,0,4,False,False,False,True,False,False,False,False,False,False,False,True,False,False,False,False,False,False,False,False,False,False,False,False,False,True,False,False,True,False,True,False,0,0.0004871487,ChurnBinary,Contact customer proactively
0,1,25.85,25.85,0,25.85,25.85,1,2,0,0,1,0,0,3,False,False,False,False,True,False,False,False,False,False,False,False,False,False,False,False,False,False,False,False,True,False,False,False,False,True,False,False,True,True,False,False,0,0.00024078379,ChurnBinary,Contact customer proactively
0,72,115.5,8425.15,0,117.01597222222222,8316.0,9,1,0,1,0,1,1,2,False,True,True,True,False,True,True,False,False,True,False,True,False,True,False,True,False,True,False,True,False,True,True,False,True,False,False,True,False,False,False,True,0,0.00021189748,ChurnBinary,Contact customer proactively
0,6,85.95,514.6,0,85.76666666666667,515.7,4,3,1,0,0,0,0,4,False,False,False,True,False,False,True,False,False,False,False,True,False,False,False,False,False,False,False,True,False,False,True,False,False,True,False,False,True,False,False,False,0,0.00070010836,ChurnBinary,Contact customer proactively
0,1,85.55,85.55,1,85.55,85.55,4,3,1,0,1,0,0,5,False,False,False,True,False,False,True,False,False,False,False,False,False,True,False,False,False,True,False,False,False,False,True,True,False,False,False,False,True,False,False,False,1,0.99950564,ChurnBinary,Contact customer proactively
1,20,89.95,1648.45,0,82.4225,1799.0,4,3,0,1,0,0,1,4,True,False,False,True,False,False,True,False,False,False,False,False,False,False,False,False,False,True,False,True,False,False,False,False,True,False,False,False,False,False,False,True,0,0.0005400095,ChurnBinary,Contact customer proactively
0,1,88.35,88.35,1,88.35,88.35,4,3,1,1,1,0,0,6,True,False,False,True,False,False,True,False,False,False,False,False,False,False,False,False,False,True,False,True,False,False,True,False,True,False,False,False,True,False,False,False,1,0.999516,ChurnBinary,Contact customer proactively
0,12,20.05,265.45,0,22.120833333333334,240.6,1,3,0,0,0,0,0,3,True,False,False,True,False,False,False,True,True,False,True,False,True,False,True,False,True,False,True,False,False,False,False,True,False,False,False,False,True,True,False,False,0,0.0002605275,ChurnBinary,Contact customer proactively
0,9,24.95,190.25,0,21.13888888888889,224.55,1,3,0,1,0,0,0,4,True,False,False,False,True,False,False,False,False,False,False,False,False,False,False,False,False,False,False,False,False,False,True,False,True,False,False,False,True,True,False,False,0,0.0004640956,ChurnBinary,Contact customer proactively
0,12,20.1,223.6,0,18.633333333333333,241.2,1,3,0,0,0,0,0,3,False,False,False,True,False,False,False,True,True,False,True,False,True,False,True,False,True,False,True,False,False,False,False,False,False,True,False,False,True,True,False,False,0,0.00025833896,ChurnBinary,Contact customer proactively
0,1,49.9,49.9,0,49.9,49.9,3,3,0,1,1,0,0,5,False,False,False,True,False,False,False,False,False,False,False,False,False,False,False,True,False,False,False,False,False,False,True,False,True,False,False,False,True,False,True,False,0,0.0005587502,ChurnBinary,Contact customer proactively
0,17,19.65,351.55,0,20.679411764705883,334.04999999999995,1,2,0,0,0,0,0,2,True,False,False,True,False,False,False,True,True,False,True,False,True,False,True,False,True,False,True,False,True,False,True,False,False,False,False,False,False,True,False,False,0,0.00017376519,ChurnBinary,Contact customer proactively
0,12,79.55,958.25,0,79.85416666666667,954.6,4,3,0,0,0,0,0,3,False,False,False,True,False,True,True,False,False,False,False,False,False,False,False,True,False,False,False,False,False,False,True,True,False,False,False,False,True,False,False,False,0,0.0004521441,ChurnBinary,Contact customer proactively
0,12,106.7,1253.9,1,104.49166666666667,1280.4,7,3,0,1,0,0,1,4,True,False,False,True,False,True,True,False,False,False,False,True,False,True,False,False,False,True,False,True,False,False,True,False,True,False,False,False,True,False,False,True,1,0.9994498,ChurnBinary,Contact customer proactively
0,15,55.7,899.8,1,59.986666666666665,835.5,4,3,0,0,0,0,0,3,False,False,False,True,False,True,False,False,False,True,False,False,False,False,False,False,False,False,False,False,False,False,True,False,False,True,False,False,False,False,True,False,1,0.9986965,ChurnBinary,Contact customer proactively
0,71,99.0,6994.6,0,98.51549295774647,7029.0,7,1,0,1,0,1,1,2,True,True,False,True,False,True,True,False,False,True,False,True,False,True,False,False,False,True,False,False,False,True,True,False,True,False,False,True,False,False,False,True,0,0.00019931326,ChurnBinary,Contact customer proactively
0,30,85.0,2624.25,1,87.475,2550.0,4,3,0,1,0,0,0,4,False,True,False,True,False,True,True,False,False,False,False,False,False,False,False,False,False,False,False,True,False,False,True,False,True,False,True,False,False,False,False,False,1,0.99935,ChurnBinary,Contact customer proactively
0,33,20.15,682.15,0,20.67121212121212,664.9499999999999,1,2,0,0,0,0,0,2,True,False,True,True,False,False,False,True,True,False,True,False,True,False,True,False,True,False,True,False,True,False,True,False,False,True,True,False,False,True,False,False,0,0.0001721428,ChurnBinary,Contact customer proactively
0,1,19.9,19.9,0,19.9,19.9,1,3,0,0,1,0,0,4,False,False,False,True,False,False,False,True,True,False,True,False,True,False,True,False,True,False,True,False,False,False,False,False,False,True,False,False,True,True,False,False,0,0.00043073384,ChurnBinary,Contact customer proactively
0,62,70.45,4300.45,0,69.36209677419355,4367.900000000001,5,3,0,0,0,1,0,3,False,True,True,True,False,True,False,False,False,False,False,False,False,False,False,False,False,True,False,True,False,False,True,True,False,False,False,True,False,False,False,False,0,0.00024682752,ChurnBinary,Contact customer proactively
0,72,116.8,8456.75,0,117.45486111111111,8409.6,9,1,0,0,0,1,1,1,False,True,True,True,False,True,True,False,False,True,False,True,False,True,False,True,False,True,False,True,False,True,True,True,False,False,False,True,False,False,False,True,0,0.0002075767,ChurnBinary,Contact customer proactively
0,30,66.3,1923.5,0,64.11666666666666,1989.0,5,3,0,0,0,0,0,3,False,True,True,True,False,False,False,False,False,True,False,False,False,False,False,True,False,False,False,True,False,False,False,False,False,False,True,False,False,False,True,False,0,0.0002579474,ChurnBinary,Contact customer proactively
0,3,20.55,57.4,0,19.133333333333333,61.650000000000006,1,2,0,0,1,0,0,3,False,False,True,True,False,False,False,True,True,False,True,False,True,False,True,False,True,False,True,False,True,False,True,True,False,False,False,False,True,True,False,False,0,0.00021456403,ChurnBinary,Contact customer proactively
0,28,90.45,2509.25,0,89.61607142857143,2532.6,5,2,0,1,0,0,1,3,False,True,True,True,False,True,True,False,False,False,False,False,False,False,False,True,False,False,False,True,True,False,True,False,True,False,True,False,False,False,False,True,0,0.00033020813,ChurnBinary,Contact customer proactively
0,30,94.3,2679.7,0,89.32333333333332,2829.0,6,3,0,0,0,0,1,3,True,False,False,True,False,True,True,False,False,True,False,True,False,False,False,False,False,False,False,True,False,False,True,True,False,False,True,False,False,False,False,True,0,0.00046591894,ChurnBinary,Contact customer proactively
0,12,19.0,233.55,1,19.4625,228.0,1,3,0,0,0,0,0,3,False,True,True,True,False,False,False,True,True,False,True,False,True,False,True,False,True,False,True,False,False,False,False,False,False,True,False,False,True,True,False,False,1,0.998536,ChurnBinary,Contact customer proactively
0,51,24.6,1266.4,0,24.83137254901961,1254.6,2,2,0,0,0,1,0,2,True,False,False,True,False,True,False,True,True,False,True,False,True,False,True,False,True,False,True,False,True,False,True,False,False,False,False,True,False,True,False,False,0,0.0001721428,ChurnBinary,Contact customer proactively
0,15,45.9,693.45,0,46.23,688.5,5,2,0,0,0,0,0,2,False,False,False,False,True,False,False,False,False,True,False,True,False,True,False,True,False,False,False,False,True,False,False,False,False,True,False,False,False,False,True,False,0,0.00018504074,ChurnBinary,Contact customer proactively
0,72,25.1,1790.8,0,24.87222222222222,1807.2,2,1,0,0,0,1,0,1,True,True,True,True,False,True,False,True,True,False,True,False,True,False,True,False,True,False,True,False,False,True,True,True,False,False,False,True,False,True,False,False,0,0.00015802041,ChurnBinary,Contact customer proactively
0,32,108.15,3432.9,1,107.278125,3460.8,8,3,0,0,0,0,1,3,True,False,False,True,False,True,True,False,False,True,False,True,False,False,False,True,False,True,False,True,False,False,True,True,False,False,True,False,False,False,False,True,1,0.9991418,ChurnBinary,Contact customer proactively
1,6,74.1,450.9,0,75.14999999999999,444.6,3,3,1,1,0,0,0,5,False,False,False,True,False,False,True,False,False,True,False,False,False,False,False,False,False,False,False,False,False,False,True,False,True,False,False,False,True,False,False,False,0,0.0006493655,ChurnBinary,Contact customer proactively
0,63,70.8,4448.8,0,70.61587301587302,4460.4,6,2,0,0,0,1,0,2,True,True,False,True,False,False,False,False,False,True,False,True,False,False,False,True,False,True,False,False,True,False,False,True,False,False,False,True,False,False,False,False,0,0.00017738654,ChurnBinary,Contact customer proactively
1,11,95.15,997.65,1,90.69545454545454,1046.65,5,3,1,0,0,0,1,4,False,False,False,True,False,True,True,False,False,False,False,False,False,False,False,False,False,True,False,True,False,False,True,False,False,False,False,False,True,False,False,True,1,0.99946505,ChurnBinary,Contact customer proactively
0,19,61.55,1093.2,0,57.53684210526316,1169.45,4,3,0,0,0,0,0,3,True,False,False,True,False,False,False,False,False,False,False,False,False,False,False,True,False,True,False,False,False,False,True,True,False,False,False,False,False,False,True,False,0,0.00027637256,ChurnBinary,Contact customer proactively
0,64,73.05,4688.65,0,73.26015625,4675.2,6,2,0,0,0,1,0,2,True,True,True,True,False,False,False,False,False,True,False,False,False,True,False,False,False,True,False,True,True,False,True,True,False,False,False,True,False,False,False,False,0,0.00021179185,ChurnBinary,Contact customer proactively
0,7,69.45,477.05,0,68.15,486.15,6,2,0,1,0,0,0,3,False,True,True,True,False,False,False,False,False,True,False,True,False,True,False,False,False,True,False,False,True,False,False,False,True,False,False,False,True,False,True,False,0,0.00025171496,ChurnBinary,Contact customer proactively
1,4,20.05,91.45,0,22.8625,80.2,1,3,0,0,1,0,0,4,False,False,False,True,False,False,False,True,True,False,True,False,True,False,True,False,True,False,True,False,False,False,False,False,False,True,False,False,True,True,False,False,0,0.00031391918,ChurnBinary,Contact customer proactively
0,7,19.95,147.5,0,21.071428571428573,139.65,1,3,0,0,0,0,0,3,True,False,False,True,False,False,False,True,True,False,True,False,True,False,True,False,True,False,True,False,False,False,True,False,False,True,False,False,True,True,False,False,0,0.00025712946,ChurnBinary,Contact customer proactively
0,4,90.4,356.65,0,89.1625,361.6,5,3,1,1,1,0,1,6,True,False,False,True,False,False,True,False,False,False,False,False,False,True,False,True,False,False,False,True,False,False,True,False,True,False,False,False,True,False,False,True,0,0.00072800077,ChurnBinary,Contact customer proactively
0,3,74.55,233.65,0,77.88333333333334,223.65,3,3,1,1,1,0,0,6,False,False,False,True,False,False,True,False,False,True,False,False,False,False,False,False,False,False,False,False,False,False,True,False,True,False,False,False,True,False,False,False,0,0.0006493655,ChurnBinary,Contact customer proactively
1,65,53.5,3517.9,0,54.121538461538464,3477.5,5,1,0,0,0,1,0,1,False,False,False,False,True,False,False,False,False,False,False,True,False,True,False,False,False,True,False,True,False,True,True,False,False,False,False,True,False,False,True,False,0,0.00015802041,ChurnBinary,Contact customer proactively
0,42,63.7,2763.35,0,65.79404761904762,2675.4,5,2,0,0,0,1,0,2,True,True,True,True,False,False,False,False,False,True,False,False,False,False,False,True,False,False,False,True,True,False,False,True,False,False,True,False,False,False,True,False,0,0.00021175951,ChurnBinary,Contact customer proactively
0,26,75.0,1908.35,0,73.39807692307691,1950.0,6,2,0,0,0,0,0,2,True,False,False,True,False,False,False,False,False,True,False,False,False,False,False,True,False,True,False,True,True,False,False,False,False,False,True,False,False,False,False,False,0,0.00020734109,ChurnBinary,Contact customer proactively
0,48,25.05,1171.5,0,24.40625,1202.4,2,2,0,0,0,1,0,2,False,False,False,True,False,True,False,True,True,False,True,False,True,False,True,False,True,False,True,False,True,False,False,True,False,False,True,False,False,True,False,False,0,0.0001721428,ChurnBinary,Contact customer proactively
0,69,99.35,6856.45,0,99.36884057971014,6855.15,6,1,0,1,0,1,1,2,True,True,True,True,False,True,True,False,False,False,False,False,False,False,False,True,False,True,False,True,False,True,True,False,True,False,False,True,False,False,False,True,0,0.00021652608,ChurnBinary,Contact customer proactively
0,17,44.45,792.15,0,46.59705882352941,755.6500000000001,4,2,0,0,0,0,0,2,True,True,True,False,True,False,False,False,False,True,False,False,False,True,False,False,False,True,False,False,True,False,False,True,False,False,False,False,False,False,True,False,0,0.00017987049,ChurnBinary,Contact customer proactively
0,1,21.0,21.0,1,21.0,21.0,1,3,0,1,1,0,0,5,False,True,True,True,False,False,False,True,True,False,True,False,True,False,True,False,True,False,True,False,False,False,True,False,True,False,False,False,True,True,False,False,1,0.9991412,ChurnBinary,Contact customer proactively
0,4,76.65,333.6,1,83.4,306.6,3,3,1,0,1,0,0,5,False,False,False,True,False,False,True,False,False,False,False,True,False,False,False,False,False,False,False,False,False,False,True,False,False,False,False,False,True,False,False,False,1,0.9994789,ChurnBinary,Contact customer proactively
1,34,96.35,3190.25,0,93.83088235294116,3275.9,6,3,0,1,0,0,1,4,False,False,False,True,False,True,True,False,False,False,False,True,False,False,False,True,False,True,False,False,False,False,True,False,True,False,True,False,False,False,False,True,0,0.00051931106,ChurnBinary,Contact customer proactively
0,2,70.35,139.25,0,69.625,140.7,2,3,0,1,1,0,0,5,False,False,False,True,False,False,True,False,False,False,False,False,False,False,False,False,False,False,False,False,False,False,False,False,True,False,False,False,True,False,True,False,0,0.0006559429,ChurnBinary,Contact customer proactively
0,1,50.45,50.45,1,50.45,50.45,3,3,0,0,1,0,0,4,False,True,True,True,False,False,False,False,False,False,False,False,False,True,False,False,False,False,False,False,False,False,False,False,False,True,False,False,True,False,True,False,1,0.9992461,ChurnBinary,Contact customer proactively
0,12,20.3,246.7,0,20.558333333333334,243.6,1,3,0,0,0,0,0,3,False,False,False,True,False,False,False,True,True,False,True,False,True,False,True,False,True,False,True,False,False,False,False,False,False,True,False,False,True,True,False,False,0,0.00025833896,ChurnBinary,Contact customer proactively
0,38,69.5,2625.25,0,69.08552631578948,2641.0,2,3,0,0,0,1,0,3,True,False,False,True,False,False,True,False,False,False,False,False,False,False,False,False,False,False,False,False,False,False,True,True,False,False,True,False,False,False,True,False,0,0.0003890147,ChurnBinary,Contact customer proactively
0,31,80.55,2471.6,0,79.7290322580645,2497.05,7,1,0,0,0,0,0,1,False,True,True,True,False,True,False,False,False,False,False,True,False,False,False,True,False,True,False,True,False,True,False,False,False,False,True,False,False,False,False,False,0,0.00015802041,ChurnBinary,Contact customer proactively
0,67,108.75,7156.2,1,106.8089552238806,7286.25,8,1,0,0,0,1,1,1,False,True,True,True,False,True,True,False,False,True,False,False,False,True,False,True,False,True,False,True,False,True,True,True,False,False,False,True,False,False,False,True,1,0.9983821,ChurnBinary,Contact customer proactively
0,22,88.75,1885.15,0,85.68863636363636,1952.5,5,3,0,1,0,0,0,4,True,True,True,True,False,True,True,False,False,False,False,False,False,True,False,False,False,True,False,False,False,False,True,False,True,False,False,False,False,False,False,False,0,0.0006056349,ChurnBinary,Contact customer proactively
0,63,81.2,4965.1,0,78.81111111111112,5115.6,4,2,0,0,0,1,0,2,False,True,False,True,False,True,True,False,False,False,False,False,False,False,False,True,False,False,False,False,True,False,True,True,False,False,False,True,False,False,False,False,0,0.00017758504,ChurnBinary,Contact customer proactively
0,70,79.6,5589.45,0,79.84928571428571,5572.0,7,1,0,0,0,1,0,1,False,False,False,True,False,False,False,False,False,True,False,False,False,True,False,True,False,True,False,True,False,True,False,False,False,False,False,True,False,False,False,False,0,0.00015802041,ChurnBinary,Contact customer proactively
0,1,20.45,20.45,0,20.45,20.45,1,3,0,0,1,0,0,4,True,False,False,True,False,False,False,True,True,False,True,False,True,False,True,False,True,False,True,False,False,False,False,False,False,True,False,False,True,True,False,False,0,0.000425583,ChurnBinary,Contact customer proactively
0,49,100.45,4941.8,1,100.8530612244898,4922.05,6,2,0,0,0,1,1,2,False,True,True,True,False,True,True,False,False,False,False,True,False,False,False,False,False,True,False,True,True,False,False,False,False,True,False,True,False,False,False,True,1,0.9986047,ChurnBinary,Contact customer proactively
1,71,89.45,6435.25,0,90.63732394366195,6350.95,5,1,0,0,0,1,0,1,False,True,False,True,False,False,True,False,False,False,False,True,False,True,False,False,False,False,False,True,False,True,False,True,False,False,False,True,False,False,False,False,0,0.00016103535,ChurnBinary,Contact customer proactively
0,23,66.25,1533.8,0,66.68695652173913,1523.75,6,2,0,0,0,0,0,2,False,True,True,True,False,False,False,False,False,True,False,True,False,True,False,True,False,False,False,False,True,False,True,False,False,True,False,False,False,False,True,False,0,0.00017926916,ChurnBinary,Contact customer proactively
0,72,90.8,6397.6,0,88.85555555555555,6537.599999999999,9,1,0,0,0,1,1,1,True,True,True,True,False,True,False,False,False,True,False,True,False,True,False,True,False,True,False,True,False,True,True,True,False,False,False,True,False,False,False,True,0,0.00015802041,ChurnBinary,Contact customer proactively
0,72,71.45,5025.85,0,69.80347222222223,5144.400000000001,6,1,0,0,0,1,0,1,False,True,True,True,False,True,False,False,False,True,False,False,False,True,False,False,False,True,False,False,False,True,True,False,False,False,False,True,False,False,False,False,0,0.00015802041,ChurnBinary,Contact customer proactively
0,2,69.75,144.55,1,72.275,139.5,2,3,0,0,1,0,0,4,False,False,False,True,False,False,True,False,False,False,False,False,False,False,False,False,False,False,False,False,False,False,False,False,False,False,False,False,True,False,True,False,1,0.999371,ChurnBinary,Contact customer proactively
0,42,59.65,2536.55,0,60.394047619047626,2505.3,5,3,0,0,0,1,0,3,False,False,False,True,False,False,False,False,False,True,False,True,False,True,False,False,False,False,False,False,False,False,False,False,False,False,True,False,False,False,True,False,0,0.00025726092,ChurnBinary,Contact customer proactively
0,47,19.75,948.9,0,20.18936170212766,928.25,1,1,0,0,0,1,0,1,False,True,True,True,False,False,False,True,True,False,True,False,True,False,True,False,True,False,True,False,False,True,False,False,False,True,True,False,False,True,False,False,0,0.00015802041,ChurnBinary,Contact customer proactively
0,29,19.85,535.05,0,18.45,575.6500000000001,1,2,0,0,0,0,0,2,True,False,True,True,False,False,False,True,True,False,True,False,True,False,True,False,True,False,True,False,True,False,False,False,False,True,True,False,False,True,False,False,0,0.0001721428,ChurnBinary,Contact customer proactively
0,72,63.8,4684.3,0,65.05972222222222,4593.599999999999,7,1,0,0,0,1,0,1,False,True,True,False,True,False,False,False,False,True,False,True,False,True,False,True,False,True,False,True,False,True,True,False,False,False,False,True,False,False,True,False,0,0.00015802041,ChurnBinary,Contact customer proactively
0,1,69.55,69.55,1,69.55,69.55,2,3,0,1,1,0,0,5,True,False,False,True,False,False,True,False,False,False,False,False,False,False,False,False,False,False,False,False,False,False,True,False,True,False,False,False,True,False,True,False,1,0.99951303,ChurnBinary,Contact customer proactively
0,40,51.1,2092.9,0,52.322500000000005,2044.0,3,3,0,1,0,1,0,4,True,False,False,True,False,False,False,False,False,False,False,False,False,False,False,True,False,False,False,False,False,False,True,False,True,False,True,False,False,False,True,False,0,0.00036666155,ChurnBinary,Contact customer proactively
0,1,62.05,62.05,1,62.05,62.05,5,3,0,0,1,0,0,4,True,False,False,True,False,True,False,False,False,False,False,False,False,True,False,True,False,False,False,False,False,False,False,False,False,True,False,False,True,False,True,False,1,0.9991346,ChurnBinary,Contact customer proactively
1,1,85.0,85.0,1,85.0,85.0,4,3,1,1,1,0,0,6,False,False,False,True,False,False,True,False,False,False,False,False,False,True,False,False,False,False,False,True,False,False,True,False,True,False,False,False,True,False,False,False,1,0.999516,ChurnBinary,Contact customer proactively
0,70,98.3,6859.5,1,97.99285714285716,6881.0,6,1,0,0,0,1,1,1,True,True,True,True,False,True,True,False,False,False,False,True,False,False,False,False,False,True,False,True,False,True,False,False,False,False,False,True,False,False,False,True,1,0.99814963,ChurnBinary,Contact customer proactively
0,49,19.9,1022.6,0,20.869387755102043,975.1,1,1,0,0,0,1,0,1,True,False,False,True,False,False,False,True,True,False,True,False,True,False,True,False,True,False,True,False,False,True,True,True,False,False,False,True,False,True,False,False,0,0.00015802041,ChurnBinary,Contact customer proactively
0,17,76.65,1313.55,1,77.26764705882353,1303.0500000000002,3,3,0,1,0,0,0,4,True,False,False,True,False,False,True,False,False,False,False,False,False,True,False,False,False,False,False,False,False,False,True,False,True,False,False,False,False,False,False,False,1,0.9993799,ChurnBinary,Contact customer proactively
0,33,66.4,2245.4,0,68.04242424242425,2191.2000000000003,5,3,0,0,0,0,0,3,True,False,False,True,False,False,False,False,False,False,False,True,False,True,False,False,False,True,False,False,False,False,True,True,False,False,True,False,False,False,True,False,0,0.00025944007,ChurnBinary,Contact customer proactively
1,17,100.45,1622.45,1,95.43823529411765,1707.65,6,3,0,0,0,0,1,3,True,True,False,True,False,True,True,False,False,False,False,False,False,True,False,False,False,True,False,True,False,False,True,True,False,False,False,False,False,False,False,True,1,0.9992099,ChurnBinary,Contact customer proactively
0,21,75.9,1549.75,0,73.79761904761905,1593.9,6,2,0,0,0,0,0,2,True,True,True,True,False,True,False,False,False,True,False,False,False,False,False,False,False,True,False,True,True,False,True,False,False,False,False,False,False,False,False,False,0,0.00021378783,ChurnBinary,Contact customer proactively
0,35,85.95,3110.1,1,88.86,3008.25,8,2,0,0,0,0,0,2,False,False,False,True,False,True,False,False,False,True,False,False,False,True,False,True,False,True,False,True,True,False,True,True,False,False,True,False,False,False,False,False,1,0.99816763,ChurnBinary,Contact customer proactively
0,12,60.65,743.3,0,61.94166666666666,727.8,6,2,0,1,0,0,0,3,False,False,False,False,True,False,False,False,False,False,False,True,False,True,False,True,False,True,False,True,True,False,False,False,True,False,False,False,True,False,True,False,0,0.0002818486,ChurnBinary,Contact customer proactively
0,9,50.85,466.6,0,51.84444444444445,457.65,3,3,0,0,0,0,0,3,False,True,False,True,False,False,False,False,False,False,False,True,False,False,False,False,False,False,False,False,False,False,False,False,False,True,False,False,True,False,True,False,0,0.0002901907,ChurnBinary,Contact customer proactively
0,72,24.45,1709.1,0,23.7375,1760.4,2,1,0,0,0,1,0,1,False,True,True,True,False,True,False,True,True,False,True,False,True,False,True,False,True,False,True,False,False,True,False,False,False,False,False,True,False,True,False,False,0,0.00015802041,ChurnBinary,Contact customer proactively
1,18,59.1,1011.05,0,56.16944444444445,1063.8,4,3,0,0,0,0,0,3,True,True,False,True,False,False,False,False,False,True,False,False,False,False,False,False,False,False,False,True,False,False,True,True,False,False,False,False,False,False,True,False,0,0.0002810128,ChurnBinary,Contact customer proactively
0,58,109.1,6393.65,0,110.2353448275862,6327.799999999999,8,1,0,0,0,1,1,1,False,True,False,True,False,True,True,False,False,True,False,True,False,False,False,True,False,True,False,True,False,True,True,True,False,False,False,True,False,False,False,True,0,0.00026674604,ChurnBinary,Contact customer proactively
1,30,101.3,2974.5,0,99.15,3039.0,6,3,0,1,0,0,1,4,False,False,True,True,False,True,True,False,False,False,False,False,False,False,False,True,False,True,False,True,False,False,True,False,True,False,True,False,False,False,False,True,0,0.00054455263,ChurnBinary,Contact customer proactively
0,56,115.85,6567.9,0,117.28392857142856,6487.599999999999,9,1,0,0,0,1,1,1,True,True,True,True,False,True,True,False,False,True,False,True,False,True,False,True,False,True,False,True,False,True,False,False,False,True,False,True,False,False,False,True,0,0.0002548521,ChurnBinary,Contact customer proactively
0,10,94.9,1048.85,1,104.885,949.0,5,3,1,1,0,0,1,5,True,False,False,True,False,False,True,False,False,False,False,False,False,True,False,False,False,True,False,True,False,False,True,False,True,False,False,False,True,False,False,True,1,0.999491,ChurnBinary,Contact customer proactively
0,2,35.1,68.75,1,34.375,70.2,2,3,0,1,1,0,0,5,False,True,False,False,True,False,False,False,False,False,False,False,False,False,False,False,False,False,False,True,False,False,True,False,True,False,False,False,True,True,False,False,1,0.9993781,ChurnBinary,Contact customer proactively
0,18,24.65,471.35,0,26.186111111111117,443.7,2,1,0,0,0,0,0,1,False,True,True,True,False,True,False,True,True,False,True,False,True,False,True,False,True,False,True,False,False,True,True,True,False,False,False,False,False,True,False,False,0,0.00015950973,ChurnBinary,Contact customer proactively
0,51,56.15,2898.95,0,56.84215686274509,2863.65,5,2,0,1,0,1,0,3,False,True,True,False,True,False,False,False,False,False,False,False,False,True,False,True,False,True,False,True,True,False,True,False,True,False,False,True,False,False,True,False,0,0.00024772697,ChurnBinary,Contact customer proactively
0,60,109.45,6572.85,0,109.5475,6567.0,8,3,0,0,0,1,1,3,True,True,False,True,False,True,True,False,False,True,False,False,False,True,False,True,False,True,False,True,False,False,True,False,False,False,False,True,False,False,False,True,0,0.0003815237,ChurnBinary,Contact customer proactively
0,24,55.15,1319.85,0,54.99375,1323.6,4,3,0,1,0,0,0,4,False,True,True,True,False,False,False,False,False,True,False,False,False,False,False,True,False,False,False,False,False,False,False,False,True,False,False,False,False,False,True,False,0,0.00034403338,ChurnBinary,Contact customer proactively
0,70,115.65,7968.85,1,113.84071428571428,8095.5,9,2,0,0,0,1,1,2,True,True,False,True,False,True,True,False,False,True,False,True,False,True,False,True,False,True,False,True,True,False,False,True,False,False,False,True,False,False,False,True,1,0.99859506,ChurnBinary,Contact customer proactively
0,12,53.75,648.65,0,54.05416666666667,645.0,4,3,0,0,0,0,0,3,True,False,False,True,False,False,False,False,False,False,False,True,False,False,False,True,False,False,False,False,False,False,True,False,False,True,False,False,True,False,True,False,0,0.00028883218,ChurnBinary,Contact customer proactively
0,25,61.6,1611.0,0,64.44,1540.0,5,2,0,0,0,0,0,2,True,True,True,True,False,False,False,False,False,True,False,True,False,True,False,False,False,False,False,False,True,False,True,False,False,False,True,False,False,False,True,False,0,0.00017926916,ChurnBinary,Contact customer proactively
0,36,20.35,695.85,0,19.329166666666666,732.6,1,2,0,0,0,0,0,2,True,False,False,True,False,False,False,True,True,False,True,False,True,False,True,False,True,False,True,False,True,False,True,True,False,False,True,False,False,True,False,False,0,0.0001721428,ChurnBinary,Contact customer proactively
0,11,90.6,1020.2,0,92.74545454545456,996.6,4,3,1,1,0,0,1,5,True,True,True,True,False,False,True,False,False,False,False,False,False,False,False,False,False,True,False,True,False,False,False,False,True,False,False,False,True,False,False,True,0,0.00066272396,ChurnBinary,Contact customer proactively
0,7,89.75,608.8,1,86.97142857142856,628.25,5,3,1,1,0,0,0,5,True,True,True,True,False,False,True,False,False,False,False,True,False,False,False,True,False,True,False,False,False,False,True,False,True,False,False,False,True,False,False,False,1,0.9994616,ChurnBinary,Contact customer proactively
1,26,98.1,2510.7,0,96.5653846153846,2550.6,6,3,0,0,0,0,1,3,False,True,False,True,False,True,True,False,False,False,False,False,False,True,False,False,False,True,False,True,False,False,True,False,False,False,True,False,False,False,False,True,0,0.00047441677,ChurnBinary,Contact customer proactively
0,41,74.25,3089.1,0,75.34390243902439,3044.25,3,3,0,1,0,1,0,4,True,False,False,True,False,False,True,False,False,False,False,False,False,False,False,True,False,False,False,False,False,False,True,False,True,False,True,False,False,False,False,False,0,0.0005220591,ChurnBinary,Contact customer proactively
1,57,55.0,3094.05,0,54.28157894736842,3135.0,5,3,0,1,0,1,0,4,False,False,False,False,True,False,False,False,False,False,False,True,False,True,False,False,False,True,False,True,False,False,True,False,True,False,False,True,False,False,True,False,0,0.00039670602,ChurnBinary,Contact customer proactively
0,28,90.1,2598.95,1,92.81964285714284,2522.8,4,2,0,0,0,0,1,2,False,True,True,True,False,False,True,False,False,False,False,False,False,False,False,False,False,True,False,True,True,False,True,False,False,False,True,False,False,False,False,True,1,0.9982095,ChurnBinary,Contact customer proactively
0,10,64.9,685.55,0,68.55499999999999,649.0,5,2,0,0,0,0,0,2,False,False,False,True,False,False,False,False,False,False,False,True,False,False,False,True,False,False,False,True,True,False,False,False,False,True,False,False,True,False,True,False,0,0.00021762843,ChurnBinary,Contact customer proactively
0,41,56.3,2364.0,0,57.65853658536585,2308.3,4,2,0,0,0,1,0,2,False,False,False,True,False,True,False,False,False,False,False,True,False,False,False,False,False,False,False,False,True,False,True,True,False,False,True,False,False,False,True,False,0,0.00017926916,ChurnBinary,Contact customer proactively
0,22,89.05,1886.25,0,85.73863636363636,1959.1,5,3,0,1,0,0,0,4,False,False,False,True,False,False,True,False,False,True,False,False,False,False,False,True,False,False,False,True,False,False,True,False,True,False,False,False,False,False,False,False,0,0.00057450467,ChurnBinary,Contact customer proactively
0,57,112.95,6465.0,1,113.42105263157896,6438.150000000001,8,1,0,0,0,1,1,1,False,False,False,True,False,True,True,False,False,True,False,True,False,True,False,False,False,True,False,True,False,True,True,False,False,False,False,True,False,False,False,True,1,0.9985261,ChurnBinary,Contact customer proactively
0,13,19.45,270.2,0,20.784615384615385,252.85,1,2,0,0,0,0,0,2,True,False,False,True,False,False,False,True,True,False,True,False,True,False,True,False,True,False,True,False,True,False,False,False,False,True,False,False,False,True,False,False,0,0.00017376519,ChurnBinary,Contact customer proactively
0,61,100.7,6018.65,0,98.66639344262296,6142.7,7,2,0,0,0,1,1,2,False,True,True,True,False,True,True,False,False,True,False,True,False,True,False,False,False,False,False,True,True,False,True,True,False,False,False,True,False,False,False,True,0,0.0002735568,ChurnBinary,Contact customer proactively
0,1,20.05,20.05,0,20.05,20.05,1,3,0,0,1,0,0,4,False,True,True,True,False,False,False,True,True,False,True,False,True,False,True,False,True,False,True,False,False,False,False,False,False,True,False,False,True,True,False,False,0,0.00043073384,ChurnBinary,Contact customer proactively
0,18,19.35,309.25,0,17.180555555555557,348.3,1,1,0,0,0,0,0,1,False,True,True,True,False,False,False,True,True,False,True,False,True,False,True,False,True,False,True,False,False,True,False,False,False,True,False,False,False,True,False,False,0,0.00015950973,ChurnBinary,Contact customer proactively
0,6,87.95,522.35,0,87.05833333333334,527.7,5,3,1,0,0,0,0,4,True,False,False,True,False,True,True,False,False,False,False,False,False,False,False,True,False,False,False,True,False,False,True,False,False,False,False,False,True,False,False,False,0,0.0006899123,ChurnBinary,Contact customer proactively
0,7,59.5,415.95,1,59.42142857142857,416.5,4,3,0,0,0,0,0,3,False,False,False,True,False,False,False,False,False,False,False,False,False,False,False,True,False,True,False,False,False,False,True,False,False,True,False,False,True,False,True,False,1,0.9986965,ChurnBinary,Contact customer proactively
0,9,55.3,501.2,0,55.68888888888889,497.7,4,3,0,0,0,0,0,3,False,True,True,True,False,True,False,False,False,False,False,True,False,False,False,False,False,False,False,False,False,False,True,False,False,True,False,False,True,False,True,False,0,0.0002901907,ChurnBinary,Contact customer proactively
1,1,49.25,49.25,1,49.25,49.25,3,3,0,0,1,0,0,4,True,True,True,True,False,False,False,False,False,False,False,False,False,False,False,True,False,False,False,False,False,False,True,True,False,False,False,False,True,False,True,False,1,0.9992933,ChurnBinary,Contact customer proactively
0,9,80.8,713.1,1,79.23333333333333,727.1999999999999,3,3,1,1,0,0,0,5,True,False,False,True,False,False,True,False,False,False,False,False,False,False,False,False,False,False,False,True,False,False,True,False,True,False,False,False,True,False,False,False,1,0.9994789,ChurnBinary,Contact customer proactively
0,49,20.45,900.9,0,18.38571428571429,1002.05,1,2,0,0,0,1,0,2,False,True,False,True,False,False,False,True,True,False,True,False,True,False,True,False,True,False,True,False,True,False,False,False,False,False,False,True,False,True,False,False,0,0.0001721428,ChurnBinary,Contact customer proactively
0,15,99.1,1426.4,1,95.09333333333332,1486.5,6,3,0,0,0,0,1,3,False,False,False,True,False,False,True,False,False,True,False,True,False,False,False,False,False,True,False,True,False,False,True,True,False,False,False,False,False,False,False,True,1,0.9992105,ChurnBinary,Contact customer proactively
0,30,19.55,608.5,0,20.28333333333333,586.5,1,2,0,0,0,0,0,2,False,True,True,True,False,False,False,True,True,False,True,False,True,False,True,False,True,False,True,False,True,False,False,False,False,False,True,False,False,True,False,False,0,0.0001721428,ChurnBinary,Contact customer proactively
1,70,75.65,5411.4,0,77.30571428571427,5295.5,3,1,0,0,0,1,0,1,False,True,False,True,False,True,True,False,False,False,False,False,False,False,False,False,False,False,False,False,False,True,True,True,False,False,False,True,False,False,False,False,0,0.00016103535,ChurnBinary,Contact customer proactively
0,25,105.5,2686.05,0,107.442,2637.5,7,3,0,1,0,0,1,4,True,False,False,True,False,False,True,False,False,True,False,False,False,True,False,True,False,True,False,True,False,False,True,False,True,False,True,False,False,False,False,True,0,0.0005843093,ChurnBinary,Contact customer proactively
0,49,35.8,1782.0,0,36.36734693877551,1754.1999999999998,3,2,0,0,0,1,0,2,False,True,True,False,True,False,False,False,False,True,False,False,False,False,False,True,False,False,False,False,True,False,True,True,False,False,False,True,False,False,True,False,0,0.0001721428,ChurnBinary,Contact customer proactively
0,18,25.15,476.8,0,26.48888888888889,452.7,1,3,0,0,0,0,0,3,True,False,False,False,True,False,False,False,False,False,False,False,False,False,False,False,False,False,False,False,False,False,False,False,False,True,False,False,False,True,False,False,0,0.0002915254,ChurnBinary,Contact customer proactively
0,25,19.2,532.1,0,21.284,480.0,1,3,0,0,0,0,0,3,False,False,False,True,False,False,False,True,True,False,True,False,True,False,True,False,True,False,True,False,False,False,True,True,False,False,True,False,False,True,False,False,0,0.00024311508,ChurnBinary,Contact customer proactively
0,23,40.1,857.75,0,37.29347826086956,922.3,4,1,0,0,0,0,0,1,True,False,True,False,True,False,False,False,False,True,False,False,False,True,False,True,False,False,False,False,False,True,False,False,False,True,False,False,False,False,True,False,0,0.00015802041,ChurnBinary,Contact customer proactively
0,67,103.15,6895.5,0,102.9179104477612,6911.05,7,1,0,0,0,1,1,1,True,True,True,True,False,False,True,False,False,False,False,True,False,True,False,True,False,True,False,True,False,True,False,False,False,False,False,True,False,False,False,True,0,0.00023308028,ChurnBinary,Contact customer proactively
0,35,20.5,759.35,0,21.695714285714285,717.5,1,1,0,0,0,0,0,1,True,True,True,True,False,False,False,True,True,False,True,False,True,False,True,False,True,False,True,False,False,True,False,False,False,False,True,False,False,True,False,False,0,0.00015802041,ChurnBinary,Contact customer proactively
0,1,45.85,45.85,1,45.85,45.85,2,3,0,0,1,0,0,4,True,False,False,True,False,False,False,False,False,False,False,False,False,False,False,False,False,False,False,False,False,False,True,False,False,True,False,False,True,False,True,False,1,0.9993037,ChurnBinary,Contact customer proactively
0,72,114.45,8375.05,0,116.32013888888888,8240.4,9,1,0,0,0,1,1,1,True,True,False,True,False,True,True,False,False,True,False,True,False,True,False,True,False,True,False,True,False,True,False,True,False,False,False,True,False,False,False,True,0,0.00021432113,ChurnBinary,Contact customer proactively
0,1,20.7,20.7,0,20.7,20.7,1,3,0,1,1,0,0,5,False,False,False,True,False,False,False,True,True,False,True,False,True,False,True,False,True,False,True,False,False,False,False,False,True,False,False,False,True,True,False,False,0,0.00040310746,ChurnBinary,Contact customer proactively
1,60,80.95,4859.1,0,80.985,4857.0,4,3,0,1,0,1,0,4,True,True,True,True,False,True,True,False,False,True,False,False,False,False,False,False,False,False,False,False,False,False,True,False,True,False,False,True,False,False,False,False,0,0.00042023597,ChurnBinary,Contact customer proactively
0,7,59.1,369.25,0,52.75,413.7,4,2,0,1,0,0,0,3,False,False,False,True,False,False,False,False,False,True,False,False,False,False,False,False,False,False,False,True,True,False,True,False,True,False,False,False,True,False,True,False,0,0.00025796116,ChurnBinary,Contact customer proactively
0,64,19.55,1240.15,0,19.37734375,1251.2,1,1,0,0,0,1,0,1,True,False,False,True,False,False,False,True,True,False,True,False,True,False,True,False,True,False,True,False,False,True,False,False,False,True,False,True,False,True,False,False,0,0.00015802041,ChurnBinary,Contact customer proactively
0,15,48.85,736.8,0,49.12,732.75,3,3,0,1,0,0,0,4,False,False,False,True,False,False,False,False,False,False,False,True,False,False,False,False,False,False,False,False,False,False,False,False,True,False,False,False,False,False,True,False,0,0.00042036676,ChurnBinary,Contact customer proactively
0,2,19.85,35.9,1,17.95,39.7,1,2,0,0,1,0,0,3,True,True,True,True,False,False,False,True,True,False,True,False,True,False,True,False,True,False,True,False,True,False,False,False,False,True,False,False,True,True,False,False,1,0.9982145,ChurnBinary,Contact customer proactively
0,13,78.75,995.35,0,76.56538461538462,1023.75,7,3,0,1,0,0,0,4,False,False,False,True,False,True,False,False,False,True,False,False,False,True,False,False,False,True,False,True,False,False,True,False,True,False,False,False,False,False,False,False,0,0.0004125414,ChurnBinary,Contact customer proactively
0,26,98.35,2515.3,1,96.7423076923077,2557.1,6,3,0,1,0,0,1,4,True,False,False,True,False,True,True,False,False,False,False,False,False,True,False,False,False,True,False,True,False,False,True,False,True,False,True,False,False,False,False,True,1,0.9993954,ChurnBinary,Contact customer proactively
0,52,35.45,1958.95,0,37.67211538461539,1843.4,3,2,0,0,0,1,0,2,False,True,False,False,True,False,False,False,False,True,False,False,False,True,False,False,False,False,False,False,True,False,False,False,False,True,False,True,False,True,False,False,0,0.0001721428,ChurnBinary,Contact customer proactively
0,1,20.2,20.2,1,20.2,20.2,1,3,0,0,1,0,0,4,True,False,False,True,False,False,False,True,True,False,True,False,True,False,True,False,True,False,True,False,False,False,True,False,False,False,False,False,True,True,False,False,1,0.9991628,ChurnBinary,Contact customer proactively
1,15,89.85,1424.95,1,94.99666666666668,1347.75,5,3,0,1,0,0,0,4,False,False,False,True,False,True,True,False,False,False,False,True,False,False,False,False,False,False,False,True,False,False,False,False,True,False,False,False,False,False,False,False,1,0.9993531,ChurnBinary,Contact customer proactively
0,2,74.9,147.15,1,73.575,149.8,3,3,1,0,1,0,0,5,False,False,False,True,False,True,True,False,False,False,False,False,False,False,False,False,False,False,False,False,False,False,False,True,False,False,False,False,True,False,False,False,1,0.9994204,ChurnBinary,Contact customer proactively
0,31,91.15,2995.45,1,96.62741935483872,2825.65,5,3,0,1,0,0,1,4,False,True,True,True,False,True,True,False,False,False,False,True,False,False,False,False,False,False,False,True,False,False,True,False,True,False,True,False,False,False,False,True,1,0.9992735,ChurnBinary,Contact customer proactively
0,26,75.5,2018.1,0,77.61923076923077,1963.0,3,2,0,0,0,0,0,2,True,False,False,True,False,False,True,False,False,False,False,True,False,False,False,False,False,False,False,False,True,False,False,False,False,False,True,False,False,False,False,False,0,0.00018268962,ChurnBinary,Contact customer proactively
0,10,29.75,301.9,0,30.19,297.5,2,3,0,0,0,0,0,3,False,False,False,False,True,False,False,False,False,True,False,False,False,False,False,False,False,False,False,False,False,False,False,False,False,True,False,False,True,True,False,False,0,0.0003097104,ChurnBinary,Contact customer proactively
0,1,20.05,20.05,0,20.05,20.05,1,3,0,0,1,0,0,4,True,False,False,True,False,False,False,True,True,False,True,False,True,False,True,False,True,False,True,False,False,False,False,False,False,True,False,False,True,True,False,False,0,0.00043073384,ChurnBinary,Contact customer proactively
1,2,79.6,195.05,1,97.525,159.2,3,3,1,1,1,0,0,6,False,False,False,True,False,False,True,False,False,False,False,False,False,False,False,False,False,False,False,True,False,False,True,False,True,False,False,False,True,False,False,False,1,0.99949694,ChurnBinary,Contact customer proactively
0,2,19.3,28.3,1,14.15,38.6,1,2,0,0,1,0,0,3,True,False,False,True,False,False,False,True,True,False,True,False,True,False,True,False,True,False,True,False,True,False,False,True,False,False,False,False,True,True,False,False,1,0.9982377,ChurnBinary,Contact customer proactively
0,13,48.75,633.4,1,48.72307692307693,633.75,4,3,0,0,0,0,0,3,False,True,False,False,True,False,False,False,False,False,False,False,False,True,False,False,False,True,False,True,False,False,True,False,False,False,False,False,False,False,True,False,1,0.9988181,ChurnBinary,Contact customer proactively
0,33,74.75,2453.3,0,74.34242424242424,2466.75,6,2,0,0,0,0,0,2,True,True,True,True,False,False,False,False,False,True,False,False,False,True,False,False,False,True,False,True,True,False,False,True,False,False,True,False,False,False,False,False,0,0.00020734109,ChurnBinary,Contact customer proactively
1,46,91.3,4126.35,0,89.70326086956523,4199.8,5,2,0,0,0,1,1,2,False,False,False,True,False,False,True,False,False,False,False,True,False,True,False,False,False,True,False,False,True,False,True,False,False,False,True,False,False,False,False,True,0,0.0001807711,ChurnBinary,Contact customer proactively
0,13,49.15,649.4,0,49.95384615384615,638.9499999999999,4,3,0,1,0,0,0,4,False,False,False,False,True,False,False,False,False,False,False,False,False,True,False,False,False,True,False,True,False,False,False,False,True,False,False,False,False,False,True,False,0,0.00044277526,ChurnBinary,Contact customer proactively
1,37,106.75,4056.75,1,109.64189189189187,3949.75,7,3,0,0,0,1,1,3,False,False,False,True,False,True,True,False,False,True,False,True,False,False,False,False,False,True,False,True,False,False,True,False,False,False,True,False,False,False,False,True,1,0.9991418,ChurnBinary,Contact customer proactively
0,61,19.1,1143.8,0,18.750819672131147,1165.1,1,2,0,0,0,1,0,2,False,True,True,True,False,False,False,True,True,False,True,False,True,False,True,False,True,False,True,False,True,False,False,True,False,False,False,True,False,True,False,False,0,0.0001721428,ChurnBinary,Contact customer proactively
0,1,20.8,20.8,0,20.8,20.8,1,3,0,0,1,0,0,4,True,False,False,True,False,False,False,True,True,False,True,False,True,False,True,False,True,False,True,False,False,False,False,False,False,True,False,False,True,True,False,False,0,0.00043643924,ChurnBinary,Contact customer proactively
0,9,75.85,647.5,0,71.94444444444444,682.65,3,3,1,1,0,0,0,5,False,True,True,True,False,False,True,False,False,False,False,False,False,False,False,True,False,False,False,False,False,False,True,False,True,False,False,False,True,False,False,False,0,0.0007027669,ChurnBinary,Contact customer proactively
0,3,69.6,207.4,0,69.13333333333334,208.8,2,3,0,0,1,0,0,4,True,False,False,True,False,False,True,False,False,False,False,False,False,False,False,False,False,False,False,False,False,False,True,False,False,True,False,False,True,False,True,False,0,0.00068163505,ChurnBinary,Contact customer proactively
0,69,19.9,1363.45,0,19.76014492753623,1373.1,1,1,0,0,0,1,0,1,True,True,False,True,False,False,False,True,True,False,True,False,True,False,True,False,True,False,True,False,False,True,False,False,False,True,False,True,False,True,False,False,0,0.00015802041,ChurnBinary,Contact customer proactively
0,62,20.3,1296.15,0,20.905645161290323,1258.6,1,1,0,0,0,1,0,1,False,True,True,True,False,False,False,True,True,False,True,False,True,False,True,False,True,False,True,False,False,True,False,False,False,False,False,True,False,True,False,False,0,0.00015802041,ChurnBinary,Contact customer proactively
0,20,19.7,419.4,0,20.97,394.0,1,1,0,0,0,0,0,1,True,False,False,True,False,False,False,True,True,False,True,False,True,False,True,False,True,False,True,False,False,True,True,False,False,True,False,False,False,True,False,False,0,0.00015950973,ChurnBinary,Contact customer proactively
0,61,104.0,6363.45,0,104.31885245901638,6344.0,7,2,0,1,0,1,1,3,True,False,False,True,False,True,True,False,False,True,False,False,False,True,False,False,False,True,False,True,True,False,False,False,True,False,False,True,False,False,False,True,0,0.00034959987,ChurnBinary,Contact customer proactively
0,4,23.9,97.5,0,24.375,95.6,2,2,0,1,1,0,0,4,False,False,False,True,False,True,False,True,True,False,True,False,True,False,True,False,True,False,True,False,True,False,False,False,True,False,False,False,True,True,False,False,0,0.00025407207,ChurnBinary,Contact customer proactively
0,63,102.6,6296.75,0,99.9484126984127,6463.799999999999,6,1,0,1,0,1,1,2,True,True,False,True,False,True,True,False,False,False,False,False,False,True,False,False,False,True,False,True,False,True,False,False,True,False,False,True,False,False,False,True,0,0.00025228725,ChurnBinary,Contact customer proactively
0,50,35.0,1782.4,0,35.648,1750.0,3,3,0,0,0,1,0,3,True,False,False,False,True,False,False,False,False,True,False,True,False,False,False,False,False,False,False,False,False,False,True,False,False,True,False,True,False,True,False,False,0,0.00027320362,ChurnBinary,Contact customer proactively
0,1,80.5,80.5,1,80.5,80.5,3,3,1,1,1,0,0,6,True,False,False,True,False,False,True,False,False,False,False,False,False,False,False,False,False,False,False,True,False,False,False,False,True,False,False,False,True,False,False,False,1,0.9994729,ChurnBinary,Contact customer proactively
0,70,74.1,5222.3,0,74.60428571428572,5187.0,7,2,0,0,0,1,0,2,False,True,True,True,False,False,False,False,False,True,False,True,False,True,False,True,False,False,False,True,True,False,False,True,False,False,False,True,False,False,False,False,0,0.00021058026,ChurnBinary,Contact customer proactively
0,72,76.8,5468.45,0,75.95069444444444,5529.599999999999,6,1,0,0,0,1,0,1,False,True,True,True,False,True,False,False,False,False,False,False,False,True,False,False,False,True,False,True,False,True,True,False,False,False,False,True,False,False,False,False,0,0.00015802041,ChurnBinary,Contact customer proactively
0,35,60.55,1982.6,0,56.64571428571429,2119.25,5,3,0,1,0,0,0,4,False,False,False,True,False,False,False,False,False,True,False,True,False,True,False,False,False,False,False,False,False,False,False,False,True,False,True,False,False,False,True,False,0,0.0003459553,ChurnBinary,Contact customer proactively
0,12,67.25,832.3,0,69.35833333333333,807.0,6,3,0,1,0,0,0,4,True,False,False,True,False,True,False,False,False,True,False,True,False,False,False,True,False,False,False,False,False,False,True,False,True,False,False,False,True,False,True,False,0,0.00039786779,ChurnBinary,Contact customer proactively
0,56,109.8,6109.65,0,109.10089285714284,6148.8,8,2,0,0,0,1,1,2,False,True,False,True,False,True,True,False,False,True,False,True,False,True,False,False,False,True,False,True,True,False,False,False,False,False,False,True,False,False,False,True,0,0.0003012237,ChurnBinary,Contact customer proactively
0,12,73.75,871.4,1,72.61666666666666,885.0,3,3,0,0,0,0,0,3,True,False,True,True,False,True,True,False,False,False,False,False,False,False,False,False,False,False,False,False,False,False,True,True,False,False,False,False,True,False,False,False,1,0.99916565,ChurnBinary,Contact customer proactively
0,36,55.8,1941.5,0,53.93055555555556,2008.8,4,2,0,1,0,0,0,3,False,False,False,True,False,True,False,False,False,False,False,False,False,True,False,False,False,False,False,False,True,False,False,False,True,False,True,False,False,False,True,False,0,0.00022046105,ChurnBinary,Contact customer proactively
0,40,105.75,4228.55,0,105.71375,4230.0,7,2,0,0,0,1,1,2,False,True,False,True,False,True,True,False,False,True,False,False,False,True,False,False,False,True,False,True,True,False,False,False,False,False,True,False,False,False,False,True,0,0.00028880822,ChurnBinary,Contact customer proactively
0,3,19.6,59.75,1,19.916666666666668,58.8,1,3,0,0,1,0,0,4,False,False,False,True,False,False,False,True,True,False,True,False,True,False,True,False,True,False,True,False,False,False,True,False,False,True,False,False,True,True,False,False,1,0.9988651,ChurnBinary,Contact customer proactively
1,40,103.75,4188.4,0,104.71,4150.0,7,2,0,0,0,1,1,2,False,False,False,True,False,True,True,False,False,False,False,False,False,True,False,True,False,True,False,True,True,False,True,True,False,False,True,False,False,False,False,True,0,0.0002967256,ChurnBinary,Contact customer proactively
0,67,70.9,4677.1,0,69.80746268656716,4750.3,7,1,0,0,0,1,0,1,True,True,False,True,False,True,False,False,False,True,False,True,False,True,False,True,False,False,False,False,False,True,False,True,False,False,False,True,False,False,False,False,0,0.00015802041,ChurnBinary,Contact customer proactively
0,67,72.35,4991.5,0,74.5,4847.45,6,2,0,0,0,1,0,2,False,False,False,True,False,False,False,False,False,True,False,False,False,True,False,True,False,False,False,True,True,False,True,False,False,False,False,True,False,False,False,False,0,0.0002018856,ChurnBinary,Contact customer proactively
0,7,66.85,458.1,0,65.44285714285715,467.94999999999993,4,3,0,1,0,0,0,4,False,False,False,True,False,False,False,False,False,False,False,False,False,False,False,False,False,True,False,True,False,False,True,False,True,False,False,False,True,False,True,False,0,0.0004114037,ChurnBinary,Contact customer proactively
0,3,90.4,268.45,0,89.48333333333333,271.20000000000005,5,3,1,1,1,0,1,6,True,False,False,True,False,False,True,False,False,False,False,True,False,True,False,False,False,False,False,True,False,False,False,False,True,False,False,False,True,False,False,True,0,0.0006689417,ChurnBinary,Contact customer proactively
0,42,100.3,4222.95,0,100.54642857142856,4212.599999999999,6,3,0,1,0,1,1,4,True,False,False,True,False,True,True,False,False,False,False,False,False,False,False,True,False,True,False,True,False,False,True,False,True,False,True,False,False,False,False,True,0,0.00053873303,ChurnBinary,Contact customer proactively
0,40,26.2,1077.5,0,26.9375,1048.0,2,3,0,1,0,1,0,4,False,True,True,True,False,True,False,True,True,False,True,False,True,False,True,False,True,False,True,False,False,False,True,False,True,False,True,False,False,True,False,False,0,0.00031043732,ChurnBinary,Contact customer proactively
1,53,94.0,4871.45,0,91.91415094339622,4982.0,6,2,0,1,0,1,1,3,False,True,False,True,False,False,True,False,False,False,False,True,False,True,False,True,False,True,False,False,True,False,True,False,True,False,False,True,False,False,False,True,0,0.00027054647,ChurnBinary,Contact customer proactively
0,3,19.55,61.05,0,20.35,58.650000000000006,1,3,0,1,1,0,0,5,False,False,False,True,False,False,False,True,True,False,True,False,True,False,True,False,True,False,True,False,False,False,False,False,True,False,False,False,True,True,False,False,0,0.00032653695,ChurnBinary,Contact customer proactively
1,9,90.1,816.8,0,90.75555555555556,810.9,5,3,1,1,0,0,1,5,False,False,False,True,False,True,True,False,False,False,False,False,False,True,False,False,False,True,False,False,False,False,True,False,True,False,False,False,True,False,False,True,0,0.0007522108,ChurnBinary,Contact customer proactively
0,72,20.1,1326.25,0,18.42013888888889,1447.2,1,1,0,0,0,1,0,1,False,True,True,True,False,False,False,True,True,False,True,False,True,False,True,False,True,False,True,False,False,True,True,True,False,False,False,True,False,True,False,False,0,0.00015802041,ChurnBinary,Contact customer proactively
1,46,85.0,3969.4,1,86.29130434782608,3910.0,4,3,0,1,0,1,0,4,True,False,False,True,False,False,True,False,False,True,False,False,False,False,False,False,False,False,False,True,False,False,False,False,True,False,True,False,False,False,False,False,1,0.9991178,ChurnBinary,Contact customer proactively
0,61,24.1,1551.6,0,25.43606557377049,1470.1,2,1,0,0,0,1,0,1,False,True,True,True,False,True,False,True,True,False,True,False,True,False,True,False,True,False,True,False,False,True,True,False,False,True,False,True,False,True,False,False,0,0.00015802041,ChurnBinary,Contact customer proactively
0,54,69.95,3871.85,0,71.70092592592593,3777.3,6,1,0,0,0,1,0,1,False,True,True,True,False,False,False,False,False,True,False,False,False,True,False,True,False,False,False,True,False,True,False,False,False,False,False,True,False,False,True,False,0,0.00015802041,ChurnBinary,Contact customer proactively
0,11,41.6,470.6,1,42.78181818181818,457.6,3,2,0,1,0,0,0,3,True,False,False,False,True,False,False,False,False,False,False,False,False,True,False,False,False,True,False,False,True,False,True,False,True,False,False,False,True,False,True,False,1,0.9985343,ChurnBinary,Contact customer proactively
0,29,19.55,521.8,0,17.99310344827586,566.95,1,1,0,0,0,0,0,1,False,True,False,True,False,False,False,True,True,False,True,False,True,False,True,False,True,False,True,False,False,True,True,False,False,True,True,False,False,True,False,False,0,0.00015802041,ChurnBinary,Contact customer proactively
0,67,111.3,7482.1,1,111.67313432835822,7457.099999999999,8,2,0,1,0,1,1,3,True,True,True,True,False,True,True,False,False,True,False,True,False,True,False,False,False,True,False,True,True,False,True,False,True,False,False,True,False,False,False,True,1,0.9988457,ChurnBinary,Contact customer proactively
0,49,97.95,4917.9,0,100.36530612244896,4799.55,6,2,0,1,0,1,1,3,True,True,True,True,False,True,True,False,False,False,False,False,False,False,False,True,False,True,False,True,True,False,True,False,True,False,False,True,False,False,False,True,0,0.00031940543,ChurnBinary,Contact customer proactively
0,72,100.55,7325.1,0,101.7375,7239.599999999999,7,1,0,0,0,1,1,1,True,True,False,True,False,True,True,False,False,True,False,True,False,False,False,True,False,False,False,True,False,True,True,False,False,False,False,True,False,False,False,True,0,0.0002005849,ChurnBinary,Contact customer proactively
0,71,87.25,6328.7,0,89.13661971830986,6194.75,8,1,0,0,0,1,0,1,False,True,True,True,False,False,False,False,False,True,False,True,False,True,False,True,False,True,False,True,False,True,False,True,False,False,False,True,False,False,False,False,0,0.00015802041,ChurnBinary,Contact customer proactively
1,44,74.85,3268.05,0,74.27386363636364,3293.4,6,2,0,0,0,1,0,2,False,False,False,True,False,False,False,False,False,False,False,False,False,True,False,True,False,True,False,True,True,False,False,False,False,False,True,False,False,False,False,False,0,0.00020067346,ChurnBinary,Contact customer proactively
0,41,60.3,2511.3,0,61.25121951219513,2472.3,5,2,0,0,0,1,0,2,True,True,True,True,False,False,False,False,False,True,False,True,False,True,False,False,False,False,False,False,True,False,True,False,False,False,True,False,False,False,True,False,0,0.00017926916,ChurnBinary,Contact customer proactively
0,11,58.95,601.6,0,54.690909090909095,648.45,4,3,0,0,0,0,0,3,False,False,False,True,False,True,False,False,False,False,False,False,False,False,False,False,False,False,False,True,False,False,True,False,False,True,False,False,True,False,True,False,0,0.00029242702,ChurnBinary,Contact customer proactively
0,13,19.3,279.3,0,21.484615384615385,250.9,1,3,0,0,0,0,0,3,False,False,False,True,False,False,False,True,True,False,True,False,True,False,True,False,True,False,True,False,False,False,True,False,False,True,False,False,False,True,False,False,0,0.00025833896,ChurnBinary,Contact customer proactively
1,55,88.8,4805.3,0,87.36909090909091,4884.0,5,1,0,0,0,1,0,1,False,True,False,True,False,False,True,False,False,False,False,False,False,True,False,True,False,True,False,False,False,True,False,True,False,False,False,True,False,False,False,False,0,0.00016103535,ChurnBinary,Contact customer proactively
0,11,48.55,501.0,1,45.54545454545455,534.05,3,3,0,0,0,0,0,3,False,False,False,True,False,False,False,False,False,True,False,False,False,False,False,False,False,False,False,False,False,False,False,True,False,False,False,False,True,False,True,False,1,0.9987206,ChurnBinary,Contact customer proactively
0,48,45.55,2108.35,0,43.92395833333333,2186.4,4,3,0,0,0,1,0,3,False,False,True,False,True,False,False,False,False,False,False,True,False,True,False,False,False,False,False,True,False,False,False,True,False,False,True,False,False,False,True,False,0,0.00031642546,ChurnBinary,Contact customer proactively
0,31,81.7,2548.65,0,82.21451612903226,2532.7000000000003,4,2,0,0,0,0,0,2,True,False,False,True,False,True,True,False,False,False,False,False,False,False,False,True,False,False,False,False,True,False,False,True,False,False,True,False,False,False,False,False,0,0.00017758504,ChurnBinary,Contact customer proactively
0,63,109.2,7049.75,0,111.90079365079364,6879.6,8,1,0,0,0,1,1,1,True,False,False,True,False,False,True,False,False,True,False,True,False,True,False,True,False,True,False,True,False,True,False,True,False,False,False,True,False,False,False,True,0,0.0002444003,ChurnBinary,Contact customer proactively
1,61,65.2,3965.05,0,65.00081967213114,3977.2,5,2,0,1,0,1,0,3,False,True,True,True,False,True,False,False,False,False,False,False,False,True,False,False,False,True,False,False,True,False,True,False,True,False,False,True,False,False,True,False,0,0.00022046105,ChurnBinary,Contact customer proactively
0,72,24.25,1784.5,0,24.78472222222222,1746.0,2,1,0,0,0,1,0,1,False,True,True,True,False,True,False,True,True,False,True,False,True,False,True,False,True,False,True,False,False,True,False,True,False,False,False,True,False,True,False,False,0,0.00015802041,ChurnBinary,Contact customer proactively
0,53,108.25,5935.1,0,111.98301886792451,5737.25,7,3,0,0,0,1,1,3,False,True,True,True,False,False,True,False,False,False,False,True,False,True,False,True,False,True,False,True,False,False,True,False,False,False,False,True,False,False,False,True,0,0.00037890044,ChurnBinary,Contact customer proactively
1,7,48.2,340.35,0,48.621428571428574,337.40000000000003,3,3,0,1,0,0,0,4,False,False,False,True,False,False,False,False,False,True,False,False,False,False,False,False,False,False,False,False,False,False,True,False,True,False,False,False,True,False,True,False,0,0.00043140588,ChurnBinary,Contact customer proactively
0,28,81.05,2227.1,1,79.53928571428571,2269.4,3,3,0,1,0,0,0,4,False,True,True,True,False,False,True,False,False,False,False,False,False,False,False,False,False,False,False,True,False,False,True,False,True,False,True,False,False,False,False,False,1,0.9993243,ChurnBinary,Contact customer proactively
0,16,72.65,1194.3,1,74.64375,1162.4,3,3,0,1,0,0,0,4,False,False,False,True,False,True,True,False,False,False,False,False,False,False,False,False,False,False,False,False,False,False,False,False,True,False,False,False,False,False,False,False,1,0.9993087,ChurnBinary,Contact customer proactively
0,7,71.05,472.65,0,67.52142857142857,497.35,2,3,1,1,0,0,0,5,False,False,True,True,False,False,True,False,False,False,False,False,False,False,False,False,False,False,False,False,False,False,True,False,True,False,False,False,True,False,False,False,0,0.00072613836,ChurnBinary,Contact customer proactively
0,5,64.0,370.25,0,74.05,320.0,5,3,0,1,1,0,0,5,False,False,False,True,False,True,False,False,False,False,False,True,False,False,False,False,False,False,False,True,False,False,True,False,True,False,False,False,True,False,True,False,0,0.00047584932,ChurnBinary,Contact customer proactively
0,71,23.9,1663.5,0,23.42957746478873,1696.9,2,1,0,0,0,1,0,1,False,True,True,True,False,True,False,True,True,False,True,False,True,False,True,False,True,False,True,False,False,True,False,True,False,False,False,True,False,True,False,False,0,0.00015802041,ChurnBinary,Contact customer proactively
0,7,34.5,279.25,1,39.892857142857146,241.5,3,3,0,1,0,0,0,4,True,True,True,False,True,False,False,False,False,True,False,False,False,False,False,True,False,False,False,False,False,False,True,False,True,False,False,False,True,True,False,False,1,0.9991455,ChurnBinary,Contact customer proactively
1,11,111.4,1183.05,0,107.55,1225.4,8,3,1,1,0,0,1,5,True,False,False,True,False,True,True,False,False,False,False,True,False,True,False,True,False,True,False,True,False,False,True,False,True,False,False,False,True,False,False,True,0,0.0007165782,ChurnBinary,Contact customer proactively
0,52,63.9,3334.95,0,64.13365384615385,3322.8,7,1,0,0,0,1,0,1,True,False,False,False,True,False,False,False,False,True,False,True,False,True,False,True,False,True,False,True,False,True,False,True,False,False,False,True,False,False,True,False,0,0.00015802041,ChurnBinary,Contact customer proactively
0,49,67.4,3306.85,0,67.48673469387755,3302.6000000000004,6,1,0,0,0,1,0,1,False,False,False,True,False,False,False,False,False,True,False,True,False,True,False,True,False,False,False,False,False,True,False,False,False,False,False,True,False,False,True,False,0,0.00015802041,ChurnBinary,Contact customer proactively
0,19,18.8,279.2,0,14.694736842105264,357.2,1,2,0,0,0,0,0,2,True,False,False,True,False,False,False,True,True,False,True,False,True,False,True,False,True,False,True,False,True,False,False,False,False,True,False,False,False,True,False,False,0,0.00017376519,ChurnBinary,Contact customer proactively
0,2,80.95,171.15,1,85.575,161.9,3,3,1,1,1,0,0,6,True,False,False,True,False,False,True,False,False,False,False,False,False,False,False,False,False,False,False,True,False,False,True,False,True,False,False,False,True,False,False,False,1,0.9994789,ChurnBinary,Contact customer proactively
0,52,95.65,5088.4,0,97.85384615384616,4973.8,6,3,0,0,0,1,1,3,True,True,False,True,False,True,True,False,False,False,False,True,False,False,False,True,False,False,False,True,False,False,True,True,False,False,False,True,False,False,False,True,0,0.0003457931,ChurnBinary,Contact customer proactively
0,23,84.25,1968.1,0,85.5695652173913,1937.75,5,3,0,1,0,0,0,4,True,True,False,True,False,True,True,False,False,False,False,True,False,True,False,False,False,False,False,False,False,False,False,False,True,False,False,False,False,False,False,False,0,0.0005409584,ChurnBinary,Contact customer proactively
1,8,69.7,572.85,0,71.60625,557.6,2,3,0,1,0,0,0,4,True,False,False,True,False,False,True,False,False,False,False,False,False,False,False,False,False,False,False,False,False,False,True,False,True,False,False,False,True,False,True,False,0,0.0006958194,ChurnBinary,Contact customer proactively
1,65,103.9,6767.1,0,104.10923076923078,6753.5,7,2,0,0,0,1,1,2,False,True,True,True,False,True,True,False,False,False,False,False,False,True,False,True,False,True,False,True,True,False,True,False,False,False,False,True,False,False,False,True,0,0.000264825,ChurnBinary,Contact customer proactively
0,2,55.3,108.65,0,54.325,110.6,3,3,0,1,1,0,0,5,True,False,True,True,False,False,False,False,False,False,False,False,False,False,False,False,False,False,False,True,False,False,True,False,True,False,False,False,True,False,True,False,0,0.00057157985,ChurnBinary,Contact customer proactively
0,62,23.65,1416.75,0,22.850806451612904,1466.3,2,1,0,0,0,1,0,1,False,True,False,True,False,True,False,True,True,False,True,False,True,False,True,False,True,False,True,False,False,True,False,False,False,False,False,True,False,True,False,False,0,0.00015802041,ChurnBinary,Contact customer proactively
0,3,89.85,244.45,0,81.48333333333333,269.54999999999995,5,3,1,0,1,0,0,5,True,False,False,True,False,False,True,False,False,False,False,False,False,True,False,True,False,True,False,False,False,False,True,False,False,True,False,False,True,False,False,False,0,0.0007027669,ChurnBinary,Contact customer proactively
0,49,93.65,4520.15,0,92.24795918367346,4588.85,6,2,0,1,0,1,1,3,True,True,True,True,False,True,True,False,False,False,False,True,False,True,False,False,False,True,False,False,True,False,True,False,True,False,False,True,False,False,False,True,0,0.00029657315,ChurnBinary,Contact customer proactively
0,15,69.0,994.8,1,66.32,1035.0,2,3,0,0,0,0,0,3,False,False,True,True,False,False,True,False,False,False,False,False,False,False,False,False,False,False,False,False,False,False,False,False,False,False,False,False,False,False,True,False,1,0.99899274,ChurnBinary,Contact customer proactively
0,41,20.25,865.0,0,21.09756097560976,830.25,1,2,0,0,0,1,0,2,False,False,True,True,False,False,False,True,True,False,True,False,True,False,True,False,True,False,True,False,True,False,True,True,False,False,True,False,False,True,False,False,0,0.0001721428,ChurnBinary,Contact customer proactively
1,46,104.45,4863.85,0,105.7358695652174,4804.7,7,3,0,1,0,1,1,4,False,False,False,True,False,True,True,False,False,False,False,True,False,True,False,False,False,True,False,True,False,False,True,False,True,False,True,False,False,False,False,True,0,0.00051371305,ChurnBinary,Contact customer proactively
0,56,25.95,1444.05,0,25.786607142857143,1453.2,2,1,0,0,0,1,0,1,True,False,False,True,False,True,False,True,True,False,True,False,True,False,True,False,True,False,True,False,False,True,True,False,False,False,False,True,False,True,False,False,0,0.00015802041,ChurnBinary,Contact customer proactively
0,48,95.4,4445.3,0,92.61041666666668,4579.200000000001,6,3,0,1,0,1,1,4,True,False,False,True,False,True,True,False,False,True,False,False,False,False,False,True,False,False,False,True,False,False,True,False,True,False,True,False,False,False,False,True,0,0.00043907107,ChurnBinary,Contact customer proactively
0,2,70.7,129.2,0,64.6,141.4,2,3,1,0,1,0,0,5,True,False,False,True,False,False,True,False,False,False,False,False,False,False,False,False,False,False,False,False,False,False,False,False,False,True,False,False,True,False,False,False,0,0.00066326954,ChurnBinary,Contact customer proactively
0,72,23.75,1679.25,0,23.322916666666668,1710.0,2,1,0,0,0,1,0,1,False,True,True,True,False,True,False,True,True,False,True,False,True,False,True,False,True,False,True,False,False,True,False,False,False,False,False,True,False,True,False,False,0,0.00015802041,ChurnBinary,Contact customer proactively
0,45,78.8,3597.5,0,79.94444444444444,3546.0,7,2,0,0,0,1,0,2,True,True,False,True,False,False,False,False,False,True,False,True,False,True,False,False,False,True,False,True,True,False,False,False,False,False,True,False,False,False,False,False,0,0.0002186703,ChurnBinary,Contact customer proactively
0,37,62.8,2278.75,0,61.58783783783784,2323.6,6,1,0,0,0,1,0,1,True,True,True,True,False,True,False,False,False,True,False,False,False,True,False,True,False,False,False,False,False,True,True,True,False,False,True,False,False,False,True,False,0,0.00015802041,ChurnBinary,Contact customer proactively
0,61,89.2,5500.6,0,90.17377049180328,5441.2,5,3,0,0,0,1,0,3,False,False,False,True,False,True,True,False,False,False,False,False,False,True,False,False,False,False,False,True,False,False,False,False,False,True,False,True,False,False,False,False,0,0.00033185678,ChurnBinary,Contact customer proactively
0,60,20.6,1093.0,0,18.216666666666665,1236.0,1,1,0,0,0,1,0,1,False,False,False,True,False,False,False,True,True,False,True,False,True,False,True,False,True,False,True,False,False,True,False,False,False,True,False,True,False,True,False,False,0,0.00015802041,ChurnBinary,Contact customer proactively
1,2,50.15,115.1,1,57.55,100.3,3,3,0,0,1,0,0,4,False,True,False,True,False,False,False,False,False,False,False,True,False,False,False,False,False,False,False,False,False,False,False,True,False,False,False,False,True,False,True,False,1,0.9992111,ChurnBinary,Contact customer proactively
0,63,75.55,4707.85,0,74.72777777777779,4759.65,7,1,0,0,0,1,0,1,False,True,True,True,False,False,False,False,False,True,False,True,False,True,False,True,False,True,False,False,False,True,False,True,False,False,False,True,False,False,False,False,0,0.00015802041,ChurnBinary,Contact customer proactively
1,4,84.6,360.1,1,90.025,338.4,4,3,1,1,1,0,0,6,False,False,False,True,False,True,True,False,False,False,False,False,False,False,False,False,False,False,False,True,False,False,True,False,True,False,False,False,True,False,False,False,1,0.99949694,ChurnBinary,Contact customer proactively
0,62,102.0,6529.25,1,105.31048387096774,6324.0,7,2,0,1,0,1,1,3,True,False,False,True,False,True,True,False,False,True,False,True,False,False,False,True,False,False,False,True,True,False,False,False,True,False,False,True,False,False,False,True,1,0.99883574,ChurnBinary,Contact customer proactively
0,62,92.05,5755.8,0,92.83548387096776,5707.099999999999,6,2,0,1,0,1,1,3,False,False,False,True,False,True,True,False,False,True,False,True,False,True,False,False,False,False,False,False,True,False,True,False,True,False,False,True,False,False,False,True,0,0.00026280273,ChurnBinary,Contact customer proactively
0,69,97.65,6743.55,0,97.73260869565216,6737.85,7,1,0,0,0,1,1,1,True,False,False,True,False,True,True,False,False,False,False,True,False,True,False,True,False,True,False,False,False,True,True,True,False,False,False,True,False,False,False,True,0,0.00019756574,ChurnBinary,Contact customer proactively
0,4,105.65,443.9,1,110.975,422.6,7,2,0,1,1,0,1,4,False,False,False,True,False,False,True,False,False,False,False,True,False,True,False,True,False,True,False,True,True,False,True,False,True,False,False,False,True,False,False,True,1,0.999313,ChurnBinary,Contact customer proactively
0,49,56.3,2780.6,0,56.7469387755102,2758.7,5,2,0,0,0,1,0,2,False,True,False,False,True,False,False,False,False,False,False,True,False,False,False,True,False,True,False,True,True,False,True,True,False,False,False,True,False,False,True,False,0,0.00021094157,ChurnBinary,Contact customer proactively
0,51,81.15,4126.2,0,80.90588235294118,4138.650000000001,8,2,0,0,0,1,0,2,True,False,False,True,False,True,False,False,False,True,False,True,False,True,False,True,False,True,False,False,True,False,True,True,False,False,False,True,False,False,False,False,0,0.00018130933,ChurnBinary,Contact customer proactively
0,26,44.65,1156.55,0,44.482692307692304,1160.9,4,3,0,0,0,0,0,3,True,False,False,False,True,False,False,False,False,True,False,True,False,False,False,False,False,False,False,True,False,False,True,False,False,False,True,False,False,False,True,False,0,0.00030543542,ChurnBinary,Contact customer proactively
0,9,43.75,405.7,0,45.077777777777776,393.75,2,3,0,1,0,0,0,4,False,False,False,True,False,False,False,False,False,False,False,False,False,False,False,False,False,False,False,False,False,False,True,False,True,False,False,False,True,False,True,False,0,0.00044402553,ChurnBinary,Contact customer proactively
0,57,94.7,5468.95,0,95.94649122807016,5397.900000000001,6,2,0,1,0,1,1,3,False,False,False,True,False,True,True,False,False,False,False,True,False,False,False,True,False,False,False,True,True,False,False,False,True,False,False,True,False,False,False,True,0,0.00027747406,ChurnBinary,Contact customer proactively
0,37,19.5,805.2,0,21.762162162162163,721.5,1,3,0,0,0,1,0,3,False,True,False,True,False,False,False,True,True,False,True,False,True,False,True,False,True,False,True,False,False,False,False,False,False,False,True,False,False,True,False,False,0,0.00023994433,ChurnBinary,Contact customer proactively
0,30,97.0,3021.3,0,100.71,2910.0,5,2,0,0,0,0,1,2,True,False,False,True,False,False,True,False,False,False,False,True,False,False,False,False,False,True,False,True,True,False,True,False,False,False,True,False,False,False,False,True,0,0.00025084885,ChurnBinary,Contact customer proactively
1,70,107.9,7475.85,0,106.79785714285715,7553.0,8,2,0,1,0,1,1,3,False,True,True,True,False,True,True,False,False,False,False,True,False,True,False,True,False,True,False,True,True,False,True,False,True,False,False,True,False,False,False,True,0,0.00032163947,ChurnBinary,Contact customer proactively
0,22,89.4,2001.5,1,90.97727272727272,1966.8,5,3,0,1,0,0,0,4,True,False,True,True,False,False,True,False,False,False,False,True,False,True,False,False,False,True,False,False,False,False,True,False,True,False,False,False,False,False,False,False,1,0.9993794,ChurnBinary,Contact customer proactively
0,39,48.95,1880.85,1,48.22692307692307,1909.05,5,3,0,0,0,1,0,3,True,False,False,False,True,False,False,False,False,True,False,True,False,False,False,True,False,True,False,False,False,False,True,True,False,False,True,False,False,False,True,False,1,0.99873716,ChurnBinary,Contact customer proactively
1,33,80.6,2656.5,1,80.5,2659.8,4,3,0,0,0,0,0,3,False,True,False,True,False,True,True,False,False,False,False,True,False,False,False,False,False,False,False,False,False,False,True,False,False,False,True,False,False,False,False,False,1,0.9991124,ChurnBinary,Contact customer proactively
0,60,116.6,7049.5,0,117.49166666666666,6996.0,9,2,0,0,0,1,1,2,True,False,False,True,False,True,True,False,False,True,False,True,False,True,False,True,False,True,False,True,True,False,True,True,False,False,False,True,False,False,False,True,0,0.00028235046,ChurnBinary,Contact customer proactively
0,1,19.45,19.45,0,19.45,19.45,1,3,0,1,1,0,0,5,False,True,True,True,False,False,False,True,True,False,True,False,True,False,True,False,True,False,True,False,False,False,False,False,True,False,False,False,True,True,False,False,0,0.00041627814,ChurnBinary,Contact customer proactively
0,12,58.35,740.55,0,61.7125,700.2,4,3,0,0,0,0,0,3,False,True,True,True,False,False,False,False,False,False,False,False,False,True,False,False,False,True,False,False,False,False,True,True,False,False,False,False,True,False,True,False,0,0.00029402555,ChurnBinary,Contact customer proactively
0,51,19.95,1028.75,0,20.17156862745098,1017.45,1,1,0,0,0,1,0,1,False,True,True,True,False,False,False,True,True,False,True,False,True,False,True,False,True,False,True,False,False,True,False,False,False,True,False,True,False,True,False,False,0,0.00015802041,ChurnBinary,Contact customer proactively
0,22,80.15,1790.65,0,81.39318181818182,1763.3000000000002,3,3,0,1,0,0,0,4,False,True,True,True,False,False,True,False,False,False,False,False,False,False,False,False,False,False,False,True,False,False,True,False,True,False,False,False,False,False,False,False,0,0.0005671073,ChurnBinary,Contact customer proactively
0,1,18.8,18.8,0,18.8,18.8,1,2,0,0,1,0,0,3,True,True,True,True,False,False,False,True,True,False,True,False,True,False,True,False,True,False,True,False,True,False,False,False,False,True,False,False,True,True,False,False,0,0.0002117654,ChurnBinary,Contact customer proactively
0,39,100.0,3835.55,0,98.3474358974359,3900.0,6,2,0,1,0,1,1,3,True,True,True,True,False,True,True,False,False,False,False,False,False,True,False,False,False,True,False,True,True,False,False,False,True,False,True,False,False,False,False,True,0,0.00033284916,ChurnBinary,Contact customer proactively
0,4,93.5,362.2,1,90.55,374.0,6,3,1,1,1,0,1,6,False,False,False,True,False,True,True,False,False,False,False,True,False,False,False,True,False,False,False,True,False,False,True,False,True,False,False,False,True,False,False,True,1,0.9994803,ChurnBinary,Contact customer proactively
0,39,80.45,3201.55,1,82.09102564102565,3137.55,4,1,0,1,0,1,0,2,False,False,False,True,False,False,True,False,False,False,False,False,False,True,False,True,False,False,False,False,False,True,True,False,True,False,True,False,False,False,False,False,1,0.9977824,ChurnBinary,Contact customer proactively
1,69,84.9,5785.65,0,83.85,5858.1,5,3,0,0,0,1,0,3,True,True,False,True,False,True,True,False,False,True,False,True,False,False,False,False,False,False,False,False,False,False,True,True,False,False,False,True,False,False,False,False,0,0.00032756868,ChurnBinary,Contact customer proactively
1,8,64.4,581.7,0,72.7125,515.2,5,3,0,0,0,0,0,3,True,True,False,True,False,False,False,False,False,False,False,False,False,True,False,True,False,False,False,True,False,False,True,True,False,False,False,False,True,False,True,False,0,0.00029905757,ChurnBinary,Contact customer proactively
0,68,25.05,1629.2,0,23.958823529411767,1703.4,2,1,0,0,0,1,0,1,True,True,False,True,False,True,False,True,True,False,True,False,True,False,True,False,True,False,True,False,False,True,False,True,False,False,False,True,False,True,False,False,0,0.00015802041,ChurnBinary,Contact customer proactively
1,2,70.75,154.85,1,77.425,141.5,2,3,1,1,1,0,0,6,False,False,False,True,False,False,True,False,False,False,False,False,False,False,False,False,False,False,False,False,False,False,False,False,True,False,False,False,True,False,False,False,1,0.9994325,ChurnBinary,Contact customer proactively
1,24,39.1,971.3,1,40.47083333333333,938.4,3,3,0,0,0,0,0,3,True,True,False,False,True,False,False,False,False,True,False,False,False,False,False,False,False,False,False,True,False,False,False,False,False,False,False,False,False,False,True,False,1,0.9988424,ChurnBinary,Contact customer proactively
0,42,50.25,2203.65,1,52.46785714285714,2110.5,3,3,0,1,0,1,0,4,False,True,False,True,False,True,False,False,False,False,False,False,False,False,False,False,False,False,False,False,False,False,True,False,True,False,True,False,False,False,True,False,1,0.99897385,ChurnBinary,Contact customer proactively
0,59,80.1,4693.2,0,79.5457627118644,4725.9,7,2,0,1,0,1,0,3,False,True,False,True,False,True,False,False,False,False,False,True,False,False,False,True,False,True,False,True,True,False,True,False,True,False,False,True,False,False,False,False,0,0.00022021441,ChurnBinary,Contact customer proactively
0,1,80.0,80.0,1,80.0,80.0,3,3,1,1,1,0,0,6,True,True,True,True,False,False,True,False,False,False,False,False,False,False,False,False,False,False,False,True,False,False,False,False,True,False,False,False,True,False,False,False,1,0.9994729,ChurnBinary,Contact customer proactively
0,46,35.05,1620.25,0,35.22282608695652,1612.3,3,3,0,0,0,1,0,3,False,True,True,False,True,False,False,False,False,True,False,True,False,False,False,False,False,False,False,False,False,False,False,False,False,False,True,False,False,True,False,False,0,0.0002979323,ChurnBinary,Contact customer proactively
0,4,29.65,118.5,1,29.625,118.6,2,3,0,1,1,0,0,5,True,False,False,False,True,False,False,False,False,False,False,False,False,True,False,False,False,False,False,False,False,False,True,False,True,False,False,False,True,True,False,False,1,0.99933016,ChurnBinary,Contact customer proactively
0,11,20.45,250.8,0,22.8,224.95,1,3,0,1,0,0,0,4,True,True,True,True,False,False,False,True,True,False,True,False,True,False,True,False,True,False,True,False,False,False,True,False,True,False,False,False,True,True,False,False,0,0.00033331214,ChurnBinary,Contact customer proactively
0,59,66.4,3958.2,0,67.08813559322033,3917.6,6,2,0,0,0,1,0,2,True,True,False,True,False,False,False,False,False,True,False,True,False,True,False,False,False,True,False,False,True,False,False,True,False,False,False,True,False,False,True,False,0,0.00017738654,ChurnBinary,Contact customer proactively
0,53,60.6,3297.0,0,62.20754716981132,3211.8,4,2,0,0,0,1,0,2,False,True,True,True,False,False,False,False,False,False,False,False,False,True,False,False,False,False,False,True,True,False,False,True,False,False,False,True,False,False,True,False,0,0.00020494984,ChurnBinary,Contact customer proactively
0,3,54.2,140.4,0,46.8,162.60000000000002,3,3,0,1,1,0,0,5,False,False,False,True,False,False,False,False,False,False,False,False,False,False,False,False,False,True,False,False,False,False,True,False,True,False,False,False,True,False,True,False,0,0.0005642306,ChurnBinary,Contact customer proactively
0,72,25.25,1841.2,0,25.572222222222223,1818.0,2,1,0,0,0,1,0,1,False,True,False,True,False,True,False,True,True,False,True,False,True,False,True,False,True,False,True,False,False,True,True,False,False,False,False,True,False,True,False,False,0,0.00015802041,ChurnBinary,Contact customer proactively
0,9,18.95,185.6,1,20.62222222222222,170.54999999999998,1,3,0,0,0,0,0,3,True,False,False,True,False,False,False,True,True,False,True,False,True,False,True,False,True,False,True,False,False,False,True,False,False,True,False,False,True,True,False,False,1,0.9985291,ChurnBinary,Contact customer proactively
0,24,20.8,469.65,0,19.56875,499.2000000000001,1,2,0,0,0,0,0,2,True,True,True,True,False,False,False,True,True,False,True,False,True,False,True,False,True,False,True,False,True,False,True,True,False,False,False,False,False,True,False,False,0,0.0001721428,ChurnBinary,Contact customer proactively
1,45,86.1,3861.45,0,85.81,3874.5,4,3,0,1,0,1,0,4,False,True,False,True,False,False,True,False,False,False,False,False,False,True,False,False,False,False,False,True,False,False,True,False,True,False,True,False,False,False,False,False,0,0.000494328,ChurnBinary,Contact customer proactively
0,49,40.65,2070.75,0,42.26020408163265,1991.85,3,3,0,0,0,1,0,3,False,True,False,False,True,False,False,False,False,True,False,False,False,False,False,False,False,True,False,False,False,False,False,False,False,False,False,True,False,False,True,False,0,0.00031337704,ChurnBinary,Contact customer proactively
0,61,24.4,1417.9,0,23.24426229508197,1488.4,2,1,0,0,0,1,0,1,False,True,False,True,False,True,False,True,True,False,True,False,True,False,True,False,True,False,True,False,False,True,False,False,False,True,False,True,False,True,False,False,0,0.00015802041,ChurnBinary,Contact customer proactively
0,2,70.3,144.0,0,72.0,140.6,2,3,0,1,1,0,0,5,True,False,False,True,False,False,True,False,False,False,False,False,False,False,False,False,False,False,False,False,False,False,True,False,True,False,False,False,True,False,True,False,0,0.0007216907,ChurnBinary,Contact customer proactively
0,5,85.4,425.9,1,85.17999999999999,427.0,4,3,1,0,1,0,0,5,False,False,False,True,False,False,True,False,False,False,False,False,False,False,False,True,False,False,False,True,False,False,True,True,False,False,False,False,True,False,False,False,1,0.99945015,ChurnBinary,Contact customer proactively
0,2,42.6,72.4,1,36.2,85.2,4,3,0,1,1,0,0,5,False,False,False,False,True,False,False,False,False,True,False,True,False,False,False,False,False,False,False,True,False,False,True,False,True,False,False,False,True,False,True,False,1,0.9993425,ChurnBinary,Contact customer proactively
0,25,81.75,2028.8,0,81.152,2043.75,8,3,0,0,0,0,0,3,True,False,False,True,False,True,False,False,False,True,False,True,False,True,False,True,False,False,False,True,False,False,False,False,False,False,True,False,False,False,False,False,0,0.0002521764,ChurnBinary,Contact customer proactively
0,60,106.15,6411.25,0,106.85416666666669,6369.0,7,3,0,1,0,1,1,4,False,True,False,True,False,True,True,False,False,False,False,True,False,True,False,False,False,True,False,True,False,False,True,False,True,False,False,True,False,False,False,True,0,0.00048129816,ChurnBinary,Contact customer proactively
0,51,110.05,5686.4,0,111.49803921568626,5612.55,8,2,0,0,0,1,1,2,True,True,True,True,False,True,True,False,False,True,False,True,False,False,False,True,False,True,False,True,True,False,False,True,False,False,False,True,False,False,False,True,0,0.00029796528,ChurnBinary,Contact customer proactively
0,2,56.7,113.55,1,56.775,113.4,4,3,0,0,1,0,0,4,True,True,True,True,False,True,False,False,False,True,False,False,False,False,False,False,False,False,False,False,False,False,False,False,False,True,False,False,True,False,True,False,1,0.9991007,ChurnBinary,Contact customer proactively
1,62,103.75,6383.35,1,102.95725806451614,6432.5,7,2,0,1,0,1,1,3,True,True,False,True,False,True,True,False,False,False,False,True,False,True,False,False,False,True,False,True,True,False,True,False,True,False,False,True,False,False,False,True,1,0.9989404,ChurnBinary,Contact customer proactively
0,52,81.4,4354.45,0,83.73942307692307,4232.8,8,2,0,0,0,1,0,2,True,True,False,True,False,True,False,False,False,True,False,True,False,True,False,True,False,False,False,True,True,False,True,True,False,False,False,True,False,False,False,False,0,0.00022035892,ChurnBinary,Contact customer proactively
0,68,76.9,5023.0,0,73.86764705882354,5229.200000000001,7,2,0,0,0,1,0,2,True,False,False,True,False,True,False,False,False,True,False,True,False,True,False,False,False,False,False,True,True,False,True,True,False,False,False,True,False,False,False,False,0,0.00022035892,ChurnBinary,Contact customer proactively
0,22,84.15,1821.95,0,82.81590909090909,1851.3,4,3,0,0,0,0,0,3,False,False,False,True,False,True,True,False,False,False,False,False,False,False,False,False,False,True,False,False,False,False,True,False,False,False,False,False,False,False,False,False,0,0.00044722206,ChurnBinary,Contact customer proactively
1,1,25.05,25.05,1,25.05,25.05,1,3,0,1,1,0,0,5,True,True,False,False,True,False,False,False,False,False,False,False,False,False,False,False,False,False,False,False,False,False,False,False,True,False,False,False,True,True,False,False,1,0.9992968,ChurnBinary,Contact customer proactively
1,3,41.15,132.2,1,44.06666666666666,123.45,3,3,0,1,1,0,0,5,True,False,False,False,True,False,False,False,False,False,False,False,False,True,False,False,False,False,False,True,False,False,True,False,True,False,False,False,True,False,True,False,1,0.99936897,ChurnBinary,Contact customer proactively
1,16,96.4,1581.2,1,98.825,1542.4,5,3,0,1,0,0,1,4,False,False,False,True,False,True,True,False,False,False,False,False,False,False,False,False,False,True,False,True,False,False,True,False,True,False,False,False,False,False,False,True,1,0.9994286,ChurnBinary,Contact customer proactively
1,32,74.4,2276.95,1,71.1546875,2380.8,3,3,0,1,0,0,0,4,False,False,False,True,False,False,True,False,False,False,False,True,False,False,False,False,False,False,False,False,False,False,True,False,True,False,True,False,False,False,False,False,1,0.99933124,ChurnBinary,Contact customer proactively
0,50,24.9,1195.25,0,23.905,1245.0,2,1,0,0,0,1,0,1,True,False,False,True,False,True,False,True,True,False,True,False,True,False,True,False,True,False,True,False,False,True,False,False,False,False,False,True,False,True,False,False,0,0.00015802041,ChurnBinary,Contact customer proactively
0,1,48.75,48.75,0,48.75,48.75,3,3,0,0,1,0,0,4,True,True,True,True,False,False,False,False,False,True,False,False,False,False,False,False,False,False,False,False,False,False,True,False,False,True,False,False,True,False,True,False,0,0.0005279902,ChurnBinary,Contact customer proactively
0,6,83.9,497.55,1,82.925,503.4,4,3,1,1,0,0,0,5,False,False,False,True,False,False,True,False,False,False,False,False,False,True,False,False,False,False,False,True,False,False,False,False,True,False,False,False,True,False,False,False,1,0.9994241,ChurnBinary,Contact customer proactively
0,1,50.75,50.75,1,50.75,50.75,3,3,0,1,1,0,0,5,True,False,False,True,False,False,False,False,False,False,False,True,False,False,False,False,False,False,False,False,False,False,True,False,True,False,False,False,True,False,True,False,1,0.9993445,ChurnBinary,Contact customer proactively
0,29,20.2,558.8,0,19.268965517241377,585.8,1,1,0,0,0,0,0,1,False,True,True,True,False,False,False,True,True,False,True,False,True,False,True,False,True,False,True,False,False,True,False,False,False,True,True,False,False,True,False,False,0,0.00015802041,ChurnBinary,Contact customer proactively
0,1,19.3,19.3,1,19.3,19.3,1,3,0,0,1,0,0,4,True,False,False,True,False,False,False,True,True,False,True,False,True,False,True,False,True,False,True,False,False,False,True,False,False,True,False,False,True,True,False,False,1,0.9990865,ChurnBinary,Contact customer proactively
0,58,95.3,5817.7,0,100.3051724137931,5527.4,5,3,0,1,0,1,1,4,False,False,False,True,False,False,True,False,False,False,False,False,False,False,False,True,False,True,False,True,False,False,True,False,True,False,False,True,False,False,False,True,0,0.00044311935,ChurnBinary,Contact customer proactively
1,35,76.05,2747.2,0,78.49142857142857,2661.75,6,3,0,1,0,0,0,4,True,True,True,True,False,False,False,False,False,False,False,True,False,False,False,True,False,True,False,True,False,False,True,False,True,False,True,False,False,False,False,False,0,0.00037735578,ChurnBinary,Contact customer proactively
0,43,19.55,876.15,0,20.375581395348835,840.65,1,1,0,0,0,1,0,1,True,False,False,True,False,False,False,True,True,False,True,False,True,False,True,False,True,False,True,False,False,True,False,False,False,True,True,False,False,True,False,False,0,0.00015802041,ChurnBinary,Contact customer proactively
0,41,50.05,2029.05,0,49.4890243902439,2052.05,3,2,0,0,0,1,0,2,False,False,False,True,False,False,False,False,False,False,False,False,False,False,False,True,False,False,False,False,True,False,False,False,False,False,True,False,False,False,True,False,0,0.00017426015,ChurnBinary,Contact customer proactively
0,47,19.3,890.5,0,18.9468085106383,907.1,1,1,0,0,0,1,0,1,False,True,True,True,False,False,False,True,True,False,True,False,True,False,True,False,True,False,True,False,False,True,False,False,False,False,True,False,False,True,False,False,0,0.00015802041,ChurnBinary,Contact customer proactively
0,33,100.0,3320.6,0,100.62424242424242,3300.0,6,3,0,1,0,0,1,4,False,False,False,True,False,True,True,False,False,False,False,True,False,False,False,False,False,True,False,True,False,False,True,False,True,False,True,False,False,False,False,True,0,0.0005222116,ChurnBinary,Contact customer proactively
0,67,20.5,1430.95,0,21.357462686567164,1373.5,1,1,0,0,0,1,0,1,True,False,False,True,False,False,False,True,True,False,True,False,True,False,True,False,True,False,True,False,False,True,False,False,False,False,False,True,False,True,False,False,0,0.00015802041,ChurnBinary,Contact customer proactively
0,72,19.4,1496.45,0,20.78402777777778,1396.8,1,1,0,0,0,1,0,1,False,True,False,True,False,False,False,True,True,False,True,False,True,False,True,False,True,False,True,False,False,True,False,False,False,False,False,True,False,True,False,False,0,0.00015802041,ChurnBinary,Contact customer proactively
0,50,54.9,2614.1,0,52.282,2745.0,4,2,0,0,0,1,0,2,True,True,True,True,False,True,False,False,False,False,False,False,False,True,False,False,False,False,False,False,True,False,False,False,False,False,False,True,False,False,True,False,0,0.00017426015,ChurnBinary,Contact customer proactively
1,49,49.8,2398.4,0,48.946938775510205,2440.2,3,1,0,0,0,1,0,1,True,True,False,True,False,False,False,False,False,False,False,True,False,False,False,False,False,False,False,False,False,True,False,False,False,True,False,True,False,False,True,False,0,0.00015802041,ChurnBinary,Contact customer proactively
0,4,74.35,265.35,1,66.3375,297.4,3,3,1,1,1,0,0,6,True,False,False,True,False,True,True,False,False,False,False,False,False,False,False,False,False,False,False,False,False,False,True,False,True,False,False,False,True,False,False,False,1,0.9994789,ChurnBinary,Contact customer proactively
0,61,94.15,5731.85,0,93.96475409836066,5743.150000000001,6,3,0,0,0,1,1,3,True,True,False,True,False,False,True,False,False,False,False,True,False,True,False,True,False,False,False,True,False,False,False,True,False,False,False,True,False,False,False,True,0,0.00031766322,ChurnBinary,Contact customer proactively
0,7,20.65,150.0,0,21.428571428571427,144.54999999999998,1,2,0,0,0,0,0,2,True,True,True,True,False,False,False,True,True,False,True,False,True,False,True,False,True,False,True,False,True,False,False,False,False,True,False,False,True,True,False,False,0,0.00017376519,ChurnBinary,Contact customer proactively
1,14,90.45,1266.1,1,90.43571428571428,1266.3,4,3,0,0,0,0,1,3,True,False,False,True,False,False,True,False,False,False,False,False,False,False,False,False,False,True,False,True,False,False,False,True,False,False,False,False,False,False,False,True,1,0.9990767,ChurnBinary,Contact customer proactively
0,26,73.05,1959.5,0,75.36538461538461,1899.3,6,3,0,1,0,0,0,4,False,True,False,True,False,False,False,False,False,False,False,True,False,False,False,True,False,True,False,True,False,False,True,False,True,False,True,False,False,False,False,False,0,0.0003805896,ChurnBinary,Contact customer proactively
1,35,70.55,2419.0,0,69.11428571428571,2469.25,2,3,0,1,0,0,0,4,False,False,False,True,False,False,True,False,False,False,False,False,False,False,False,False,False,False,False,False,False,False,False,False,True,False,True,False,False,False,False,False,0,0.0004950216,ChurnBinary,Contact customer proactively
1,54,99.1,5437.1,0,100.68703703703704,5351.4,6,2,0,1,0,1,1,3,False,True,False,True,False,False,True,False,False,False,False,False,False,True,False,True,False,True,False,True,True,False,True,False,True,False,False,True,False,False,False,True,0,0.00029884436,ChurnBinary,Contact customer proactively
0,8,95.65,778.1,1,97.2625,765.2,5,3,1,0,0,0,1,4,False,False,False,True,False,True,True,False,False,False,False,False,False,False,False,False,False,True,False,True,False,False,False,False,False,False,False,False,True,False,False,True,1,0.9993925,ChurnBinary,Contact customer proactively
0,1,71.65,71.65,1,71.65,71.65,2,3,1,1,1,0,0,6,True,False,True,True,False,False,True,False,False,False,False,False,False,False,False,False,False,False,False,False,False,False,True,False,True,False,False,False,True,False,False,False,1,0.999516,ChurnBinary,Contact customer proactively
0,67,100.25,6689.0,0,99.8358208955224,6716.75,7,2,0,0,0,1,1,2,False,True,True,True,False,True,True,False,False,True,False,False,False,True,False,True,False,False,False,True,True,False,True,False,False,False,False,True,False,False,False,True,0,0.00025093378,ChurnBinary,Contact customer proactively
0,24,19.75,498.1,0,20.754166666666663,474.0,1,1,0,0,0,0,0,1,False,False,True,True,False,False,False,True,True,False,True,False,True,False,True,False,True,False,True,False,False,True,False,False,False,True,False,False,False,True,False,False,0,0.00015802041,ChurnBinary,Contact customer proactively
0,64,24.9,1595.5,0,24.9296875,1593.6,2,2,0,0,0,1,0,2,False,True,True,True,False,True,False,True,True,False,True,False,True,False,True,False,True,False,True,False,True,False,False,False,False,True,False,True,False,True,False,False,0,0.0001721428,ChurnBinary,Contact customer proactively
1,34,79.6,2718.3,1,79.95,2706.4,4,3,0,0,0,0,0,3,False,True,True,True,False,True,True,False,False,False,False,True,False,False,False,False,False,False,False,False,False,False,True,False,False,True,True,False,False,False,False,False,1,0.9991032,ChurnBinary,Contact customer proactively
0,8,19.9,153.95,0,19.24375,159.2,1,2,0,0,0,0,0,2,True,True,True,True,False,False,False,True,True,False,True,False,True,False,True,False,True,False,True,False,True,False,False,True,False,False,False,False,True,True,False,False,0,0.00017376519,ChurnBinary,Contact customer proactively
0,6,20.2,123.65,0,20.60833333333333,121.2,1,3,0,0,0,0,0,3,False,False,False,True,False,False,False,True,True,False,True,False,True,False,True,False,True,False,True,False,False,False,False,False,False,True,False,False,True,True,False,False,0,0.00025833896,ChurnBinary,Contact customer proactively
0,13,99.0,1301.7,1,100.13076923076925,1287.0,6,3,0,0,0,0,1,3,True,False,False,True,False,True,True,False,False,False,False,False,False,False,False,True,False,True,False,True,False,False,True,False,False,True,False,False,False,False,False,True,1,0.99925727,ChurnBinary,Contact customer proactively
0,62,24.25,1424.6,0,22.97741935483871,1503.5,2,1,0,0,0,1,0,1,True,True,True,True,False,True,False,True,True,False,True,False,True,False,True,False,True,False,True,False,False,True,True,False,False,False,False,True,False,True,False,False,0,0.00015802041,ChurnBinary,Contact customer proactively
0,34,100.05,3480.0,1,102.3529411764706,3401.7,6,3,0,1,0,0,1,4,True,True,False,True,False,True,True,False,False,False,False,False,False,True,False,False,False,True,False,True,False,False,True,False,True,False,True,False,False,False,False,True,1,0.99930155,ChurnBinary,Contact customer proactively
0,9,99.3,918.75,0,102.08333333333331,893.6999999999999,6,3,1,0,0,0,1,4,True,False,False,True,False,True,True,False,False,False,False,True,False,False,False,False,False,True,False,True,False,False,True,True,False,False,False,False,True,False,False,True,0,0.00070183526,ChurnBinary,Contact customer proactively
0,22,20.3,467.15,0,21.23409090909091,446.6,1,2,0,0,0,0,0,2,True,False,False,True,False,False,False,True,True,False,True,False,True,False,True,False,True,False,True,False,True,False,False,True,False,False,False,False,False,True,False,False,0,0.00017376519,ChurnBinary,Contact customer proactively
0,40,55.25,2139.2,1,53.48,2210.0,4,3,0,0,0,1,0,3,True,False,True,True,False,False,False,False,False,True,False,True,False,False,False,False,False,False,False,False,False,False,True,False,False,True,True,False,False,False,True,False,1,0.99852294,ChurnBinary,Contact customer proactively
1,35,100.5,3653.35,1,104.38142857142856,3517.5,7,3,0,0,0,0,1,3,False,True,False,True,False,True,True,False,False,True,False,True,False,False,False,True,False,True,False,False,False,False,True,False,False,False,True,False,False,False,False,True,1,0.9990959,ChurnBinary,Contact customer proactively
0,7,23.5,173.0,0,24.714285714285715,164.5,2,3,0,0,0,0,0,3,True,False,False,True,False,True,False,True,True,False,True,False,True,False,True,False,True,False,True,False,False,False,False,False,False,True,False,False,True,True,False,False,0,0.00025712946,ChurnBinary,Contact customer proactively
1,32,19.8,587.7,0,18.365625,633.6,1,2,0,0,0,0,0,2,True,False,False,True,False,False,False,True,True,False,True,False,True,False,True,False,True,False,True,False,True,False,False,True,False,False,True,False,False,True,False,False,0,0.0001721428,ChurnBinary,Contact customer proactively
0,61,19.75,1124.2,0,18.42950819672131,1204.75,1,1,0,0,0,1,0,1,True,False,True,True,False,False,False,True,True,False,True,False,True,False,True,False,True,False,True,False,False,True,False,False,False,True,False,True,False,True,False,False,0,0.00015802041,ChurnBinary,Contact customer proactively
0,2,20.75,44.2,0,22.1,41.5,1,3,0,0,1,0,0,4,True,False,False,True,False,False,False,True,True,False,True,False,True,False,True,False,True,False,True,False,False,False,False,False,False,True,False,False,True,True,False,False,0,0.0003367776,ChurnBinary,Contact customer proactively
0,56,103.2,5744.35,0,102.57767857142858,5779.2,7,1,0,0,0,1,1,1,False,True,False,True,False,True,True,False,False,False,False,False,False,True,False,True,False,True,False,True,False,True,False,False,False,False,False,True,False,False,False,True,0,0.00025177663,ChurnBinary,Contact customer proactively
1,65,106.25,6979.8,1,107.38153846153848,6906.25,7,2,0,1,0,1,1,3,False,True,False,True,False,True,True,False,False,False,False,True,False,True,False,False,False,True,False,True,True,False,True,False,True,False,False,True,False,False,False,True,1,0.99887425,ChurnBinary,Contact customer proactively
0,28,49.9,1410.25,0,50.36607142857143,1397.2,3,3,0,0,0,0,0,3,False,True,True,True,False,True,False,False,False,False,False,False,False,False,False,False,False,False,False,False,False,False,False,False,False,True,True,False,False,False,True,False,0,0.00025726092,ChurnBinary,Contact customer proactively
0,18,69.5,1199.4,0,66.63333333333334,1251.0,6,3,0,0,0,0,0,3,True,False,False,True,False,True,False,False,False,True,False,False,False,True,False,False,False,True,False,False,False,False,False,False,False,True,False,False,False,False,True,False,0,0.00027276794,ChurnBinary,Contact customer proactively
0,71,90.55,6239.05,0,87.87394366197184,6429.05,9,1,0,0,0,1,1,1,False,True,True,True,False,True,False,False,False,True,False,True,False,True,False,True,False,True,False,True,False,True,True,True,False,False,False,True,False,False,False,True,0,0.00015802041,ChurnBinary,Contact customer proactively
0,72,88.6,6201.95,0,86.13819444444444,6379.2,8,1,0,0,0,1,0,1,True,False,False,True,False,True,False,False,False,False,False,True,False,True,False,True,False,True,False,True,False,True,True,False,False,False,False,True,False,False,False,False,0,0.00015802041,ChurnBinary,Contact customer proactively
1,1,76.45,76.45,1,76.45,76.45,3,3,1,1,1,0,0,6,True,False,False,True,False,True,True,False,False,False,False,False,False,False,False,False,False,False,False,False,False,False,True,False,True,False,False,False,True,False,False,False,1,0.999516,ChurnBinary,Contact customer proactively
0,1,19.75,19.75,1,19.75,19.75,1,3,0,0,1,0,0,4,True,False,False,True,False,False,False,True,True,False,True,False,True,False,True,False,True,False,True,False,False,False,False,False,False,True,False,False,True,True,False,False,1,0.9990965,ChurnBinary,Contact customer proactively
0,34,20.35,673.2,0,19.8,691.9000000000001,1,3,0,0,0,0,0,3,False,False,False,True,False,False,False,True,True,False,True,False,True,False,True,False,True,False,True,False,False,False,False,False,False,True,True,False,False,True,False,False,0,0.00023994433,ChurnBinary,Contact customer proactively
0,8,87.05,762.1,1,95.2625,696.4,4,3,1,1,0,0,0,5,False,False,False,True,False,True,True,False,False,False,False,False,False,False,False,False,False,True,False,False,False,False,True,False,True,False,False,False,True,False,False,False,1,0.99949694,ChurnBinary,Contact customer proactively
0,47,106.4,5127.95,1,109.10531914893616,5000.8,7,3,0,1,0,1,1,4,False,False,False,True,False,True,True,False,False,False,False,True,False,True,False,False,False,True,False,True,False,False,True,False,True,False,True,False,False,False,False,True,1,0.99926335,ChurnBinary,Contact customer proactively
0,72,24.05,1709.15,0,23.73819444444445,1731.6,2,1,0,0,0,1,0,1,False,True,True,True,False,True,False,True,True,False,True,False,True,False,True,False,True,False,True,False,False,True,True,False,False,False,False,True,False,True,False,False,0,0.00015802041,ChurnBinary,Contact customer proactively
0,52,25.05,1270.25,0,24.427884615384617,1302.6,2,1,0,0,0,1,0,1,False,True,True,True,False,True,False,True,True,False,True,False,True,False,True,False,True,False,True,False,False,True,True,False,False,False,False,True,False,True,False,False,0,0.00015802041,ChurnBinary,Contact customer proactively
0,3,19.85,64.55,1,21.516666666666666,59.55,1,3,0,0,1,0,0,4,True,False,False,True,False,False,False,True,True,False,True,False,True,False,True,False,True,False,True,False,False,False,False,False,False,True,False,False,True,True,False,False,1,0.9987949,ChurnBinary,Contact customer proactively
0,60,37.7,2288.7,0,38.145,2262.0,4,1,0,0,0,1,0,1,False,True,False,False,True,False,False,False,False,True,False,True,False,False,False,True,False,False,False,False,False,True,False,False,False,False,False,True,False,False,True,False,0,0.00015802041,ChurnBinary,Contact customer proactively
0,3,96.6,291.9,1,97.3,289.79999999999995,5,3,1,1,1,0,1,6,False,False,False,True,False,True,True,False,False,False,False,False,False,False,False,False,False,True,False,True,False,False,True,False,True,False,False,False,True,False,False,True,1,0.99949694,ChurnBinary,Contact customer proactively
0,19,86.0,1532.45,1,80.65526315789474,1634.0,4,3,0,0,0,0,0,3,True,False,False,True,False,True,True,False,False,False,False,False,False,False,False,False,False,False,False,True,False,False,True,False,False,False,False,False,False,False,False,False,1,0.9991961,ChurnBinary,Contact customer proactively
0,1,69.9,69.9,0,69.9,69.9,2,3,0,1,1,0,0,5,True,False,False,True,False,False,True,False,False,False,False,False,False,False,False,False,False,False,False,False,False,False,True,False,True,False,False,False,True,False,True,False,0,0.00077697204,ChurnBinary,Contact customer proactively
0,6,105.3,545.2,1,90.86666666666667,631.8,7,3,1,1,0,0,1,5,False,True,False,True,False,True,True,False,False,False,False,True,False,True,False,False,False,True,False,True,False,False,True,False,True,False,False,False,True,False,False,True,1,0.99949694,ChurnBinary,Contact customer proactively
0,49,59.6,2970.3,0,60.61836734693878,2920.4,5,3,0,0,0,1,0,3,True,True,True,True,False,False,False,False,False,True,False,True,False,False,False,True,False,False,False,False,False,False,False,True,False,False,False,True,False,False,True,False,0,0.00025944007,ChurnBinary,Contact customer proactively
1,22,90.5,1910.6,1,86.84545454545454,1991.0,5,3,0,0,0,0,1,3,True,False,False,True,False,True,True,False,False,False,False,False,False,False,False,True,False,True,False,False,False,False,True,False,False,False,False,False,False,False,False,True,1,0.9991634,ChurnBinary,Contact customer proactively
0,42,19.05,761.85,0,18.13928571428572,800.1,1,2,0,1,0,1,0,3,False,True,True,True,False,False,False,True,True,False,True,False,True,False,True,False,True,False,True,False,True,False,True,False,True,False,True,False,False,True,False,False,0,0.00020870232,ChurnBinary,Contact customer proactively
1,46,98.85,4564.9,0,99.23695652173912,4547.099999999999,6,3,0,1,0,1,1,4,True,True,False,True,False,True,True,False,False,False,False,False,False,True,False,False,False,True,False,True,False,False,True,False,True,False,True,False,False,False,False,True,0,0.000541742,ChurnBinary,Contact customer proactively
0,68,39.9,2796.35,0,41.12279411764706,2713.2,3,3,0,0,0,1,0,3,True,False,False,False,True,False,False,False,False,False,False,False,False,True,False,False,False,False,False,True,False,False,True,False,False,False,False,True,False,False,True,False,0,0.00029461258,ChurnBinary,Contact customer proactively
0,2,20.5,38.25,0,19.125,41.0,1,2,0,0,1,0,0,3,False,False,True,True,False,False,False,True,True,False,True,False,True,False,True,False,True,False,True,False,True,False,False,False,False,False,False,False,True,True,False,False,0,0.0002117654,ChurnBinary,Contact customer proactively
0,0,20.25,1397.475,0,1397.475,0.0,1,1,0,0,1,0,0,2,True,False,True,True,False,False,False,True,True,False,True,False,True,False,True,False,True,False,True,False,False,True,False,False,False,True,False,False,False,True,False,False,0,0.00018173891,ChurnBinary,Contact customer proactively
0,35,72.25,2568.55,1,73.38714285714286,2528.75,7,3,0,1,0,0,0,4,False,True,True,True,False,True,False,False,False,True,False,False,False,True,False,True,False,True,False,False,False,False,False,False,True,False,True,False,False,False,False,False,1,0.9989567,ChurnBinary,Contact customer proactively
0,2,19.5,27.55,0,13.775,39.0,1,3,0,0,1,0,0,4,False,False,False,True,False,False,False,True,True,False,True,False,True,False,True,False,True,False,True,False,False,False,False,False,False,True,False,False,True,True,False,False,0,0.00033496608,ChurnBinary,Contact customer proactively
0,68,62.65,4375.8,0,64.35000000000001,4260.2,6,1,0,0,0,1,0,1,True,True,True,True,False,False,False,False,False,True,False,True,False,True,False,True,False,False,False,False,False,True,False,True,False,False,False,True,False,False,True,False,0,0.00015802041,ChurnBinary,Contact customer proactively
0,16,75.4,1189.4,0,74.3375,1206.4,3,3,0,1,0,0,0,4,True,True,False,True,False,True,True,False,False,False,False,False,False,False,False,False,False,False,False,False,False,False,True,False,True,False,False,False,False,False,False,False,0,0.0006265691,ChurnBinary,Contact customer proactively
0,72,110.9,8240.85,0,114.45625,7984.8,8,1,0,0,0,1,1,1,True,True,False,True,False,True,True,False,False,True,False,False,False,True,False,True,False,True,False,True,False,True,True,True,False,False,False,True,False,False,False,True,0,0.00021432113,ChurnBinary,Contact customer proactively
0,37,94.3,3460.95,0,93.5391891891892,3489.1,6,1,0,0,0,1,1,1,True,True,False,True,False,True,True,False,False,False,False,False,False,True,False,True,False,True,False,False,False,True,False,False,False,True,True,False,False,False,False,True,0,0.00020588606,ChurnBinary,Contact customer proactively
0,53,25.55,1336.1,0,25.20943396226415,1354.15,2,1,0,0,0,1,0,1,True,True,True,True,False,True,False,True,True,False,True,False,True,False,True,False,True,False,True,False,False,True,False,True,False,False,False,True,False,True,False,False,0,0.00015802041,ChurnBinary,Contact customer proactively
0,40,83.85,3532.25,0,88.30625,3354.0,4,3,0,0,0,1,0,3,False,False,False,True,False,True,True,False,False,False,False,False,False,False,False,False,False,False,False,True,False,False,False,False,False,False,True,False,False,False,False,False,0,0.00038458765,ChurnBinary,Contact customer proactively
0,46,94.15,4408.45,0,95.8358695652174,4330.900000000001,6,2,0,1,0,1,1,3,False,False,False,True,False,True,True,False,False,False,False,True,False,True,False,False,False,False,False,True,True,False,True,False,True,False,True,False,False,False,False,True,0,0.00030280073,ChurnBinary,Contact customer proactively
0,3,100.95,329.95,1,109.98333333333332,302.85,6,3,1,1,1,0,1,6,True,False,False,True,False,True,True,False,False,False,False,False,False,True,False,False,False,True,False,True,False,False,True,False,True,False,False,False,True,False,False,True,1,0.99949694,ChurnBinary,Contact customer proactively
0,1,75.3,75.3,1,75.3,75.3,3,3,1,1,1,0,0,6,False,False,False,True,False,False,True,False,False,False,False,False,False,True,False,False,False,False,False,False,False,False,False,False,True,False,False,False,True,False,False,False,1,0.9994729,ChurnBinary,Contact customer proactively
0,7,19.25,112.3,1,16.04285714285714,134.75,1,3,0,1,0,0,0,4,True,False,False,True,False,False,False,True,True,False,True,False,True,False,True,False,True,False,True,False,False,False,False,False,True,False,False,False,True,True,False,False,1,0.9988481,ChurnBinary,Contact customer proactively
0,6,30.5,208.7,1,34.78333333333333,183.0,2,3,0,0,0,0,0,3,True,False,False,False,True,False,False,False,False,False,False,True,False,False,False,False,False,False,False,False,False,False,True,True,False,False,False,False,True,True,False,False,1,0.99872214,ChurnBinary,Contact customer proactively
0,46,89.15,4245.55,0,92.29456521739132,4100.900000000001,5,3,0,0,0,1,0,3,True,False,False,True,False,True,True,False,False,True,False,False,False,False,False,False,False,True,False,False,False,False,True,True,False,False,True,False,False,False,False,False,0,0.0003727633,ChurnBinary,Contact customer proactively
0,54,70.15,3715.65,1,68.80833333333334,3788.1,5,2,0,0,0,1,0,2,False,True,False,True,False,True,False,False,False,False,False,False,False,False,False,False,False,True,False,True,True,False,True,True,False,False,False,True,False,False,True,False,1,0.9981754,ChurnBinary,Contact customer proactively
1,15,79.4,1156.1,1,77.07333333333332,1191.0,3,3,0,1,0,0,0,4,True,False,False,True,False,False,True,False,False,False,False,False,False,False,False,False,False,False,False,True,False,False,True,False,True,False,False,False,False,False,False,False,1,0.9994055,ChurnBinary,Contact customer proactively
0,3,85.3,264.8,1,88.26666666666667,255.9,4,3,1,1,1,0,0,6,True,False,False,True,False,True,True,False,False,False,False,False,False,False,False,False,False,False,False,True,False,False,True,False,True,False,False,False,True,False,False,False,1,0.9994789,ChurnBinary,Contact customer proactively
0,70,20.05,1360.25,0,19.432142857142857,1403.5,1,1,0,0,0,1,0,1,True,True,True,True,False,False,False,True,True,False,True,False,True,False,True,False,True,False,True,False,False,True,False,True,False,False,False,True,False,True,False,False,0,0.00015802041,ChurnBinary,Contact customer proactively
0,39,100.55,3895.35,0,99.88076923076925,3921.45,6,1,0,0,0,1,1,1,True,False,True,True,False,True,True,False,False,False,False,False,False,False,False,True,False,True,False,True,False,True,False,False,False,True,True,False,False,False,False,True,0,0.00023481948,ChurnBinary,Contact customer proactively
0,2,20.0,38.0,0,19.0,40.0,1,3,0,0,1,0,0,4,True,True,False,True,False,False,False,True,True,False,True,False,True,False,True,False,True,False,True,False,False,False,False,False,False,True,False,False,True,True,False,False,0,0.00033496608,ChurnBinary,Contact customer proactively
0,18,75.6,1395.05,0,77.50277777777778,1360.8,3,3,0,0,0,0,0,3,True,False,False,True,False,True,True,False,False,False,False,False,False,False,False,False,False,False,False,False,False,False,True,False,False,False,False,False,False,False,False,False,0,0.00043593213,ChurnBinary,Contact customer proactively
1,72,25.1,1789.9,0,24.859722222222224,1807.2,2,1,0,0,0,1,0,1,True,False,False,True,False,True,False,True,True,False,True,False,True,False,True,False,True,False,True,False,False,True,True,True,False,False,False,True,False,True,False,False,0,0.00015802041,ChurnBinary,Contact customer proactively
0,47,55.3,2654.05,0,56.46914893617021,2599.1,4,3,0,1,0,1,0,4,True,False,True,True,False,False,False,False,False,True,False,True,False,False,False,False,False,False,False,False,False,False,True,False,True,False,True,False,False,False,True,False,0,0.0003525826,ChurnBinary,Contact customer proactively
0,22,19.9,400.3,0,18.195454545454545,437.8,1,3,0,0,0,0,0,3,False,True,True,True,False,False,False,True,True,False,True,False,True,False,True,False,True,False,True,False,False,False,False,False,False,True,False,False,False,True,False,False,0,0.00024531427,ChurnBinary,Contact customer proactively
0,71,89.9,6457.15,0,90.94577464788732,6382.900000000001,9,1,0,0,0,1,1,1,True,True,True,True,False,True,False,False,False,True,False,True,False,True,False,True,False,True,False,True,False,True,False,True,False,False,False,True,False,False,False,True,0,0.00015802041,ChurnBinary,Contact customer proactively
0,8,74.85,572.45,0,71.55625,598.8,3,3,1,1,0,0,0,5,True,False,False,True,False,True,True,False,False,False,False,False,False,False,False,False,False,False,False,False,False,False,True,False,True,False,False,False,True,False,False,False,0,0.00072613836,ChurnBinary,Contact customer proactively
0,71,19.9,1389.35,0,19.56830985915493,1412.9,1,1,0,0,0,1,0,1,False,True,True,True,False,False,False,True,True,False,True,False,True,False,True,False,True,False,True,False,False,True,False,False,False,False,False,True,False,True,False,False,0,0.00015802041,ChurnBinary,Contact customer proactively
0,53,94.45,5042.75,0,95.14622641509432,5005.85,6,2,0,0,0,1,1,2,False,False,False,True,False,False,True,False,False,False,False,True,False,True,False,True,False,False,False,True,True,False,True,True,False,False,False,True,False,False,False,True,0,0.00024286509,ChurnBinary,Contact customer proactively
1,37,72.25,2575.45,0,69.60675675675675,2673.25,2,3,0,0,0,1,0,3,True,True,False,True,False,False,True,False,False,False,False,False,False,False,False,False,False,False,False,False,False,False,True,False,False,False,True,False,False,False,False,False,0,0.00041126803,ChurnBinary,Contact customer proactively
0,64,70.15,4480.7,0,70.0109375,4489.6,6,2,0,0,0,1,0,2,True,True,False,True,False,True,False,False,False,False,False,True,False,False,False,True,False,False,False,True,True,False,True,False,False,True,False,True,False,False,True,False,0,0.00021667457,ChurnBinary,Contact customer proactively
0,5,48.65,235.2,0,47.04,243.25,3,3,0,0,1,0,0,4,True,False,True,True,False,False,False,False,False,False,False,False,False,False,False,True,False,False,False,False,False,False,True,False,False,False,False,False,True,False,True,False,0,0.00044898278,ChurnBinary,Contact customer proactively
0,60,104.7,6333.8,0,105.56333333333332,6282.0,7,1,0,1,0,1,1,2,False,False,False,True,False,True,True,False,False,False,False,True,False,True,False,False,False,True,False,True,False,True,False,False,True,False,False,True,False,False,False,True,0,0.0002768362,ChurnBinary,Contact customer proactively
0,2,50.3,92.75,0,46.375,100.6,3,3,0,0,1,0,0,4,True,False,False,True,False,False,False,False,False,False,False,True,False,False,False,False,False,False,False,False,False,False,True,False,False,True,False,False,True,False,True,False,0,0.00052163156,ChurnBinary,Contact customer proactively
0,25,54.2,1423.15,0,56.926,1355.0,5,2,0,1,0,0,0,3,False,False,False,False,True,False,False,False,False,False,False,False,False,True,False,True,False,True,False,True,True,False,False,False,True,False,True,False,False,False,True,False,0,0.0002585016,ChurnBinary,Contact customer proactively
0,6,19.7,113.5,0,18.916666666666668,118.2,1,3,0,0,0,0,0,3,False,True,True,True,False,False,False,True,True,False,True,False,True,False,True,False,True,False,True,False,False,False,False,False,False,True,False,False,True,True,False,False,0,0.00025833896,ChurnBinary,Contact customer proactively
0,60,110.6,6586.85,0,109.78083333333332,6636.0,8,1,0,1,0,1,1,2,True,True,True,True,False,True,True,False,False,True,False,False,False,True,False,True,False,True,False,True,False,True,True,False,True,False,False,True,False,False,False,True,0,0.00024673718,ChurnBinary,Contact customer proactively
0,30,100.2,2983.8,1,99.46,3006.0,6,3,0,1,0,0,1,4,False,False,False,True,False,True,True,False,False,False,False,True,False,False,False,False,False,True,False,True,False,False,True,False,True,False,True,False,False,False,False,True,1,0.9993031,ChurnBinary,Contact customer proactively
0,67,49.35,3321.35,0,49.57238805970149,3306.4500000000003,5,2,0,0,0,1,0,2,True,False,False,False,True,False,False,False,False,True,False,False,False,True,False,True,False,True,False,False,True,False,True,False,False,False,False,True,False,False,True,False,0,0.00017426015,ChurnBinary,Contact customer proactively
0,53,24.05,1301.9,0,24.56415094339623,1274.65,2,2,0,0,0,1,0,2,True,False,False,True,False,True,False,True,True,False,True,False,True,False,True,False,True,False,True,False,True,False,False,False,False,False,False,True,False,True,False,False,0,0.0001721428,ChurnBinary,Contact customer proactively
0,10,55.2,528.35,1,52.835,552.0,4,3,0,0,0,0,0,3,False,True,True,True,False,False,False,False,False,False,False,False,False,True,False,True,False,False,False,False,False,False,False,True,False,False,False,False,True,False,True,False,1,0.9987135,ChurnBinary,Contact customer proactively
0,1,52.2,52.2,1,52.2,52.2,3,3,0,1,1,0,0,5,False,False,False,True,False,False,False,False,False,False,False,False,False,False,False,True,False,False,False,False,False,False,True,False,True,False,False,False,True,False,True,False,1,0.9993228,ChurnBinary,Contact customer proactively
0,55,54.55,2978.3,1,54.150909090909096,3000.25,5,3,0,0,0,1,0,3,True,True,False,False,True,False,False,False,False,False,False,False,False,True,False,True,False,True,False,True,False,False,True,False,False,False,False,True,False,False,True,False,1,0.99873024,ChurnBinary,Contact customer proactively
0,70,84.7,5991.05,0,85.58642857142857,5929.0,8,1,0,0,0,1,0,1,False,False,False,True,False,True,False,False,False,True,False,True,False,True,False,False,False,True,False,True,False,True,False,False,False,True,False,True,False,False,False,False,0,0.00015802041,ChurnBinary,Contact customer proactively
0,34,50.2,1815.3,0,53.39117647058824,1706.8000000000002,3,3,0,0,0,0,0,3,False,True,False,True,False,False,False,False,False,False,False,False,False,False,False,True,False,False,False,False,False,False,False,False,False,False,True,False,False,False,True,False,0,0.00025726092,ChurnBinary,Contact customer proactively
0,68,110.25,7279.35,0,107.04926470588236,7497.0,8,1,0,0,0,1,1,1,False,False,False,True,False,True,True,False,False,True,False,True,False,False,False,True,False,True,False,True,False,True,False,True,False,False,False,True,False,False,False,True,0,0.00023310384,ChurnBinary,Contact customer proactively
0,59,109.15,6557.75,0,111.14830508474576,6439.85,8,2,0,0,0,1,1,2,False,True,False,True,False,True,True,False,False,True,False,True,False,True,False,False,False,True,False,True,True,False,True,True,False,False,False,True,False,False,False,True,0,0.00028983626,ChurnBinary,Contact customer proactively
0,9,74.85,708.2,0,78.6888888888889,673.65,3,3,1,1,0,0,0,5,False,False,False,True,False,False,True,False,False,True,False,False,False,False,False,False,False,False,False,False,False,False,True,False,True,False,False,False,True,False,False,False,0,0.0006559251,ChurnBinary,Contact customer proactively
0,6,80.5,463.05,1,77.175,483.0,3,3,1,0,0,0,0,4,True,False,False,True,False,False,True,False,False,False,False,False,False,False,False,False,False,True,False,False,False,False,True,True,False,False,False,False,True,False,False,False,1,0.999448,ChurnBinary,Contact customer proactively
0,50,103.95,5231.3,0,104.626,5197.5,7,2,0,1,0,1,1,3,True,True,False,True,False,True,True,False,False,True,False,False,False,True,False,False,False,True,False,True,True,False,True,False,True,False,False,True,False,False,False,True,0,0.00035683333,ChurnBinary,Contact customer proactively
1,72,92.45,6440.25,1,89.44791666666667,6656.400000000001,9,1,0,0,0,1,1,1,False,True,True,True,False,True,False,False,False,True,False,True,False,True,False,True,False,True,False,True,False,True,False,True,False,False,False,True,False,False,False,True,1,0.99760854,ChurnBinary,Contact customer proactively
1,41,53.95,2215.4,0,54.03414634146342,2211.9500000000003,5,3,0,1,0,1,0,4,True,True,False,False,True,False,False,False,False,False,False,True,False,True,False,False,False,True,False,True,False,False,True,False,True,False,True,False,False,False,True,False,0,0.00040183522,ChurnBinary,Contact customer proactively
0,4,50.8,202.3,0,50.575,203.2,3,3,0,0,1,0,0,4,True,False,False,True,False,False,False,False,False,False,False,False,False,False,False,True,False,False,False,False,False,False,True,False,False,True,False,False,True,False,True,False,0,0.0004798211,ChurnBinary,Contact customer proactively
0,47,40.3,1794.8,0,38.18723404255319,1894.1,4,2,0,1,0,1,0,3,True,True,True,False,True,False,False,False,False,True,False,False,False,True,False,True,False,False,False,False,True,False,False,False,True,False,True,False,False,False,True,False,0,0.00024866973,ChurnBinary,Contact customer proactively
0,62,94.95,5791.85,0,93.41693548387096,5886.900000000001,6,2,0,0,0,1,1,2,True,True,True,True,False,True,True,False,False,True,False,True,False,False,False,False,False,True,False,False,True,False,True,True,False,False,False,True,False,False,False,True,0,0.00021266397,ChurnBinary,Contact customer proactively
0,18,20.45,357.0,0,19.83333333333333,368.1,1,3,0,0,0,0,0,3,False,True,True,True,False,False,False,True,True,False,True,False,True,False,True,False,True,False,True,False,False,False,False,False,False,True,False,False,False,True,False,False,0,0.00024531427,ChurnBinary,Contact customer proactively
0,3,75.85,256.6,1,85.53333333333335,227.55,3,3,1,1,1,0,0,6,False,True,False,True,False,True,True,False,False,False,False,False,False,False,False,False,False,False,False,False,False,False,True,False,True,False,False,False,True,False,False,False,1,0.9994789,ChurnBinary,Contact customer proactively
0,65,25.1,1725.0,0,26.53846153846154,1631.5,2,1,0,0,0,1,0,1,True,False,False,True,False,True,False,True,True,False,True,False,True,False,True,False,True,False,True,False,False,True,True,False,False,False,False,True,False,True,False,False,0,0.00015802041,ChurnBinary,Contact customer proactively
0,59,85.55,5084.65,1,86.18050847457627,5047.45,4,2,0,1,0,1,0,3,True,True,False,True,False,True,True,False,False,False,False,False,False,False,False,False,False,False,False,True,True,False,False,False,True,False,False,True,False,False,False,False,1,0.9985781,ChurnBinary,Contact customer proactively
0,60,70.15,4224.7,0,70.41166666666666,4209.0,6,2,0,0,0,1,0,2,False,False,False,True,False,False,False,False,False,False,False,True,False,True,False,True,False,True,False,False,True,False,True,True,False,False,False,True,False,False,True,False,0,0.00017738654,ChurnBinary,Contact customer proactively
0,10,20.55,187.35,0,18.735,205.5,1,3,0,0,0,0,0,3,False,False,False,True,False,False,False,True,True,False,True,False,True,False,True,False,True,False,True,False,False,False,True,False,False,True,False,False,True,True,False,False,0,0.00025833896,ChurnBinary,Contact customer proactively
0,7,38.55,280.0,0,40.0,269.85,4,1,0,0,0,0,0,1,True,True,True,False,True,False,False,False,False,True,False,True,False,True,False,False,False,False,False,False,False,True,False,False,False,True,False,False,True,False,True,False,0,0.00015950973,ChurnBinary,Contact customer proactively
0,28,91.0,2626.15,0,93.79107142857144,2548.0,5,3,0,1,0,0,1,4,True,False,False,True,False,False,True,False,False,False,False,False,False,True,False,True,False,False,False,True,False,False,False,False,True,False,True,False,False,False,False,True,0,0.00054431596,ChurnBinary,Contact customer proactively
1,29,79.3,2414.55,0,83.26034482758621,2299.7,4,3,0,1,0,0,0,4,True,True,False,True,False,True,True,False,False,False,False,False,False,False,False,True,False,False,False,False,False,False,True,False,True,False,True,False,False,False,False,False,0,0.0005789139,ChurnBinary,Contact customer proactively
0,0,19.7,1397.475,0,1397.475,0.0,1,2,0,0,1,0,0,3,True,True,True,True,False,False,False,True,True,False,True,False,True,False,True,False,True,False,True,False,True,False,True,False,False,True,False,False,False,True,False,False,0,0.00021415853,ChurnBinary,Contact customer proactively
0,37,64.65,2347.85,0,63.4554054054054,2392.05,5,2,0,0,0,1,0,2,False,False,False,True,False,True,False,False,False,True,False,False,False,False,False,False,False,True,False,False,True,False,False,False,False,False,True,False,False,False,True,False,0,0.00017426015,ChurnBinary,Contact customer proactively
0,45,24.65,1138.8,0,25.306666666666665,1109.25,2,1,0,0,0,1,0,1,False,True,True,True,False,True,False,True,True,False,True,False,True,False,True,False,True,False,True,False,False,True,True,False,False,False,True,False,False,True,False,False,0,0.00015802041,ChurnBinary,Contact customer proactively
0,61,79.8,4914.8,0,80.57049180327868,4867.8,7,2,0,1,0,1,0,3,True,True,False,True,False,True,False,False,False,False,False,True,False,True,False,False,False,True,False,True,True,False,True,False,True,False,False,True,False,False,False,False,0,0.00023101959,ChurnBinary,Contact customer proactively
0,64,19.45,1208.6,0,18.884375,1244.8,1,1,0,0,0,1,0,1,False,True,False,True,False,False,False,True,True,False,True,False,True,False,True,False,True,False,True,False,False,True,False,True,False,False,False,True,False,True,False,False,0,0.00015802041,ChurnBinary,Contact customer proactively
0,63,91.35,5764.7,0,91.5031746031746,5755.049999999999,5,2,0,1,0,1,1,3,True,True,True,True,False,True,True,False,False,False,False,True,False,False,False,False,False,False,False,True,True,False,True,False,True,False,False,True,False,False,False,True,0,0.00028082798,ChurnBinary,Contact customer proactively
1,37,76.5,2868.15,1,77.51756756756757,2830.5,3,3,0,1,0,1,0,4,False,True,False,True,False,True,True,False,False,False,False,False,False,False,False,False,False,False,False,False,False,False,True,False,True,False,True,False,False,False,False,False,1,0.99932575,ChurnBinary,Contact customer proactively
1,72,24.3,1778.7,0,24.704166666666666,1749.6,2,1,0,0,0,1,0,1,False,True,False,True,False,True,False,True,True,False,True,False,True,False,True,False,True,False,True,False,False,True,False,False,False,False,False,True,False,True,False,False,0,0.00015802041,ChurnBinary,Contact customer proactively
0,66,89.9,5958.85,0,90.28560606060609,5933.400000000001,9,1,0,0,0,1,1,1,False,True,True,True,False,True,False,False,False,True,False,True,False,True,False,True,False,True,False,True,False,True,False,True,False,False,False,True,False,False,False,True,0,0.00015802041,ChurnBinary,Contact customer proactively
0,1,95.65,95.65,1,95.65,95.65,5,3,1,0,1,0,1,5,False,False,False,True,False,True,True,False,False,False,False,False,False,False,False,False,False,True,False,True,False,False,False,False,False,True,False,False,True,False,False,True,1,0.9994729,ChurnBinary,Contact customer proactively
0,9,79.75,769.1,0,85.45555555555556,717.75,3,3,1,1,0,0,0,5,False,True,False,True,False,False,True,False,False,False,False,False,False,False,False,False,False,False,False,True,False,False,True,False,True,False,False,False,True,False,False,False,0,0.00072613836,ChurnBinary,Contact customer proactively
0,1,25.35,25.35,0,25.35,25.35,1,3,0,0,1,0,0,4,True,False,False,False,True,False,False,False,False,False,False,False,False,False,False,False,False,False,False,False,False,False,False,False,False,True,False,False,True,True,False,False,0,0.00049081596,ChurnBinary,Contact customer proactively
1,4,99.8,442.85,1,110.7125,399.2,6,3,1,0,1,0,1,5,False,False,False,True,False,False,True,False,False,False,False,True,False,True,False,False,False,True,False,True,False,False,True,True,False,False,False,False,True,False,False,True,1,0.9994862,ChurnBinary,Contact customer proactively
1,38,74.95,2869.85,1,75.52236842105263,2848.1,3,3,0,0,0,1,0,3,False,True,False,True,False,True,True,False,False,False,False,False,False,False,False,False,False,False,False,False,False,False,True,False,False,False,True,False,False,False,False,False,1,0.9990988,ChurnBinary,Contact customer proactively
0,44,61.9,2924.05,0,66.45568181818182,2723.6,5,3,0,0,0,1,0,3,True,True,True,True,False,False,False,False,False,False,False,True,False,True,False,True,False,False,False,False,False,False,True,False,False,True,True,False,False,False,True,False,0,0.0002560565,ChurnBinary,Contact customer proactively
0,22,54.7,1178.75,0,53.57954545454545,1203.4,4,3,0,0,0,0,0,3,False,True,False,True,False,False,False,False,False,False,False,True,False,True,False,False,False,False,False,False,False,False,True,False,False,True,False,False,False,False,True,False,0,0.00027405095,ChurnBinary,Contact customer proactively
0,53,106.95,5785.5,1,109.16037735849056,5668.35,7,2,0,0,0,1,1,2,False,False,False,True,False,True,True,False,False,True,False,False,False,True,False,False,False,True,False,True,True,False,True,True,False,False,False,True,False,False,False,True,1,0.9987715,ChurnBinary,Contact customer proactively
1,23,90.45,2117.25,0,92.05434782608695,2080.35,4,3,0,1,0,0,1,4,True,True,False,True,False,False,True,False,False,False,False,False,False,False,False,False,False,True,False,True,False,False,True,False,True,False,False,False,False,False,False,True,0,0.0006041117,ChurnBinary,Contact customer proactively
0,20,18.9,347.65,0,17.3825,378.0,1,3,0,0,0,0,0,3,False,False,False,True,False,False,False,True,True,False,True,False,True,False,True,False,True,False,True,False,False,False,True,True,False,False,False,False,False,True,False,False,0,0.0002485562,ChurnBinary,Contact customer proactively
0,51,24.75,1234.6,0,24.2078431372549,1262.25,2,1,0,0,0,1,0,1,True,False,False,True,False,True,False,True,True,False,True,False,True,False,True,False,True,False,True,False,False,True,False,False,False,True,False,True,False,True,False,False,0,0.00015802041,ChurnBinary,Contact customer proactively
0,62,20.65,1218.45,0,19.65241935483871,1280.3,1,1,0,0,0,1,0,1,True,True,True,True,False,False,False,True,True,False,True,False,True,False,True,False,True,False,True,False,False,True,False,True,False,False,False,True,False,True,False,False,0,0.00015802041,ChurnBinary,Contact customer proactively
0,7,18.95,130.55,0,18.65,132.65,1,3,0,0,0,0,0,3,True,False,False,True,False,False,False,True,True,False,True,False,True,False,True,False,True,False,True,False,False,False,True,False,False,True,False,False,True,True,False,False,0,0.00025712946,ChurnBinary,Contact customer proactively
0,17,83.55,1329.15,0,78.18529411764706,1420.35,4,3,0,1,0,0,0,4,False,False,False,True,False,False,True,False,False,False,False,True,False,False,False,False,False,True,False,False,False,False,True,False,True,False,False,False,False,False,False,False,0,0.0006333964,ChurnBinary,Contact customer proactively
0,41,70.2,2894.55,0,70.59878048780489,2878.2000000000003,6,2,0,0,0,1,0,2,True,False,True,True,False,False,False,False,False,True,False,True,False,True,False,False,False,True,False,False,True,False,False,False,False,True,True,False,False,False,True,False,0,0.00017738654,ChurnBinary,Contact customer proactively
0,7,94.05,633.45,0,90.49285714285716,658.35,5,2,0,0,0,0,1,2,False,False,False,True,False,False,True,False,False,False,False,True,False,False,False,False,False,True,False,True,True,False,True,False,False,True,False,False,True,False,False,True,0,0.00025064254,ChurnBinary,Contact customer proactively
0,1,50.05,50.05,0,50.05,50.05,3,3,0,1,1,0,0,5,True,False,True,True,False,True,False,False,False,False,False,False,False,False,False,False,False,False,False,False,False,False,True,False,True,False,False,False,True,False,True,False,0,0.0005773344,ChurnBinary,Contact customer proactively
0,64,58.35,3756.45,0,58.69453125,3734.4,5,2,0,0,0,1,0,2,False,True,False,True,False,True,False,False,False,False,False,False,False,True,False,True,False,False,False,False,True,False,False,False,False,False,False,True,False,False,True,False,0,0.00017426015,ChurnBinary,Contact customer proactively
0,3,75.5,220.6,1,73.53333333333333,226.5,3,3,1,1,1,0,0,6,False,False,False,True,False,True,True,False,False,False,False,False,False,False,False,False,False,False,False,False,False,False,True,False,True,False,False,False,True,False,False,False,1,0.9994789,ChurnBinary,Contact customer proactively
1,50,71.05,3444.85,1,68.89699999999999,3552.5,2,3,0,1,0,1,0,4,False,True,False,True,False,False,True,False,False,False,False,False,False,False,False,False,False,False,False,False,False,False,True,False,True,False,False,True,False,False,False,False,1,0.99920386,ChurnBinary,Contact customer proactively
0,18,56.8,1074.65,0,59.70277777777778,1022.4,4,3,0,0,0,0,0,3,True,True,False,True,False,True,False,False,False,False,False,True,False,False,False,False,False,False,False,False,False,False,False,True,False,False,False,False,False,False,True,False,0,0.00027637256,ChurnBinary,Contact customer proactively
0,13,55.95,734.35,1,56.48846153846154,727.35,3,3,0,1,0,0,0,4,False,True,True,True,False,False,False,False,False,False,False,False,False,False,False,False,False,False,False,True,False,False,False,False,True,False,False,False,False,False,True,False,1,0.9990428,ChurnBinary,Contact customer proactively
0,69,80.65,5542.55,0,80.3268115942029,5564.85,7,1,0,0,0,1,0,1,True,True,True,True,False,False,False,False,False,True,False,True,False,False,False,True,False,True,False,True,False,True,False,False,False,False,False,True,False,False,False,False,0,0.00015802041,ChurnBinary,Contact customer proactively
0,1,79.15,79.15,0,79.15,79.15,4,3,1,0,1,0,0,5,False,False,False,True,False,True,True,False,False,False,False,True,False,False,False,False,False,False,False,False,False,False,True,False,False,True,False,False,True,False,False,False,0,0.00078176084,ChurnBinary,Contact customer proactively
0,4,90.65,367.95,0,91.9875,362.6,5,3,1,1,1,0,1,6,True,False,False,True,False,True,True,False,False,True,False,False,False,False,False,False,False,True,False,False,False,False,False,False,True,False,False,False,True,False,False,True,0,0.0005699745,ChurnBinary,Contact customer proactively
0,1,53.5,53.5,1,53.5,53.5,3,3,0,0,1,0,0,4,True,False,False,True,False,False,False,False,False,False,False,False,False,False,False,False,False,True,False,False,False,False,True,False,False,True,False,False,True,False,True,False,1,0.99929273,ChurnBinary,Contact customer proactively
0,25,53.65,1355.45,0,54.218,1341.25,4,2,0,0,0,0,0,2,True,True,True,True,False,False,False,False,False,False,False,True,False,True,False,False,False,False,False,False,True,False,False,False,False,True,True,False,False,False,True,False,0,0.00017926916,ChurnBinary,Contact customer proactively
0,18,55.95,1082.8,0,60.15555555555555,1007.1,3,3,0,0,0,0,0,3,False,True,True,True,False,False,False,False,False,False,False,False,False,False,False,False,False,True,False,False,False,False,False,False,False,True,False,False,False,False,True,False,0,0.00027405095,ChurnBinary,Contact customer proactively
0,48,23.55,1173.35,0,24.444791666666664,1130.4,2,1,0,0,0,1,0,1,True,True,True,True,False,True,False,True,True,False,True,False,True,False,True,False,True,False,True,False,False,True,False,False,False,True,True,False,False,True,False,False,0,0.00015802041,ChurnBinary,Contact customer proactively
0,26,20.65,595.5,0,22.903846153846157,536.9,1,2,0,0,0,0,0,2,True,False,False,True,False,False,False,True,True,False,True,False,True,False,True,False,True,False,True,False,True,False,True,True,False,False,True,False,False,True,False,False,0,0.0001721428,ChurnBinary,Contact customer proactively
0,1,69.1,69.1,1,69.1,69.1,2,3,0,1,1,0,0,5,True,False,False,True,False,False,True,False,False,False,False,False,False,False,False,False,False,False,False,False,False,False,True,False,True,False,False,False,True,False,True,False,1,0.99951303,ChurnBinary,Contact customer proactively
0,4,57.2,223.75,0,55.9375,228.8,6,3,0,0,1,0,0,4,False,False,True,False,True,False,False,False,False,True,False,True,False,True,False,False,False,True,False,True,False,False,True,False,False,True,False,False,True,False,True,False,0,0.0004059405,ChurnBinary,Contact customer proactively
0,1,20.3,20.3,0,20.3,20.3,1,3,0,0,1,0,0,4,True,False,False,True,False,False,False,True,True,False,True,False,True,False,True,False,True,False,True,False,False,False,False,False,False,True,False,False,True,True,False,False,0,0.000425583,ChurnBinary,Contact customer proactively
0,11,74.35,834.2,1,75.83636363636364,817.8499999999999,3,3,1,1,0,0,0,5,True,True,True,True,False,True,True,False,False,False,False,False,False,False,False,False,False,False,False,False,False,False,True,False,True,False,False,False,True,False,False,False,1,0.99945194,ChurnBinary,Contact customer proactively
0,4,61.45,229.55,1,57.3875,245.8,4,3,0,0,1,0,0,4,True,True,True,True,False,False,False,False,False,False,False,False,False,False,False,True,False,False,False,True,False,False,False,True,False,False,False,False,True,False,True,False,1,0.9990465,ChurnBinary,Contact customer proactively
1,8,19.65,164.3,1,20.5375,157.2,1,3,0,1,0,0,0,4,False,False,False,True,False,False,False,True,True,False,True,False,True,False,True,False,True,False,True,False,False,False,False,False,True,False,False,False,True,True,False,False,1,0.99882513,ChurnBinary,Contact customer proactively
0,6,90.75,512.25,0,85.375,544.5,5,3,1,1,0,0,1,5,False,True,False,True,False,True,True,False,False,False,False,True,False,False,False,False,False,False,False,True,False,False,True,False,True,False,False,False,True,False,False,True,0,0.00072613836,ChurnBinary,Contact customer proactively
0,72,92.0,6632.75,0,92.12152777777776,6624.0,9,1,0,0,0,1,1,1,True,False,False,True,False,True,False,False,False,True,False,True,False,True,False,True,False,True,False,True,False,True,False,False,False,False,False,True,False,False,False,True,0,0.00015802041,ChurnBinary,Contact customer proactively
0,27,52.85,1498.65,0,55.50555555555556,1426.95,4,1,0,0,0,0,0,1,False,False,False,True,False,False,False,False,False,True,False,True,False,False,False,False,False,False,False,False,False,True,False,False,False,False,True,False,False,False,True,False,0,0.00015802041,ChurnBinary,Contact customer proactively
1,1,71.0,71.0,1,71.0,71.0,2,3,1,1,1,0,0,6,False,False,True,True,False,False,True,False,False,False,False,False,False,False,False,False,False,False,False,False,False,False,True,False,True,False,False,False,True,False,False,False,1,0.999516,ChurnBinary,Contact customer proactively
0,17,20.15,353.65,0,20.802941176470583,342.54999999999995,1,2,0,0,0,0,0,2,False,False,False,True,False,False,False,True,True,False,True,False,True,False,True,False,True,False,True,False,True,False,False,False,False,True,False,False,False,True,False,False,0,0.00017376519,ChurnBinary,Contact customer proactively
0,66,68.75,4447.55,0,67.38712121212122,4537.5,7,1,0,0,0,1,0,1,True,False,False,True,False,True,False,False,False,True,False,True,False,True,False,True,False,False,False,False,False,True,False,False,False,False,False,True,False,False,True,False,0,0.00015802041,ChurnBinary,Contact customer proactively
0,53,19.5,1050.5,0,19.82075471698113,1033.5,1,1,0,0,0,1,0,1,True,False,False,True,False,False,False,True,True,False,True,False,True,False,True,False,True,False,True,False,False,True,False,True,False,False,False,True,False,True,False,False,0,0.00015802041,ChurnBinary,Contact customer proactively
0,44,84.8,3626.35,0,82.41704545454546,3731.2,5,3,0,0,0,1,0,3,True,True,False,True,False,True,True,False,False,True,False,False,False,True,False,False,False,False,False,False,False,False,True,True,False,False,True,False,False,False,False,False,0,0.00037856537,ChurnBinary,Contact customer proactively
0,52,20.85,1071.6,0,20.607692307692307,1084.2,1,2,0,0,0,1,0,2,True,True,True,True,False,False,False,True,True,False,True,False,True,False,True,False,True,False,True,False,True,False,True,True,False,False,False,True,False,True,False,False,0,0.0001721428,ChurnBinary,Contact customer proactively
1,70,90.05,6333.4,0,90.47714285714284,6303.5,9,1,0,0,0,1,1,1,True,True,False,True,False,True,False,False,False,True,False,True,False,True,False,True,False,True,False,True,False,True,False,True,False,False,False,True,False,False,False,True,0,0.00015802041,ChurnBinary,Contact customer proactively
0,1,25.75,25.75,0,25.75,25.75,2,3,0,0,1,0,0,4,False,False,False,True,False,True,False,True,True,False,True,False,True,False,True,False,True,False,True,False,False,False,True,False,False,True,False,False,True,True,False,False,0,0.00039291114,ChurnBinary,Contact customer proactively
0,61,94.1,5638.3,1,92.43114754098362,5740.099999999999,6,1,0,1,0,1,1,2,True,True,False,True,False,True,True,False,False,False,False,True,False,False,False,True,False,True,False,False,False,True,True,False,True,False,False,True,False,False,False,True,1,0.9981817,ChurnBinary,Contact customer proactively
0,19,100.95,1875.55,1,98.71315789473684,1918.05,6,2,0,1,0,0,1,3,True,True,True,True,False,True,True,False,False,False,False,False,False,False,False,True,False,True,False,True,True,False,True,False,True,False,False,False,False,False,False,True,1,0.9990132,ChurnBinary,Contact customer proactively
0,11,20.6,233.9,0,21.263636363636365,226.6,1,2,0,0,0,0,0,2,False,True,True,True,False,False,False,True,True,False,True,False,True,False,True,False,True,False,True,False,True,False,False,False,False,True,False,False,True,True,False,False,0,0.00017376519,ChurnBinary,Contact customer proactively
0,26,85.75,2146.5,0,82.5576923076923,2229.5,4,3,0,1,0,0,0,4,True,False,False,True,False,False,True,False,False,False,False,True,False,False,False,False,False,True,False,False,False,False,True,False,True,False,True,False,False,False,False,False,0,0.0005831695,ChurnBinary,Contact customer proactively
0,60,19.85,1128.1,0,18.801666666666662,1191.0,1,1,0,0,0,1,0,1,False,False,False,True,False,False,False,True,True,False,True,False,True,False,True,False,True,False,True,False,False,True,False,False,False,False,False,True,False,True,False,False,0,0.00015802041,ChurnBinary,Contact customer proactively
0,1,84.85,84.85,1,84.85,84.85,4,3,1,1,1,0,0,6,True,False,False,True,False,False,True,False,False,False,False,False,False,True,False,False,False,True,False,False,False,False,True,False,True,False,False,False,True,False,False,False,1,0.999516,ChurnBinary,Contact customer proactively
0,26,92.4,2349.8,0,90.37692307692308,2402.4,6,3,0,0,0,0,1,3,True,False,False,True,False,True,True,False,False,True,False,True,False,False,False,False,False,True,False,False,False,False,True,True,False,False,True,False,False,False,False,True,0,0.0004409134,ChurnBinary,Contact customer proactively
1,24,80.5,2088.45,0,87.01875,1932.0,4,3,0,1,0,0,0,4,True,False,False,True,False,True,True,False,False,False,False,True,False,False,False,False,False,False,False,False,False,False,True,False,True,False,False,False,False,False,False,False,0,0.00059998257,ChurnBinary,Contact customer proactively
0,22,100.05,2090.25,0,95.01136363636364,2201.1,6,2,0,0,0,0,1,2,True,True,True,True,False,False,True,False,False,False,False,True,False,True,False,False,False,True,False,True,True,False,True,False,False,True,False,False,False,False,False,True,0,0.00026849692,ChurnBinary,Contact customer proactively
0,51,98.85,4947.55,0,97.0107843137255,5041.349999999999,6,2,0,1,0,1,1,3,False,True,False,True,False,True,True,False,False,False,False,False,False,True,False,False,False,True,False,True,True,False,True,False,True,False,False,True,False,False,False,True,0,0.00030416728,ChurnBinary,Contact customer proactively
1,61,85.55,5251.75,0,86.09426229508196,5218.55,5,2,0,0,0,1,0,2,True,True,False,True,False,True,True,False,False,False,False,True,False,False,False,True,False,False,False,False,True,False,True,False,False,False,False,True,False,False,False,False,0,0.00018626945,ChurnBinary,Contact customer proactively
0,44,54.3,2390.45,0,54.32840909090908,2389.2,5,1,0,0,0,1,0,1,True,True,False,False,True,False,False,False,False,False,False,True,False,True,False,False,False,True,False,True,False,True,False,False,False,False,True,False,False,False,True,False,0,0.00015802041,ChurnBinary,Contact customer proactively
0,0,80.85,1397.475,0,1397.475,0.0,7,1,0,0,1,0,0,2,False,True,True,True,False,False,False,False,False,True,False,True,False,True,False,False,False,True,False,True,False,True,False,False,False,True,False,False,False,False,False,False,0,0.00019335581,ChurnBinary,Contact customer proactively
0,5,75.65,399.45,0,79.89,378.25,3,3,1,0,1,0,0,5,False,False,False,True,False,False,True,False,False,False,False,False,False,False,False,True,False,False,False,False,False,False,True,False,False,True,False,False,True,False,False,False,0,0.0007027669,ChurnBinary,Contact customer proactively
0,1,78.8,78.8,1,78.8,78.8,3,3,1,1,1,0,0,6,False,True,False,True,False,False,True,False,False,False,False,False,False,False,False,False,False,True,False,False,False,False,False,False,True,False,False,False,True,False,False,False,1,0.9994729,ChurnBinary,Contact customer proactively
0,26,61.55,1581.95,0,60.84423076923077,1600.3,5,2,0,1,0,0,0,3,True,False,False,True,False,True,False,False,False,True,False,True,False,False,False,False,False,False,False,False,True,False,False,False,True,False,True,False,False,False,True,False,0,0.00022224634,ChurnBinary,Contact customer proactively
0,15,84.35,1302.65,0,86.84333333333333,1265.25,5,3,0,0,0,0,0,3,False,False,False,True,False,True,True,False,False,True,False,False,False,True,False,False,False,False,False,False,False,False,True,True,False,False,False,False,False,False,False,False,0,0.0004513911,ChurnBinary,Contact customer proactively
0,4,80.35,307.4,1,76.85,321.4,3,3,1,1,1,0,0,6,True,True,False,True,False,False,True,False,False,False,False,False,False,False,False,False,False,True,False,False,False,False,True,False,True,False,False,False,True,False,False,False,1,0.9994789,ChurnBinary,Contact customer proactively
0,12,84.6,959.9,0,79.99166666666666,1015.2,5,3,0,1,0,0,0,4,True,True,False,True,False,False,True,False,False,True,False,True,False,True,False,False,False,False,False,False,False,False,True,False,True,False,False,False,True,False,False,False,0,0.0006297301,ChurnBinary,Contact customer proactively
0,1,49.9,49.9,1,49.9,49.9,3,3,0,0,1,0,0,4,True,False,True,True,False,False,False,False,False,False,False,False,False,False,False,True,False,False,False,False,False,False,True,False,False,True,False,False,True,False,True,False,1,0.9992894,ChurnBinary,Contact customer proactively
0,22,57.95,1271.8,0,57.809090909090905,1274.9,5,3,0,0,0,0,0,3,True,True,True,True,False,False,False,False,False,True,False,True,False,False,False,True,False,False,False,False,False,False,True,False,False,True,False,False,False,False,True,False,0,0.00026178718,ChurnBinary,Contact customer proactively
0,49,49.65,2409.9,0,49.18163265306123,2432.85,4,1,0,0,0,1,0,1,True,True,False,False,True,False,False,False,False,False,False,True,False,False,False,False,False,True,False,True,False,True,False,True,False,False,False,True,False,False,True,False,0,0.00015802041,ChurnBinary,Contact customer proactively
0,13,19.75,265.75,0,20.442307692307693,256.75,1,1,0,0,0,0,0,1,True,False,False,True,False,False,False,True,True,False,True,False,True,False,True,False,True,False,True,False,False,True,False,False,False,True,False,False,False,True,False,False,0,0.00015950973,ChurnBinary,Contact customer proactively
0,66,90.55,6130.95,0,92.89318181818182,5976.3,6,2,0,0,0,1,1,2,False,True,False,True,False,True,True,False,False,False,False,True,False,True,False,True,False,False,False,False,True,False,True,False,False,False,False,True,False,False,False,True,0,0.00018626945,ChurnBinary,Contact customer proactively
0,62,39.0,2337.45,0,37.7008064516129,2418.0,3,1,0,0,0,1,0,1,True,True,False,False,True,False,False,False,False,False,False,False,False,False,False,True,False,True,False,False,False,True,True,False,False,False,False,True,False,False,True,False,0,0.00015802041,ChurnBinary,Contact customer proactively
0,66,63.3,4189.7,0,63.48030303030303,4177.8,5,1,0,0,0,1,0,1,True,True,True,True,False,True,False,False,False,False,False,False,False,True,False,False,False,True,False,False,False,True,True,False,False,False,False,True,False,False,True,False,0,0.00015802041,ChurnBinary,Contact customer proactively
0,3,35.2,108.95,1,36.31666666666667,105.6,2,3,0,0,1,0,0,4,False,False,False,False,True,False,False,False,False,False,False,False,False,False,False,False,False,True,False,False,False,False,False,True,False,False,False,False,True,True,False,False,1,0.99919885,ChurnBinary,Contact customer proactively
0,63,68.8,4111.35,0,65.25952380952381,4334.4,7,2,0,0,0,1,0,2,True,False,False,True,False,True,False,False,False,True,False,True,False,True,False,True,False,False,False,False,True,False,False,False,False,False,False,True,False,False,True,False,0,0.00018130933,ChurnBinary,Contact customer proactively
0,15,19.35,278.85,0,18.59,290.25,1,1,0,0,0,0,0,1,True,True,True,True,False,False,False,True,True,False,True,False,True,False,True,False,True,False,True,False,False,True,False,False,False,True,False,False,False,True,False,False,0,0.00015950973,ChurnBinary,Contact customer proactively
0,43,94.1,4107.3,0,95.5186046511628,4046.3,6,3,0,1,0,1,1,4,False,True,False,True,False,True,True,False,False,True,False,True,False,False,False,False,False,False,False,True,False,False,True,False,True,False,True,False,False,False,False,True,0,0.0004572222,ChurnBinary,Contact customer proactively
1,65,109.05,7108.2,0,109.35692307692308,7088.25,8,1,0,1,0,1,1,2,True,False,False,True,False,True,True,False,False,True,False,False,False,True,False,True,False,True,False,True,False,True,True,False,True,False,False,True,False,False,False,True,0,0.00025637966,ChurnBinary,Contact customer proactively
0,2,85.7,169.8,1,84.9,171.4,4,3,1,1,1,0,0,6,False,False,False,True,False,True,True,False,False,False,False,False,False,False,False,False,False,False,False,True,False,False,True,False,True,False,False,False,True,False,False,False,1,0.9994789,ChurnBinary,Contact customer proactively
0,14,50.1,709.5,0,50.67857142857143,701.4,3,3,0,0,0,0,0,3,False,False,False,True,False,False,False,False,False,True,False,False,False,False,False,False,False,False,False,False,False,False,False,False,False,False,False,False,False,False,True,False,0,0.0002901907,ChurnBinary,Contact customer proactively
0,68,109.05,7508.55,0,110.41985294117649,7415.4,8,1,0,0,0,1,1,1,False,True,True,True,False,True,True,False,False,True,False,False,False,True,False,True,False,True,False,True,False,True,True,False,False,False,False,True,False,False,False,True,0,0.00023373547,ChurnBinary,Contact customer proactively
0,20,19.6,356.15,0,17.807499999999997,392.0,1,3,0,0,0,0,0,3,True,False,False,True,False,False,False,True,True,False,True,False,True,False,True,False,True,False,True,False,False,False,True,True,False,False,False,False,False,True,False,False,0,0.0002473925,ChurnBinary,Contact customer proactively
0,57,65.2,3687.85,0,64.69912280701755,3716.4,6,3,0,0,0,1,0,3,False,True,True,True,False,True,False,False,False,True,False,True,False,False,False,True,False,False,False,False,False,False,False,False,False,False,False,True,False,False,True,False,0,0.00025726092,ChurnBinary,Contact customer proactively
0,72,19.8,1468.75,0,20.39930555555556,1425.6,1,1,0,0,0,1,0,1,True,False,False,True,False,False,False,True,True,False,True,False,True,False,True,False,True,False,True,False,False,True,True,True,False,False,False,True,False,True,False,False,0,0.00015802041,ChurnBinary,Contact customer proactively
0,6,84.4,556.35,1,92.725,506.4,4,3,1,1,0,0,0,5,True,False,False,True,False,False,True,False,False,False,False,True,False,False,False,False,False,False,False,True,False,False,True,False,True,False,False,False,True,False,False,False,1,0.99949694,ChurnBinary,Contact customer proactively
0,53,73.9,3958.25,0,74.68396226415095,3916.7,7,1,0,0,0,1,0,1,True,False,False,True,False,True,False,False,False,False,False,True,False,True,False,True,False,False,False,True,False,True,True,False,False,False,False,True,False,False,False,False,0,0.00015802041,ChurnBinary,Contact customer proactively
0,57,70.1,3913.3,1,68.65438596491228,3995.7,5,2,0,0,0,1,0,2,False,True,True,True,False,False,False,False,False,True,False,False,False,False,False,False,False,True,False,True,True,False,True,False,False,False,False,True,False,False,True,False,1,0.99816626,ChurnBinary,Contact customer proactively
0,1,20.1,20.1,1,20.1,20.1,1,3,0,0,1,0,0,4,True,False,False,True,False,False,False,True,True,False,True,False,True,False,True,False,True,False,True,False,False,False,True,False,False,True,False,False,True,True,False,False,1,0.99917275,ChurnBinary,Contact customer proactively
0,15,49.0,749.25,0,49.95,735.0,3,3,0,1,0,0,0,4,True,False,False,True,False,True,False,False,False,False,False,False,False,False,False,False,False,False,False,False,False,False,True,False,True,False,False,False,False,False,True,False,0,0.00044000146,ChurnBinary,Contact customer proactively
1,40,79.2,3233.85,1,80.84625,3168.0,4,3,0,0,0,1,0,3,False,False,False,True,False,False,True,False,False,True,False,True,False,False,False,False,False,False,False,False,False,False,True,True,False,False,True,False,False,False,False,False,1,0.9990264,ChurnBinary,Contact customer proactively
0,71,53.95,3888.65,0,54.76971830985916,3830.45,6,1,0,0,0,1,0,1,True,False,False,False,True,False,False,False,False,True,False,True,False,True,False,True,False,True,False,False,False,True,False,False,False,False,False,True,False,False,True,False,0,0.00015802041,ChurnBinary,Contact customer proactively
1,13,45.3,528.45,0,40.650000000000006,588.9,3,3,0,1,0,0,0,4,False,True,False,False,True,False,False,False,False,False,False,False,False,False,False,False,False,True,False,True,False,False,False,False,True,False,False,False,False,False,True,False,0,0.00044277526,ChurnBinary,Contact customer proactively
0,72,91.15,6637.9,0,92.19305555555556,6562.8,9,1,0,0,0,1,1,1,False,True,False,True,False,True,False,False,False,True,False,True,False,True,False,True,False,True,False,True,False,True,True,False,False,False,False,True,False,False,False,True,0,0.00015802041,ChurnBinary,Contact customer proactively
0,52,95.7,4976.15,0,95.6951923076923,4976.400000000001,6,2,0,0,0,1,1,2,False,True,True,True,False,True,True,False,False,False,False,True,False,True,False,False,False,True,False,False,True,False,True,True,False,False,False,True,False,False,False,True,0,0.00021412587,ChurnBinary,Contact customer proactively
0,63,81.15,5224.5,0,82.92857142857143,5112.450000000001,4,2,0,0,0,1,0,2,False,True,False,True,False,False,True,False,False,True,False,False,False,True,False,False,False,False,False,False,True,False,True,True,False,False,False,True,False,False,False,False,0,0.00017758504,ChurnBinary,Contact customer proactively
0,29,19.1,529.5,0,18.25862068965517,553.9000000000001,1,2,0,0,0,0,0,2,True,False,False,True,False,False,False,True,True,False,True,False,True,False,True,False,True,False,True,False,True,False,False,False,False,True,True,False,False,True,False,False,0,0.0001721428,ChurnBinary,Contact customer proactively
0,29,100.55,2878.75,0,99.26724137931036,2915.95,6,3,0,0,0,0,1,3,False,False,False,True,False,True,True,False,False,False,False,False,False,True,False,False,False,True,False,True,False,False,False,False,False,False,True,False,False,False,False,True,0,0.00040931808,ChurnBinary,Contact customer proactively
0,3,20.75,67.1,0,22.366666666666664,62.25,1,3,0,0,1,0,0,4,True,False,False,True,False,False,False,True,True,False,True,False,True,False,True,False,True,False,True,False,False,False,True,True,False,False,False,False,True,True,False,False,0,0.0003448057,ChurnBinary,Contact customer proactively
0,19,20.6,414.95,0,21.839473684210525,391.4,1,3,0,0,0,0,0,3,True,True,True,True,False,False,False,True,True,False,True,False,True,False,True,False,True,False,True,False,False,False,False,False,False,True,False,False,False,True,False,False,0,0.00024416577,ChurnBinary,Contact customer proactively
0,61,99.9,6241.35,0,102.31721311475413,6093.900000000001,6,2,0,1,0,1,1,3,True,True,True,True,False,True,True,False,False,False,False,False,False,True,False,False,False,True,False,True,True,False,True,False,True,False,False,True,False,False,False,True,0,0.00033641836,ChurnBinary,Contact customer proactively
0,10,54.25,583.0,0,58.3,542.5,4,3,0,1,0,0,0,4,False,False,False,True,False,False,False,False,False,False,False,False,False,True,False,True,False,False,False,False,False,False,False,False,True,False,False,False,True,False,True,False,0,0.0003989974,ChurnBinary,Contact customer proactively
0,67,109.7,7344.45,0,109.6186567164179,7349.900000000001,8,2,0,0,0,1,1,2,False,True,False,True,False,True,True,False,False,False,False,True,False,True,False,True,False,True,False,True,True,False,True,True,False,False,False,True,False,False,False,True,0,0.00026606917,ChurnBinary,Contact customer proactively
0,42,19.55,839.4,0,19.985714285714284,821.1,1,2,0,0,0,1,0,2,True,False,False,True,False,False,False,True,True,False,True,False,True,False,True,False,True,False,True,False,True,False,True,False,False,True,True,False,False,True,False,False,0,0.0001721428,ChurnBinary,Contact customer proactively
0,1,75.7,75.7,1,75.7,75.7,3,3,1,1,1,0,0,6,False,False,False,True,False,False,True,False,False,False,False,True,False,False,False,False,False,False,False,False,False,False,True,False,True,False,False,False,True,False,False,False,1,0.999516,ChurnBinary,Contact customer proactively
0,5,84.0,424.75,0,84.95,420.0,4,3,1,1,1,0,0,6,False,False,False,True,False,True,True,False,False,False,False,False,False,False,False,False,False,True,False,False,False,False,True,False,True,False,False,False,True,False,False,False,0,0.00072613836,ChurnBinary,Contact customer proactively
0,20,19.5,403.15,0,20.1575,390.0,1,2,0,0,0,0,0,2,False,False,False,True,False,False,False,True,True,False,True,False,True,False,True,False,True,False,True,False,True,False,False,False,False,True,False,False,False,True,False,False,0,0.00017376519,ChurnBinary,Contact customer proactively
1,1,69.5,69.5,1,69.5,69.5,2,3,0,0,1,0,0,4,True,False,False,True,False,False,True,False,False,False,False,False,False,False,False,False,False,False,False,False,False,False,True,False,False,False,False,False,True,False,True,False,1,0.99949133,ChurnBinary,Contact customer proactively
0,6,78.95,494.95,0,82.49166666666666,473.7000000000001,4,3,1,1,0,0,0,5,True,False,False,True,False,False,True,False,False,True,False,True,False,False,False,False,False,False,False,False,False,False,True,False,True,False,False,False,True,False,False,False,0,0.0006493655,ChurnBinary,Contact customer proactively
0,34,106.35,3549.25,1,104.38970588235294,3615.9,7,3,0,1,0,0,1,4,True,False,False,True,False,True,True,False,False,False,False,True,False,True,False,False,False,True,False,True,False,False,True,False,True,False,True,False,False,False,False,True,1,0.9992754,ChurnBinary,Contact customer proactively
0,21,19.6,390.4,0,18.59047619047619,411.6,1,1,0,0,0,0,0,1,True,False,False,True,False,False,False,True,True,False,True,False,True,False,True,False,True,False,True,False,False,True,False,False,False,True,False,False,False,True,False,False,0,0.00015950973,ChurnBinary,Contact customer proactively
0,46,108.65,4903.2,0,106.59130434782608,4997.900000000001,8,1,0,1,0,1,1,2,True,False,False,True,False,True,True,False,False,False,False,True,False,True,False,True,False,True,False,True,False,True,False,False,True,False,True,False,False,False,False,True,0,0.00029259548,ChurnBinary,Contact customer proactively
0,34,97.7,3410.0,0,100.29411764705884,3321.8,6,3,0,0,0,0,1,3,True,True,True,True,False,True,True,False,False,False,False,True,False,False,False,False,False,True,False,True,False,False,True,False,False,False,True,False,False,False,False,True,0,0.00045905708,ChurnBinary,Contact customer proactively
0,29,45.0,1242.45,0,42.84310344827586,1305.0,5,3,0,0,0,0,0,3,True,False,True,False,True,False,False,False,False,True,False,True,False,True,False,True,False,False,False,False,False,False,True,False,False,True,True,False,False,False,True,False,0,0.0003046226,ChurnBinary,Contact customer proactively
0,27,80.65,2209.75,0,81.8425925925926,2177.55,4,2,0,0,0,0,0,2,True,True,True,True,False,False,True,False,False,True,False,True,False,False,False,False,False,False,False,False,True,False,True,True,False,False,True,False,False,False,False,False,0,0.00018268962,ChurnBinary,Contact customer proactively
0,72,89.8,6510.45,0,90.42291666666668,6465.599999999999,9,1,0,0,0,1,0,1,False,True,True,True,False,True,False,False,False,True,False,True,False,True,False,True,False,True,False,True,False,True,False,True,False,False,False,True,False,False,False,False,0,0.00015802041,ChurnBinary,Contact customer proactively
0,42,54.55,2455.05,0,58.45357142857144,2291.1,4,3,0,0,0,1,0,3,False,False,False,True,False,False,False,False,False,True,False,False,False,True,False,False,False,False,False,False,False,False,False,True,False,False,True,False,False,False,True,False,0,0.00026066042,ChurnBinary,Contact customer proactively
1,27,78.05,2135.5,1,79.0925925925926,2107.35,4,3,0,1,0,0,0,4,False,False,False,True,False,True,True,False,False,False,False,False,False,True,False,False,False,False,False,False,False,False,True,False,True,False,True,False,False,False,False,False,1,0.99936146,ChurnBinary,Contact customer proactively
0,66,66.1,4428.45,0,67.09772727272727,4362.599999999999,6,1,0,0,0,1,0,1,True,True,False,True,False,True,False,False,False,True,False,True,False,True,False,False,False,False,False,False,False,True,True,True,False,False,False,True,False,False,True,False,0,0.00015802041,ChurnBinary,Contact customer proactively
0,2,75.55,166.3,1,83.15,151.1,3,3,1,1,1,0,0,6,False,False,False,True,False,True,True,False,False,False,False,False,False,False,False,False,False,False,False,False,False,False,True,False,True,False,False,False,True,False,False,False,1,0.9994789,ChurnBinary,Contact customer proactively
0,32,96.2,3183.4,1,99.48125,3078.4,5,3,0,1,0,0,1,4,True,False,False,True,False,False,True,False,False,False,False,False,False,False,False,True,False,True,False,True,False,False,True,False,True,False,True,False,False,False,False,True,1,0.99925905,ChurnBinary,Contact customer proactively
1,14,74.95,1036.75,1,74.05357142857143,1049.3,3,3,0,1,0,0,0,4,True,False,False,True,False,True,True,False,False,False,False,False,False,False,False,False,False,False,False,False,False,False,True,False,True,False,False,False,False,False,False,False,1,0.99941325,ChurnBinary,Contact customer proactively
0,19,89.95,1682.4,0,88.54736842105264,1709.05,5,3,0,0,0,0,1,3,True,False,False,True,False,False,True,False,False,False,False,False,False,True,False,True,False,True,False,False,False,False,False,False,False,True,False,False,False,False,False,True,0,0.00037908956,ChurnBinary,Contact customer proactively
0,48,64.4,3035.35,0,63.23645833333333,3091.2000000000003,6,2,0,0,0,1,0,2,True,False,True,True,False,True,False,False,False,True,False,True,False,True,False,False,False,False,False,False,True,False,True,False,False,False,True,False,False,False,True,False,0,0.00017738654,ChurnBinary,Contact customer proactively
0,4,73.9,280.85,1,70.2125,295.6,3,3,1,1,1,0,0,6,True,False,False,True,False,False,True,False,False,False,False,False,False,True,False,False,False,False,False,False,False,False,True,False,True,False,False,False,True,False,False,False,1,0.9994789,ChurnBinary,Contact customer proactively
1,57,89.85,4925.35,0,86.40964912280702,5121.45,5,3,0,1,0,1,0,4,True,True,False,True,False,True,True,False,False,False,False,True,False,False,False,False,False,False,False,True,False,False,True,False,True,False,False,True,False,False,False,False,0,0.00041941053,ChurnBinary,Contact customer proactively
0,58,75.2,4300.8,0,74.15172413793104,4361.6,6,2,0,0,0,1,0,2,True,True,True,True,False,False,False,False,False,False,False,True,False,False,False,True,False,True,False,True,True,False,True,True,False,False,False,True,False,False,False,False,0,0.00021667457,ChurnBinary,Contact customer proactively
1,56,68.45,4014.0,0,71.67857142857143,3833.2,7,2,0,0,0,1,0,2,False,True,False,True,False,True,False,False,False,True,False,True,False,True,False,True,False,False,False,False,True,False,True,True,False,False,False,True,False,False,True,False,0,0.00018130933,ChurnBinary,Contact customer proactively
0,69,19.75,1375.4,0,19.933333333333334,1362.75,1,1,0,0,0,1,0,1,False,True,True,True,False,False,False,True,True,False,True,False,True,False,True,False,True,False,True,False,False,True,False,False,False,False,False,True,False,True,False,False,0,0.00015802041,ChurnBinary,Contact customer proactively
0,10,53.7,521.0,0,52.1,537.0,6,1,0,0,0,0,0,1,True,True,True,False,True,False,False,False,False,True,False,True,False,True,False,True,False,False,False,True,False,True,False,True,False,False,False,False,True,False,True,False,0,0.00015950973,ChurnBinary,Contact customer proactively
0,3,80.0,241.3,0,80.43333333333334,240.0,4,3,1,1,1,0,0,6,False,True,True,True,False,False,True,False,False,False,False,True,False,False,False,True,False,False,False,False,False,False,True,False,True,False,False,False,True,False,False,False,0,0.0007027669,ChurnBinary,Contact customer proactively
0,35,26.2,954.9,0,27.282857142857143,917.0,2,2,0,0,0,0,0,2,True,False,False,True,False,True,False,True,True,False,True,False,True,False,True,False,True,False,True,False,True,False,False,False,False,False,True,False,False,True,False,False,0,0.0001721428,ChurnBinary,Contact customer proactively
0,11,19.25,180.3,1,16.39090909090909,211.75,1,3,0,0,0,0,0,3,False,True,True,True,False,False,False,True,True,False,True,False,True,False,True,False,True,False,True,False,False,False,True,False,False,True,False,False,True,True,False,False,1,0.998536,ChurnBinary,Contact customer proactively
0,56,100.55,5514.95,0,98.48125,5630.8,6,2,0,1,0,1,1,3,True,True,False,True,False,True,True,False,False,True,False,False,False,False,False,False,False,True,False,True,True,False,True,False,True,False,False,True,False,False,False,True,0,0.00031690366,ChurnBinary,Contact customer proactively
0,51,24.95,1222.25,0,23.965686274509803,1272.45,2,1,0,0,0,1,0,1,True,True,True,True,False,True,False,True,True,False,True,False,True,False,True,False,True,False,True,False,False,True,True,False,False,True,False,True,False,True,False,False,0,0.00015802041,ChurnBinary,Contact customer proactively
1,36,90.85,3186.7,1,88.51944444444445,3270.6,5,3,0,1,0,0,1,4,True,False,False,True,False,True,True,False,False,True,False,False,False,False,False,False,False,True,False,False,False,False,True,False,True,False,True,False,False,False,False,True,1,0.99917597,ChurnBinary,Contact customer proactively
0,5,20.45,106.9,0,21.380000000000003,102.25,1,1,0,0,1,0,0,2,True,False,True,True,False,False,False,True,True,False,True,False,True,False,True,False,True,False,True,False,False,True,False,False,False,True,False,False,True,True,False,False,0,0.00016677137,ChurnBinary,Contact customer proactively
0,1,20.4,20.4,0,20.4,20.4,1,2,0,0,1,0,0,3,True,True,True,True,False,False,False,True,True,False,True,False,True,False,True,False,True,False,True,False,True,False,False,False,False,True,False,False,True,True,False,False,0,0.0002117654,ChurnBinary,Contact customer proactively
1,7,74.4,527.9,1,75.41428571428571,520.8000000000001,3,3,1,0,0,0,0,4,True,True,False,True,False,True,True,False,False,False,False,False,False,False,False,False,False,False,False,False,False,False,True,False,False,True,False,False,True,False,False,False,1,0.99945956,ChurnBinary,Contact customer proactively
0,69,53.65,3804.4,0,55.13623188405797,3701.85,4,2,0,0,0,1,0,2,True,True,False,True,False,False,False,False,False,True,False,True,False,False,False,False,False,False,False,False,True,False,True,True,False,False,False,True,False,False,True,False,0,0.00017738654,ChurnBinary,Contact customer proactively
0,22,67.5,1544.05,1,70.18409090909091,1485.0,6,2,0,0,0,0,0,2,True,True,True,True,False,False,False,False,False,True,False,False,False,True,False,True,False,True,False,False,True,False,True,False,False,False,False,False,False,False,True,False,1,0.99785113,ChurnBinary,Contact customer proactively
0,63,24.2,1618.2,0,25.685714285714287,1524.6,2,1,0,0,0,1,0,1,False,False,False,True,False,True,False,True,True,False,True,False,True,False,True,False,True,False,True,False,False,True,False,False,False,True,False,True,False,True,False,False,0,0.00015802041,ChurnBinary,Contact customer proactively
0,55,75.75,4264.25,0,77.53181818181818,4166.25,7,2,0,0,0,1,0,2,False,True,True,True,False,True,False,False,False,True,False,True,False,False,False,True,False,False,False,True,True,False,True,False,False,False,False,True,False,False,False,False,0,0.00021005225,ChurnBinary,Contact customer proactively
0,3,57.55,161.45,0,53.81666666666666,172.64999999999998,4,3,0,1,1,0,0,5,False,False,False,True,False,False,False,False,False,False,False,False,False,True,False,False,False,True,False,False,False,False,False,False,True,False,False,False,True,False,True,False,0,0.00045474054,ChurnBinary,Contact customer proactively
0,67,81.35,5398.6,0,80.57611940298509,5450.45,7,1,0,0,0,1,0,1,True,True,True,True,False,False,False,False,False,True,False,True,False,True,False,False,False,True,False,True,False,True,False,True,False,False,False,True,False,False,False,False,0,0.00015802041,ChurnBinary,Contact customer proactively
0,3,25.25,58.9,1,19.633333333333333,75.75,1,3,0,1,1,0,0,5,False,False,False,False,True,False,False,False,False,False,False,False,False,False,False,False,False,False,False,False,False,False,False,False,True,False,False,False,True,True,False,False,1,0.9992865,ChurnBinary,Contact customer proactively
0,1,19.75,19.75,0,19.75,19.75,1,3,0,0,1,0,0,4,True,False,False,True,False,False,False,True,True,False,True,False,True,False,True,False,True,False,True,False,False,False,False,False,False,True,False,False,True,True,False,False,0,0.0004187877,ChurnBinary,Contact customer proactively
0,16,89.05,1448.6,1,90.5375,1424.8,5,3,0,0,0,0,0,3,True,False,False,True,False,True,True,False,False,False,False,False,False,False,False,True,False,False,False,True,False,False,True,True,False,False,False,False,False,False,False,False,1,0.9992156,ChurnBinary,Contact customer proactively
0,62,104.05,6590.5,0,106.2983870967742,6451.099999999999,7,1,0,1,0,1,1,2,True,False,True,True,False,True,True,False,False,False,False,False,False,True,False,True,False,True,False,True,False,True,True,False,True,False,False,True,False,False,False,True,0,0.00027179858,ChurnBinary,Contact customer proactively
0,8,65.5,573.15,0,71.64375,524.0,6,3,0,0,0,0,0,3,False,False,False,True,False,True,False,False,False,True,False,True,False,True,False,False,False,False,False,False,False,False,True,False,False,False,False,False,True,False,True,False,0,0.0002901907,ChurnBinary,Contact customer proactively
0,9,20.1,190.25,0,21.13888888888889,180.9,1,2,0,0,0,0,0,2,True,False,True,True,False,False,False,True,True,False,True,False,True,False,True,False,True,False,True,False,True,False,False,False,False,True,False,False,True,True,False,False,0,0.00017376519,ChurnBinary,Contact customer proactively
0,6,19.5,146.3,1,24.383333333333336,117.0,1,3,0,0,0,0,0,3,False,True,False,True,False,False,False,True,True,False,True,False,True,False,True,False,True,False,True,False,False,False,False,False,False,False,False,False,True,True,False,False,1,0.998536,ChurnBinary,Contact customer proactively
0,28,59.0,1654.45,0,59.0875,1652.0,5,2,0,0,0,0,0,2,False,False,False,True,False,True,False,False,False,True,False,False,False,True,False,False,False,False,False,False,True,False,False,False,False,True,True,False,False,False,True,False,0,0.00017426015,ChurnBinary,Contact customer proactively
0,26,19.4,525.55,0,20.213461538461537,504.4,1,2,0,0,0,0,0,2,True,False,False,True,False,False,False,True,True,False,True,False,True,False,True,False,True,False,True,False,True,False,False,False,False,True,True,False,False,True,False,False,0,0.0001721428,ChurnBinary,Contact customer proactively
0,38,101.15,3956.7,0,104.1236842105263,3843.7,6,3,0,0,0,1,1,3,True,True,True,True,False,True,True,False,False,False,False,False,False,True,False,False,False,True,False,True,False,False,True,True,False,False,True,False,False,False,False,True,0,0.00045905708,ChurnBinary,Contact customer proactively
0,18,50.3,913.3,0,50.73888888888889,905.4,3,3,0,1,0,0,0,4,False,False,False,True,False,True,False,False,False,False,False,False,False,False,False,False,False,False,False,False,False,False,True,False,True,False,False,False,False,False,True,False,0,0.000437575,ChurnBinary,Contact customer proactively
0,3,31.0,95.05,1,31.683333333333334,93.0,2,3,0,0,1,0,0,4,False,True,True,False,True,False,False,False,False,False,False,False,False,False,False,True,False,False,False,False,False,False,True,False,False,True,False,False,True,True,False,False,1,0.99923444,ChurnBinary,Contact customer proactively
0,3,25.0,78.25,0,26.08333333333333,75.0,1,3,0,0,1,0,0,4,True,True,False,False,True,False,False,False,False,False,False,False,False,False,False,False,False,False,False,False,False,False,False,False,False,True,False,False,True,True,False,False,0,0.00045930786,ChurnBinary,Contact customer proactively
0,70,72.95,5265.55,0,75.22214285714286,5106.5,7,1,0,0,0,1,0,1,True,True,False,True,False,True,False,False,False,False,False,True,False,True,False,True,False,True,False,False,False,True,False,False,False,False,False,True,False,False,False,False,0,0.00015802041,ChurnBinary,Contact customer proactively
0,67,69.35,4653.25,0,69.45149253731343,4646.45,7,2,0,0,0,1,0,2,True,True,True,True,False,True,False,False,False,True,False,True,False,True,False,True,False,False,False,False,True,False,True,True,False,False,False,True,False,False,True,False,0,0.00018130933,ChurnBinary,Contact customer proactively
0,71,24.35,1654.6,0,23.304225352112677,1728.85,2,1,0,0,0,1,0,1,True,False,True,True,False,True,False,True,True,False,True,False,True,False,True,False,True,False,True,False,False,True,False,False,False,True,False,True,False,True,False,False,0,0.00015802041,ChurnBinary,Contact customer proactively
0,16,69.1,1083.7,0,67.73125,1105.6,6,3,0,1,0,0,0,4,True,False,True,True,False,True,False,False,False,True,False,True,False,False,False,False,False,False,False,True,False,False,True,False,True,False,False,False,False,False,True,False,0,0.0004125414,ChurnBinary,Contact customer proactively
0,10,65.5,616.9,0,61.69,655.0,5,3,0,1,0,0,0,4,False,True,True,True,False,False,False,False,False,False,False,True,False,False,False,True,False,False,False,True,False,False,True,False,True,False,False,False,True,False,True,False,0,0.00040541048,ChurnBinary,Contact customer proactively
0,1,90.85,90.85,1,90.85,90.85,5,3,1,0,1,0,1,5,True,False,False,True,False,True,True,False,False,False,False,True,False,False,False,False,False,False,False,True,False,False,True,True,False,False,False,False,True,False,False,True,1,0.99950564,ChurnBinary,Contact customer proactively
0,12,56.3,628.65,0,52.3875,675.5999999999999,3,3,0,0,0,0,0,3,True,True,True,True,False,False,False,False,False,False,False,False,False,False,False,False,False,True,False,False,False,False,True,False,False,True,False,False,True,False,True,False,0,0.00028883218,ChurnBinary,Contact customer proactively
0,5,53.85,259.8,1,51.96,269.25,4,3,0,0,1,0,0,4,False,False,False,True,False,False,False,False,False,True,False,False,False,False,False,True,False,False,False,False,False,False,False,True,False,False,False,False,True,False,True,False,1,0.99907804,ChurnBinary,Contact customer proactively
1,40,99.2,4062.2,1,101.555,3968.0,6,2,0,0,0,1,1,2,False,True,False,True,False,False,True,False,False,False,False,True,False,False,False,True,False,True,False,True,True,False,True,True,False,False,True,False,False,False,False,True,1,0.9984218,ChurnBinary,Contact customer proactively
1,21,64.95,1339.8,0,63.8,1363.95,5,3,0,0,0,0,0,3,True,True,False,True,False,False,False,False,False,True,False,True,False,False,False,False,False,False,False,True,False,False,True,False,False,False,False,False,False,False,True,False,0,0.00026618282,ChurnBinary,Contact customer proactively
0,9,68.25,576.95,0,64.10555555555555,614.25,6,3,0,0,0,0,0,3,True,False,False,True,False,False,False,False,False,True,False,False,False,True,False,True,False,False,False,True,False,False,True,False,False,False,False,False,True,False,True,False,0,0.00028960285,ChurnBinary,Contact customer proactively
0,7,50.3,355.1,0,50.72857142857144,352.1,3,3,0,0,0,0,0,3,False,True,False,True,False,False,False,False,False,True,False,False,False,False,False,False,False,False,False,False,False,False,True,False,False,False,False,False,True,False,True,False,0,0.0002901907,ChurnBinary,Contact customer proactively
0,38,20.05,678.2,0,17.847368421052632,761.9,1,2,0,0,0,1,0,2,False,False,False,True,False,False,False,True,True,False,True,False,True,False,True,False,True,False,True,False,True,False,False,False,False,True,True,False,False,True,False,False,0,0.0001721428,ChurnBinary,Contact customer proactively
0,1,50.5,50.5,1,50.5,50.5,3,3,0,1,1,0,0,5,True,False,False,True,False,False,False,False,False,False,False,False,False,True,False,False,False,False,False,False,False,False,True,False,True,False,False,False,True,False,True,False,1,0.9993445,ChurnBinary,Contact customer proactively
0,7,74.9,490.55,0,70.07857142857144,524.3000000000001,3,3,1,1,0,0,0,5,True,False,False,True,False,False,True,False,False,False,False,False,False,True,False,False,False,False,False,False,False,False,True,False,True,False,False,False,True,False,False,False,0,0.00072613836,ChurnBinary,Contact customer proactively
0,2,70.95,137.95,1,68.975,141.9,2,3,1,1,1,0,0,6,False,False,False,True,False,False,True,False,False,False,False,False,False,False,False,False,False,False,False,False,False,False,True,False,True,False,False,False,True,False,False,False,1,0.9994789,ChurnBinary,Contact customer proactively
0,56,19.55,1080.55,0,19.295535714285712,1094.8,1,1,0,0,0,1,0,1,False,False,False,True,False,False,False,True,True,False,True,False,True,False,True,False,True,False,True,False,False,True,True,False,False,False,False,True,False,True,False,False,0,0.00015802041,ChurnBinary,Contact customer proactively
0,6,50.35,314.55,0,52.425,302.1,3,3,0,1,0,0,0,4,False,True,False,True,False,True,False,False,False,False,False,False,False,False,False,False,False,False,False,False,False,False,False,False,True,False,False,False,True,False,True,False,0,0.00041509036,ChurnBinary,Contact customer proactively
0,63,58.55,3503.5,0,55.61111111111112,3688.65,4,2,0,0,0,1,0,2,False,False,False,True,False,False,False,False,False,False,False,False,False,True,False,False,False,False,False,True,True,False,False,True,False,False,False,True,False,False,True,False,0,0.00020494984,ChurnBinary,Contact customer proactively
0,64,110.5,7069.25,0,110.45703125,7072.0,8,1,0,0,0,1,1,1,False,False,False,True,False,True,True,False,False,False,False,True,False,True,False,True,False,True,False,True,False,True,True,True,False,False,False,True,False,False,False,True,0,0.00024260057,ChurnBinary,Contact customer proactively
0,29,45.9,1332.4,0,45.9448275862069,1331.1,3,3,0,1,0,0,0,4,True,True,False,False,True,False,False,False,False,False,False,False,False,False,False,False,False,True,False,True,False,False,True,False,True,False,True,False,False,False,True,False,0,0.00038973094,ChurnBinary,Contact customer proactively
0,32,85.65,2664.3,0,83.259375,2740.8,4,3,0,0,0,0,0,3,True,False,False,True,False,True,True,False,False,False,False,False,False,False,False,False,False,False,False,True,False,False,True,False,False,False,True,False,False,False,False,False,0,0.00046302774,ChurnBinary,Contact customer proactively
1,2,84.05,186.05,0,93.025,168.1,4,3,1,1,1,0,0,6,False,False,False,True,False,True,True,False,False,False,False,False,False,False,False,False,False,False,False,True,False,False,True,False,True,False,False,False,True,False,False,False,0,0.0007522108,ChurnBinary,Contact customer proactively
0,60,94.4,5610.25,1,93.50416666666666,5664.0,5,2,0,1,0,1,1,3,True,True,False,True,False,False,True,False,False,False,False,True,False,False,False,False,False,True,False,True,True,False,True,False,True,False,False,True,False,False,False,True,1,0.99870753,ChurnBinary,Contact customer proactively
0,22,65.05,1427.55,0,64.88863636363637,1431.1,6,3,0,0,0,0,0,3,True,False,False,True,False,True,False,False,False,True,False,True,False,True,False,False,False,False,False,False,False,False,False,False,False,True,False,False,False,False,True,False,0,0.00026178718,ChurnBinary,Contact customer proactively
0,11,35.65,425.1,0,38.64545454545455,392.15,3,3,0,1,0,0,0,4,True,False,False,False,True,False,False,False,False,False,False,True,False,False,False,True,False,False,False,False,False,False,True,False,True,False,False,False,True,False,True,False,0,0.00045578447,ChurnBinary,Contact customer proactively
1,57,90.65,5199.8,0,91.22456140350876,5167.05,5,2,0,1,0,1,1,3,True,True,False,True,False,False,True,False,False,False,False,True,False,True,False,False,False,True,False,False,True,False,True,False,True,False,False,True,False,False,False,True,0,0.0002613657,ChurnBinary,Contact customer proactively
0,1,44.15,44.15,1,44.15,44.15,2,3,0,0,1,0,0,4,True,False,False,True,False,False,False,False,False,False,False,False,False,False,False,False,False,False,False,False,False,False,True,False,False,True,False,False,True,False,True,False,1,0.9993037,ChurnBinary,Contact customer proactively
0,62,19.2,1123.65,0,18.123387096774195,1190.4,1,1,0,0,0,1,0,1,False,False,False,True,False,False,False,True,True,False,True,False,True,False,True,False,True,False,True,False,False,True,True,True,False,False,False,True,False,True,False,False,0,0.00015802041,ChurnBinary,Contact customer proactively
0,47,98.75,4533.7,1,96.46170212765956,4641.25,7,3,0,1,0,1,1,4,False,True,False,True,False,True,True,False,False,True,False,True,False,True,False,False,False,True,False,False,False,False,True,False,True,False,True,False,False,False,False,True,1,0.9991959,ChurnBinary,Contact customer proactively
0,61,88.1,5526.75,0,90.60245901639344,5374.099999999999,9,1,0,0,0,1,0,1,False,True,True,True,False,True,False,False,False,True,False,True,False,True,False,True,False,True,False,True,False,True,False,False,False,True,False,True,False,False,False,False,0,0.00015802041,ChurnBinary,Contact customer proactively
0,3,70.15,194.2,0,64.73333333333333,210.45,2,3,0,1,1,0,0,5,False,False,False,True,False,False,True,False,False,False,False,False,False,False,False,False,False,False,False,False,False,False,True,False,True,False,False,False,True,False,True,False,0,0.0007216907,ChurnBinary,Contact customer proactively
0,64,81.05,5135.35,0,80.23984375,5187.2,4,3,0,1,0,1,0,4,True,True,True,True,False,False,True,False,False,True,False,True,False,False,False,False,False,False,False,False,False,False,False,False,True,False,False,True,False,False,False,False,0,0.00041068994,ChurnBinary,Contact customer proactively
0,6,94.05,518.75,0,86.45833333333333,564.3,6,3,1,0,0,0,1,4,False,True,True,True,False,True,True,False,False,False,False,True,False,True,False,False,False,True,False,False,False,False,True,False,False,True,False,False,True,False,False,True,0,0.00070010836,ChurnBinary,Contact customer proactively
0,56,20.05,1090.1,0,19.46607142857143,1122.8,1,1,0,0,0,1,0,1,False,True,True,True,False,False,False,True,True,False,True,False,True,False,True,False,True,False,True,False,False,True,False,False,False,True,False,True,False,True,False,False,0,0.00015802041,ChurnBinary,Contact customer proactively
0,27,49.85,1336.15,0,49.48703703703704,1345.95,3,3,0,0,0,0,0,3,False,True,True,True,False,False,False,False,False,False,False,True,False,False,False,False,False,False,False,False,False,False,False,False,False,True,True,False,False,False,True,False,0,0.00025726092,ChurnBinary,Contact customer proactively
0,46,45.55,2062.15,0,44.82934782608696,2095.3,4,3,0,1,0,1,0,4,False,True,False,False,True,False,False,False,False,True,False,True,False,False,False,False,False,True,False,False,False,False,False,False,True,False,True,False,False,False,True,False,0,0.00036936227,ChurnBinary,Contact customer proactively
1,1,45.1,45.1,1,45.1,45.1,2,3,0,1,1,0,0,5,True,False,False,True,False,False,False,False,False,False,False,False,False,False,False,False,False,False,False,False,False,False,False,False,True,False,False,False,True,False,True,False,1,0.9993262,ChurnBinary,Contact customer proactively
0,11,20.4,231.45,0,21.04090909090909,224.4,1,1,0,0,0,0,0,1,True,False,False,True,False,False,False,True,True,False,True,False,True,False,True,False,True,False,True,False,False,True,False,False,False,True,False,False,True,True,False,False,0,0.00015950973,ChurnBinary,Contact customer proactively
0,32,98.85,3145.9,0,98.309375,3163.2,6,3,0,0,0,0,1,3,True,True,False,True,False,True,True,False,False,False,False,True,False,False,False,False,False,True,False,True,False,False,True,True,False,False,True,False,False,False,False,True,0,0.00045905708,ChurnBinary,Contact customer proactively
0,4,77.85,299.2,1,74.8,311.4,3,3,1,1,1,0,0,6,True,False,False,True,False,False,True,False,False,False,False,False,False,False,False,False,False,True,False,False,False,False,False,False,True,False,False,False,True,False,False,False,1,0.9994241,ChurnBinary,Contact customer proactively
0,24,55.65,1400.55,1,58.35625,1335.6,4,3,0,0,0,0,0,3,True,False,False,True,False,True,False,False,False,True,False,False,False,False,False,False,False,False,False,False,False,False,True,False,False,False,False,False,False,False,True,False,1,0.99852294,ChurnBinary,Contact customer proactively
0,35,108.95,4025.5,0,115.01428571428572,3813.25,8,1,0,1,0,0,1,2,True,False,False,True,False,True,True,False,False,True,False,False,False,True,False,True,False,True,False,True,False,True,True,False,True,False,True,False,False,False,False,True,0,0.00027233007,ChurnBinary,Contact customer proactively
0,46,105.2,4822.85,1,104.8445652173913,4839.2,7,2,0,0,0,1,1,2,False,False,True,True,False,False,True,False,False,True,False,True,False,False,False,True,False,True,False,True,True,False,True,False,False,False,True,False,False,False,False,True,1,0.99873906,ChurnBinary,Contact customer proactively
0,1,70.0,70.0,1,70.0,70.0,2,3,0,1,1,0,0,5,True,True,True,True,False,False,True,False,False,False,False,False,False,False,False,False,False,False,False,False,False,False,True,False,True,False,False,False,True,False,True,False,1,0.99951303,ChurnBinary,Contact customer proactively
0,72,110.15,7881.2,0,109.46111111111112,7930.8,8,1,0,0,0,1,1,1,False,True,False,True,False,True,True,False,False,True,False,False,False,True,False,True,False,True,False,True,False,True,True,True,False,False,False,True,False,False,False,True,0,0.0002075767,ChurnBinary,Contact customer proactively
1,63,103.5,6479.4,0,102.84761904761903,6520.5,7,3,0,1,0,1,1,4,False,True,False,True,False,True,True,False,False,False,False,True,False,True,False,False,False,True,False,True,False,False,True,False,True,False,False,True,False,False,False,True,0,0.00048129816,ChurnBinary,Contact customer proactively
0,21,86.5,1808.7,1,86.12857142857143,1816.5,4,3,0,1,0,0,0,4,False,True,False,True,False,True,True,False,False,False,False,False,False,False,False,False,False,False,False,True,False,False,True,False,True,False,False,False,False,False,False,False,1,0.99937516,ChurnBinary,Contact customer proactively
0,37,40.2,1525.35,0,41.22567567567568,1487.4,4,2,0,1,0,1,0,3,True,True,True,False,True,False,False,False,False,True,False,False,False,True,False,True,False,False,False,False,True,False,True,False,True,False,True,False,False,False,True,False,0,0.00023568979,ChurnBinary,Contact customer proactively
0,55,100.9,5552.05,0,100.94636363636364,5549.5,6,2,0,0,0,1,1,2,True,False,False,True,False,False,True,False,False,True,False,True,False,False,False,False,False,True,False,True,True,False,True,False,False,True,False,True,False,False,False,True,0,0.00027763442,ChurnBinary,Contact customer proactively
0,14,66.6,979.5,0,69.96428571428571,932.4,5,3,0,0,0,0,0,3,True,True,False,True,False,True,False,False,False,False,False,False,False,False,False,True,False,True,False,False,False,False,True,True,False,False,False,False,False,False,True,False,0,0.00029104605,ChurnBinary,Contact customer proactively
0,53,71.85,3827.9,0,72.22452830188679,3808.05,6,3,0,1,0,1,0,4,True,True,True,True,False,True,False,False,False,True,False,False,False,False,False,True,False,False,False,True,False,False,False,False,True,False,False,True,False,False,False,False,0,0.00036167918,ChurnBinary,Contact customer proactively
0,50,84.15,4164.4,0,83.288,4207.5,8,2,0,0,0,1,0,2,False,True,True,True,False,True,False,False,False,False,False,True,False,True,False,True,False,True,False,True,True,False,True,True,False,False,False,True,False,False,False,False,0,0.00021110756,ChurnBinary,Contact customer proactively
1,38,102.6,4009.2,0,105.50526315789472,3898.8,7,3,0,1,0,1,1,4,True,True,False,True,False,True,True,False,False,False,False,True,False,True,False,False,False,True,False,True,False,False,True,False,True,False,True,False,False,False,False,True,0,0.0005222116,ChurnBinary,Contact customer proactively
1,30,99.7,2967.35,1,98.91166666666666,2991.0,6,3,0,1,0,0,1,4,False,False,False,True,False,True,True,False,False,False,False,True,False,False,False,False,False,True,False,True,False,False,True,False,True,False,True,False,False,False,False,True,1,0.9993031,ChurnBinary,Contact customer proactively
0,28,59.9,1654.7,0,59.096428571428575,1677.2,5,2,0,1,0,0,0,3,False,False,False,True,False,False,False,False,False,True,False,True,False,False,False,True,False,False,False,False,True,False,True,False,True,False,True,False,False,False,True,False,0,0.00022224634,ChurnBinary,Contact customer proactively
1,46,59.9,2816.65,1,61.23152173913044,2755.4,6,2,0,0,0,1,0,2,True,True,False,False,True,False,False,False,False,False,False,True,False,True,False,True,False,True,False,True,True,False,True,False,False,False,True,False,False,False,True,False,1,0.99825484,ChurnBinary,Contact customer proactively
0,67,20.55,1343.4,0,20.05074626865672,1376.85,1,2,0,1,0,1,0,3,False,False,False,True,False,False,False,True,True,False,True,False,True,False,True,False,True,False,True,False,True,False,False,False,True,False,False,True,False,True,False,False,0,0.00022259096,ChurnBinary,Contact customer proactively
0,1,45.95,45.95,1,45.95,45.95,2,3,0,0,1,0,0,4,False,False,False,True,False,False,False,False,False,False,False,False,False,False,False,False,False,False,False,False,False,False,False,False,False,True,False,False,True,False,True,False,1,0.99925023,ChurnBinary,Contact customer proactively
0,50,19.8,1013.2,0,20.264,990.0,1,1,0,1,0,1,0,2,True,True,False,True,False,False,False,True,True,False,True,False,True,False,True,False,True,False,True,False,False,True,False,False,True,False,False,True,False,True,False,False,0,0.00016521425,ChurnBinary,Contact customer proactively
0,56,98.0,5270.6,0,94.11785714285716,5488.0,6,2,0,1,0,1,1,3,False,True,False,True,False,True,True,False,False,True,False,False,False,False,False,False,False,True,False,True,True,False,True,False,True,False,False,True,False,False,False,True,0,0.00029180513,ChurnBinary,Contact customer proactively
0,1,19.95,19.95,0,19.95,19.95,1,3,0,0,1,0,0,4,True,False,False,True,False,False,False,True,True,False,True,False,True,False,True,False,True,False,True,False,False,False,False,False,False,True,False,False,True,True,False,False,0,0.00043073384,ChurnBinary,Contact customer proactively
0,3,35.1,101.1,0,33.7,105.3,3,3,0,0,1,0,0,4,True,True,False,False,True,False,False,False,False,True,False,False,False,False,False,True,False,False,False,False,False,False,False,False,False,True,False,False,True,True,False,False,0,0.00045725142,ChurnBinary,Contact customer proactively
0,72,109.55,8165.1,0,113.40416666666668,7887.599999999999,8,1,0,1,0,1,1,2,False,True,False,True,False,True,True,False,False,True,False,True,False,True,False,False,False,True,False,True,False,True,True,False,True,False,False,True,False,False,False,True,0,0.00021189748,ChurnBinary,Contact customer proactively
0,48,60.35,2896.4,1,60.34166666666667,2896.8,5,2,0,0,0,1,0,2,False,False,False,True,False,False,False,False,False,True,False,False,False,True,False,True,False,False,False,False,True,False,True,True,False,False,True,False,False,False,True,False,1,0.9978309,ChurnBinary,Contact customer proactively
0,9,39.55,373.0,0,41.44444444444444,355.95,4,2,0,0,0,0,0,2,True,False,False,False,True,False,False,False,False,True,False,True,False,True,False,False,False,False,False,False,True,False,False,False,False,True,False,False,True,False,True,False,0,0.00017876015,ChurnBinary,Contact customer proactively
0,19,69.6,1394.55,0,73.39736842105263,1322.4,5,3,0,0,0,0,0,3,True,False,False,True,False,True,False,False,False,False,False,False,False,False,False,False,False,True,False,True,False,False,False,False,False,True,False,False,False,False,True,False,0,0.00027214867,ChurnBinary,Contact customer proactively
0,46,81.0,3846.35,0,83.61630434782609,3726.0,7,1,0,0,0,1,0,1,True,True,True,True,False,False,False,False,False,True,False,False,False,True,False,True,False,True,False,True,False,True,False,False,False,True,True,False,False,False,False,False,0,0.00015802041,ChurnBinary,Contact customer proactively
0,56,107.25,6033.3,0,107.7375,6006.0,7,2,0,1,0,1,1,3,True,True,False,True,False,True,True,False,False,False,False,True,False,False,False,True,False,True,False,True,True,False,True,False,True,False,False,True,False,False,False,True,0,0.00035980332,ChurnBinary,Contact customer proactively
0,35,83.15,2848.45,0,81.38428571428571,2910.25,4,3,0,1,0,0,0,4,True,False,False,True,False,True,True,False,False,False,False,False,False,False,False,False,False,True,False,False,False,False,False,False,True,False,True,False,False,False,False,False,0,0.0004981983,ChurnBinary,Contact customer proactively
0,25,19.8,475.2,0,19.008,495.0,1,1,0,0,0,0,0,1,False,False,False,True,False,False,False,True,True,False,True,False,True,False,True,False,True,False,True,False,False,True,False,True,False,False,True,False,False,True,False,False,0,0.00015802041,ChurnBinary,Contact customer proactively
0,21,68.65,1493.2,0,71.1047619047619,1441.65,2,3,0,1,0,0,0,4,False,False,False,True,False,False,True,False,False,False,False,False,False,False,False,False,False,False,False,False,False,False,True,False,True,False,False,False,False,False,True,False,0,0.0005941347,ChurnBinary,Contact customer proactively
0,71,25.35,1847.55,0,26.021830985915493,1799.85,2,1,0,0,0,1,0,1,True,True,True,True,False,True,False,True,True,False,True,False,True,False,True,False,True,False,True,False,False,True,False,True,False,False,False,True,False,True,False,False,0,0.00015802041,ChurnBinary,Contact customer proactively
0,1,79.35,79.35,1,79.35,79.35,3,3,1,0,1,0,0,5,False,True,False,True,False,False,True,False,False,False,False,False,False,False,False,False,False,True,False,False,False,False,True,False,False,False,False,False,True,False,False,False,1,0.999516,ChurnBinary,Contact customer proactively
0,62,84.5,5193.2,0,83.76129032258065,5239.0,8,1,0,0,0,1,0,1,False,False,False,True,False,True,False,False,False,False,False,True,False,True,False,True,False,True,False,True,False,True,False,False,False,False,False,True,False,False,False,False,0,0.00015802041,ChurnBinary,Contact customer proactively
0,53,78.75,3942.45,0,74.38584905660377,4173.75,7,2,0,0,0,1,0,2,True,True,True,True,False,True,False,False,False,False,False,False,False,True,False,True,False,True,False,True,True,False,True,False,False,True,False,True,False,False,False,False,0,0.00021756288,ChurnBinary,Contact customer proactively
0,2,74.9,136.05,0,68.025,149.8,3,3,1,0,1,0,0,5,False,False,False,True,False,True,True,False,False,False,False,False,False,False,False,False,False,False,False,False,False,False,True,False,False,True,False,False,True,False,False,False,0,0.00072613836,ChurnBinary,Contact customer proactively
1,72,93.05,6735.05,0,93.54236111111112,6699.599999999999,7,1,0,0,0,1,1,1,True,True,False,True,False,True,True,False,False,True,False,True,False,True,False,True,False,False,False,False,False,True,True,False,False,False,False,True,False,False,False,True,0,0.00016103535,ChurnBinary,Contact customer proactively
0,24,79.65,1928.7,0,80.3625,1911.6,4,3,0,0,0,0,0,3,False,True,False,True,False,True,True,False,False,False,False,False,False,True,False,False,False,False,False,False,False,False,True,False,False,True,False,False,False,False,False,False,0,0.00042188625,ChurnBinary,Contact customer proactively
0,41,55.7,2237.55,0,54.57439024390244,2283.7000000000003,4,3,0,0,0,1,0,3,True,False,False,True,False,True,False,False,False,False,False,False,False,True,False,False,False,False,False,False,False,False,True,False,False,False,True,False,False,False,True,False,0,0.0002560565,ChurnBinary,Contact customer proactively
0,2,94.2,193.8,1,96.9,188.4,5,3,1,0,1,0,1,5,False,False,True,True,False,True,True,False,False,False,False,False,False,False,False,False,False,True,False,True,False,False,True,False,False,False,False,False,True,False,False,True,1,0.99949694,ChurnBinary,Contact customer proactively
0,2,67.75,116.65,1,58.325,135.5,2,3,0,1,1,0,0,5,True,False,False,True,False,False,True,False,False,False,False,False,False,False,False,False,False,False,False,False,False,False,True,False,True,False,False,False,True,False,True,False,1,0.9994388,ChurnBinary,Contact customer proactively
1,27,95.55,2510.2,1,92.97037037037036,2579.85,6,3,0,1,0,0,1,4,True,True,False,True,False,True,True,False,False,False,False,True,False,True,False,False,False,False,False,True,False,False,True,False,True,False,True,False,False,False,False,True,1,0.99938357,ChurnBinary,Contact customer proactively
1,53,101.9,5549.4,1,104.70566037735848,5400.700000000001,6,3,0,1,0,1,1,4,True,True,False,True,False,True,True,False,False,False,False,True,False,False,False,False,False,True,False,True,False,False,True,False,True,False,False,True,False,False,False,True,1,0.99923694,ChurnBinary,Contact customer proactively
0,34,64.4,2088.75,1,61.43382352941177,2189.6000000000004,6,2,0,0,0,0,0,2,False,False,False,True,False,True,False,False,False,True,False,True,False,False,False,True,False,False,False,False,True,False,True,False,False,True,True,False,False,False,True,False,1,0.99789137,ChurnBinary,Contact customer proactively
0,1,85.0,85.0,0,85.0,85.0,4,3,1,1,1,0,0,6,True,False,False,True,False,False,True,False,False,False,False,True,False,False,False,False,False,False,False,True,False,False,True,False,True,False,False,False,True,False,False,False,0,0.00078176084,ChurnBinary,Contact customer proactively
0,48,19.55,883.35,0,18.403125,938.4,1,1,0,0,0,1,0,1,False,True,True,True,False,False,False,True,True,False,True,False,True,False,True,False,True,False,True,False,False,True,False,False,False,True,True,False,False,True,False,False,0,0.00015802041,ChurnBinary,Contact customer proactively
1,3,75.05,256.25,1,85.41666666666667,225.15,3,3,1,0,1,0,0,5,False,False,False,True,False,True,True,False,False,False,False,False,False,False,False,False,False,False,False,False,False,False,True,True,False,False,False,False,True,False,False,False,1,0.9994678,ChurnBinary,Contact customer proactively
0,71,64.05,4492.9,0,63.28028169014084,4547.55,6,1,0,0,0,1,0,1,False,True,True,True,False,False,False,False,False,True,False,True,False,True,False,True,False,False,False,False,False,True,False,True,False,False,False,True,False,False,True,False,0,0.00015802041,ChurnBinary,Contact customer proactively
0,24,85.95,2107.15,0,87.79791666666667,2062.8,5,3,0,1,0,0,0,4,True,False,False,True,False,False,True,False,False,False,False,True,False,True,False,True,False,False,False,False,False,False,True,False,True,False,False,False,False,False,False,False,0,0.00057993055,ChurnBinary,Contact customer proactively
1,5,70.05,302.6,0,60.52,350.25,2,3,0,1,1,0,0,5,False,True,False,True,False,False,True,False,False,False,False,False,False,False,False,False,False,False,False,False,False,False,False,False,True,False,False,False,True,False,True,False,0,0.00064291095,ChurnBinary,Contact customer proactively
1,8,75.75,606.25,1,75.78125,606.0,3,3,1,1,0,0,0,5,False,False,False,True,False,True,True,False,False,False,False,False,False,False,False,False,False,False,False,False,False,False,True,False,True,False,False,False,True,False,False,False,1,0.9994789,ChurnBinary,Contact customer proactively
0,15,19.8,309.4,0,20.626666666666665,297.0,1,3,0,0,0,0,0,3,True,False,False,True,False,False,False,True,True,False,True,False,True,False,True,False,True,False,True,False,False,False,True,False,False,True,False,False,False,True,False,False,0,0.00025712946,ChurnBinary,Contact customer proactively
1,2,74.7,165.4,1,82.7,149.4,3,3,1,1,1,0,0,6,True,False,False,True,False,False,True,False,False,False,False,True,False,False,False,False,False,False,False,False,False,False,True,False,True,False,False,False,True,False,False,False,1,0.9994789,ChurnBinary,Contact customer proactively
0,13,25.0,332.5,0,25.57692307692308,325.0,2,1,0,0,0,0,0,1,False,True,True,True,False,True,False,True,True,False,True,False,True,False,True,False,True,False,True,False,False,True,True,False,False,False,False,False,False,True,False,False,0,0.00015950973,ChurnBinary,Contact customer proactively
1,17,85.35,1463.45,1,86.08529411764707,1450.9499999999998,5,3,0,0,0,0,0,3,False,True,False,True,False,True,True,False,False,True,False,False,False,True,False,False,False,False,False,False,False,False,True,False,False,False,False,False,False,False,False,False,1,0.9991696,ChurnBinary,Contact customer proactively
0,24,58.35,1346.9,0,56.12083333333334,1400.4,5,2,0,1,0,0,0,3,True,True,False,True,False,True,False,False,False,True,False,False,False,False,False,True,False,False,False,False,True,False,True,False,True,False,False,False,False,False,True,False,0,0.00022046105,ChurnBinary,Contact customer proactively
0,50,20.55,1070.25,0,21.405,1027.5,1,1,0,0,0,1,0,1,False,True,True,True,False,False,False,True,True,False,True,False,True,False,True,False,True,False,True,False,False,True,False,True,False,False,False,True,False,True,False,False,0,0.00015802041,ChurnBinary,Contact customer proactively
0,57,74.35,4317.35,0,75.74298245614035,4237.95,6,1,0,0,0,1,0,1,True,False,False,True,False,False,False,False,False,True,False,False,False,True,False,False,False,True,False,True,False,True,True,False,False,False,False,True,False,False,False,False,0,0.00015802041,ChurnBinary,Contact customer proactively
1,3,25.3,77.75,1,25.916666666666668,75.9,1,3,0,1,1,0,0,5,False,False,False,False,True,False,False,False,False,False,False,False,False,False,False,False,False,False,False,False,False,False,False,False,True,False,False,False,True,True,False,False,1,0.9992865,ChurnBinary,Contact customer proactively
0,37,91.15,3369.25,0,91.0608108108108,3372.55,5,3,0,1,0,1,1,4,True,False,False,True,False,True,True,False,False,True,False,False,False,False,False,False,False,True,False,False,False,False,True,False,True,False,True,False,False,False,False,True,0,0.00045921505,ChurnBinary,Contact customer proactively
0,71,25.6,1888.25,0,26.59507042253521,1817.6,2,1,0,0,0,1,0,1,False,True,False,True,False,True,False,True,True,False,True,False,True,False,True,False,True,False,True,False,False,True,False,True,False,False,False,True,False,True,False,False,0,0.00015802041,ChurnBinary,Contact customer proactively
0,72,66.5,4811.6,0,66.82777777777778,4788.0,6,1,0,0,0,1,0,1,True,True,True,True,False,True,False,False,False,True,False,False,False,True,False,True,False,False,False,False,False,True,True,True,False,False,False,True,False,False,True,False,0,0.00015802041,ChurnBinary,Contact customer proactively
0,52,25.6,1334.5,0,25.66346153846154,1331.2,2,1,0,0,0,1,0,1,True,False,True,True,False,True,False,True,True,False,True,False,True,False,True,False,True,False,True,False,False,True,False,True,False,False,False,True,False,True,False,False,0,0.00015802041,ChurnBinary,Contact customer proactively
0,4,19.85,63.0,0,15.75,79.4,1,3,0,1,1,0,0,5,True,False,False,True,False,False,False,True,True,False,True,False,True,False,True,False,True,False,True,False,False,False,True,False,True,False,False,False,True,True,False,False,0,0.0003580611,ChurnBinary,Contact customer proactively
0,9,69.5,653.25,0,72.58333333333333,625.5,6,3,0,0,0,0,0,3,True,False,False,True,False,False,False,False,False,True,False,False,False,True,False,True,False,True,False,False,False,False,True,False,False,True,False,False,True,False,True,False,0,0.00028883218,ChurnBinary,Contact customer proactively
1,7,74.85,485.25,0,69.32142857142857,523.9499999999999,3,3,1,1,0,0,0,5,True,True,False,True,False,True,True,False,False,False,False,False,False,False,False,False,False,False,False,False,False,False,True,False,True,False,False,False,True,False,False,False,0,0.00072613836,ChurnBinary,Contact customer proactively
0,48,70.1,3238.4,0,67.46666666666667,3364.8,6,1,0,0,0,1,0,1,False,True,True,True,False,False,False,False,False,True,False,True,False,True,False,False,False,False,False,True,False,True,True,True,False,False,True,False,False,False,True,False,0,0.00015802041,ChurnBinary,Contact customer proactively
0,47,58.6,2723.4,0,57.94468085106383,2754.2000000000003,4,3,0,0,0,1,0,3,False,True,False,True,False,False,False,False,False,False,False,True,False,False,False,False,False,True,False,False,False,False,True,False,False,False,True,False,False,False,True,False,0,0.00025726092,ChurnBinary,Contact customer proactively
1,4,72.75,317.75,0,79.4375,291.0,3,3,1,1,1,0,0,6,False,False,False,True,False,False,True,False,False,False,False,True,False,False,False,False,False,False,False,False,False,False,False,False,True,False,False,False,True,False,False,False,0,0.0006457536,ChurnBinary,Contact customer proactively
0,47,103.7,4730.6,0,100.65106382978723,4873.900000000001,7,2,0,1,0,1,1,3,False,False,False,True,False,False,True,False,False,True,False,False,False,True,False,True,False,True,False,True,True,False,True,False,True,False,True,False,False,False,False,True,0,0.00034631154,ChurnBinary,Contact customer proactively
0,24,29.1,688.0,0,28.666666666666668,698.4000000000001,2,3,0,1,0,0,0,4,True,True,False,False,True,False,False,False,False,False,False,False,False,True,False,False,False,False,False,False,False,False,False,False,True,False,False,False,False,True,False,False,0,0.00038030703,ChurnBinary,Contact customer proactively
0,1,50.45,50.45,1,50.45,50.45,3,3,0,0,1,0,0,4,False,False,False,True,False,False,False,False,False,False,False,False,False,True,False,False,False,False,False,False,False,False,True,False,False,True,False,False,True,False,True,False,1,0.99929976,ChurnBinary,Contact customer proactively
0,1,44.65,44.65,1,44.65,44.65,4,3,0,0,1,0,0,4,True,False,False,False,True,False,False,False,False,False,False,True,False,False,False,True,False,False,False,True,False,False,True,False,False,True,False,False,True,False,True,False,1,0.9992933,ChurnBinary,Contact customer proactively
0,1,19.25,19.25,0,19.25,19.25,1,3,0,1,1,0,0,5,False,True,True,True,False,False,False,True,True,False,True,False,True,False,True,False,True,False,True,False,False,False,False,False,True,False,False,False,True,True,False,False,0,0.00041627814,ChurnBinary,Contact customer proactively
0,48,108.1,5067.45,0,105.571875,5188.799999999999,7,1,0,0,0,1,1,1,True,False,False,True,False,True,True,False,False,False,False,True,False,True,False,False,False,True,False,True,False,True,True,False,False,False,True,False,False,False,False,True,0,0.00028519664,ChurnBinary,Contact customer proactively
0,27,20.1,562.6,0,20.83703703703704,542.7,1,2,0,0,0,0,0,2,True,False,False,True,False,False,False,True,True,False,True,False,True,False,True,False,True,False,True,False,True,False,False,False,False,False,True,False,False,True,False,False,0,0.0001721428,ChurnBinary,Contact customer proactively
0,60,59.85,3483.45,0,58.0575,3591.0,5,1,0,0,0,1,0,1,False,True,False,True,False,False,False,False,False,True,False,True,False,False,False,True,False,False,False,False,False,True,False,False,False,False,False,True,False,False,True,False,0,0.00015802041,ChurnBinary,Contact customer proactively
0,26,56.05,1553.2,0,59.73846153846154,1457.3,4,2,0,0,0,0,0,2,False,False,False,True,False,False,False,False,False,False,False,True,False,True,False,False,False,False,False,False,True,False,True,False,False,True,True,False,False,False,True,False,0,0.00017926916,ChurnBinary,Contact customer proactively
1,51,19.6,967.9,0,18.978431372549014,999.6,1,1,0,0,0,1,0,1,False,False,False,True,False,False,False,True,True,False,True,False,True,False,True,False,True,False,True,False,False,True,False,True,False,False,False,True,False,True,False,False,0,0.00015802041,ChurnBinary,Contact customer proactively
0,4,79.0,303.15,1,75.7875,316.0,3,3,1,1,1,0,0,6,False,False,False,True,False,False,True,False,False,False,False,False,False,False,False,False,False,True,False,False,False,False,True,False,True,False,False,False,True,False,False,False,1,0.9994789,ChurnBinary,Contact customer proactively
1,26,66.05,1652.4,0,63.55384615384616,1717.3,5,3,0,1,0,0,0,4,False,False,False,True,False,True,False,False,False,False,False,False,False,False,False,True,False,False,False,True,False,False,True,False,True,False,True,False,False,False,True,False,0,0.00035461664,ChurnBinary,Contact customer proactively
0,41,106.5,4282.4,0,104.44878048780488,4366.5,8,3,0,1,0,1,1,4,False,False,False,True,False,True,True,False,False,True,False,True,False,True,False,True,False,True,False,False,False,False,True,False,True,False,True,False,False,False,False,True,0,0.00046792,ChurnBinary,Contact customer proactively
0,68,114.9,7843.55,0,115.34632352941176,7813.200000000001,9,1,0,0,0,1,1,1,False,True,False,True,False,True,True,False,False,True,False,True,False,True,False,True,False,True,False,True,False,True,False,False,False,False,False,True,False,False,False,True,0,0.00022745201,ChurnBinary,Contact customer proactively
0,45,54.65,2553.7,0,56.748888888888885,2459.25,4,1,0,0,0,1,0,1,True,True,True,True,False,False,False,False,False,True,False,False,False,False,False,True,False,False,False,False,False,True,False,False,False,False,True,False,False,False,True,False,0,0.00015802041,ChurnBinary,Contact customer proactively
0,22,69.5,1498.2,1,68.10000000000001,1529.0,5,2,0,0,0,0,0,2,False,True,True,True,False,False,False,False,False,False,False,True,False,False,False,False,False,True,False,True,True,False,True,False,False,False,False,False,False,False,True,False,1,0.99824286,ChurnBinary,Contact customer proactively
0,12,79.95,1043.4,0,86.95,959.4,3,3,0,0,0,0,0,3,True,False,False,True,False,False,True,False,False,False,False,False,False,False,False,False,False,False,False,True,False,False,True,False,False,False,False,False,True,False,False,False,0,0.0004972862,ChurnBinary,Contact customer proactively
0,1,43.95,43.95,0,43.95,43.95,2,3,0,0,1,0,0,4,False,False,False,True,False,False,False,False,False,False,False,False,False,False,False,False,False,False,False,False,False,False,False,True,False,False,False,False,True,False,True,False,0,0.0005047113,ChurnBinary,Contact customer proactively
0,7,94.1,701.3,0,100.18571428571428,658.6999999999999,5,3,1,1,0,0,1,5,True,False,False,True,False,True,True,False,False,False,False,False,False,False,False,False,False,True,False,True,False,False,True,False,True,False,False,False,True,False,False,True,0,0.0007522108,ChurnBinary,Contact customer proactively
0,1,20.2,20.2,1,20.2,20.2,1,3,0,0,1,0,0,4,False,False,False,True,False,False,False,True,True,False,True,False,True,False,True,False,True,False,True,False,False,False,True,False,False,False,False,False,True,True,False,False,1,0.9991628,ChurnBinary,Contact customer proactively
0,13,23.9,300.8,1,23.138461538461534,310.7,1,3,0,1,0,0,0,4,False,False,False,False,True,False,False,False,False,False,False,False,False,False,False,False,False,False,False,False,False,False,True,False,True,False,False,False,False,True,False,False,1,0.99915874,ChurnBinary,Contact customer proactively
0,51,20.45,1042.65,0,20.444117647058825,1042.95,1,1,0,0,0,1,0,1,True,False,False,True,False,False,False,True,True,False,True,False,True,False,True,False,True,False,True,False,False,True,False,False,False,True,False,True,False,True,False,False,0,0.00015802041,ChurnBinary,Contact customer proactively
0,4,44.8,169.65,0,42.4125,179.2,2,3,0,1,1,0,0,5,True,True,True,True,False,False,False,False,False,False,False,False,False,False,False,False,False,False,False,False,False,False,False,False,True,False,False,False,True,False,True,False,0,0.00055104215,ChurnBinary,Contact customer proactively
0,26,84.3,2281.6,0,87.75384615384615,2191.8,5,3,0,0,0,0,0,3,True,False,False,True,False,True,True,False,False,False,False,False,False,True,False,True,False,False,False,False,False,False,True,False,False,True,True,False,False,False,False,False,0,0.00044223806,ChurnBinary,Contact customer proactively
0,24,88.95,2072.75,0,86.36458333333333,2134.8,5,3,0,0,0,0,0,3,False,False,False,True,False,True,True,False,False,False,False,False,False,True,False,False,False,True,False,False,False,False,True,True,False,False,False,False,False,False,False,False,0,0.00044805353,ChurnBinary,Contact customer proactively
1,61,94.2,5895.45,0,96.6467213114754,5746.2,7,3,0,0,0,1,1,3,False,True,False,True,False,True,True,False,False,True,False,True,False,True,False,True,False,False,False,False,False,False,True,True,False,False,False,True,False,False,False,True,0,0.00032577824,ChurnBinary,Contact customer proactively
0,72,114.9,8496.7,0,118.00972222222224,8272.800000000001,9,1,0,1,0,1,1,2,False,False,False,True,False,True,True,False,False,True,False,True,False,True,False,True,False,True,False,True,False,True,True,False,True,False,False,True,False,False,False,True,0,0.00021189748,ChurnBinary,Contact customer proactively
0,55,84.25,4589.85,0,83.45181818181818,4633.75,5,2,0,0,0,1,0,2,False,False,False,True,False,True,True,False,False,True,False,False,False,True,False,False,False,False,False,False,True,False,True,True,False,False,False,True,False,False,False,False,0,0.00017758504,ChurnBinary,Contact customer proactively
0,12,81.7,858.6,1,71.55,980.4,4,3,0,0,0,0,0,3,True,False,False,True,False,False,True,False,False,True,False,False,False,True,False,False,False,False,False,False,False,False,False,False,False,False,False,False,True,False,False,False,1,0.99895644,ChurnBinary,Contact customer proactively
0,64,93.4,5822.3,0,90.9734375,5977.6,6,1,0,0,0,1,1,1,True,True,True,True,False,True,True,False,False,True,False,False,False,True,False,False,False,False,False,True,False,True,False,False,False,False,False,True,False,False,False,True,0,0.00020237821,ChurnBinary,Contact customer proactively
1,37,96.55,3580.3,1,96.76486486486488,3572.35,5,3,0,1,0,1,1,4,False,False,False,True,False,True,True,False,False,False,False,False,False,False,False,False,False,True,False,True,False,False,True,False,True,False,True,False,False,False,False,True,1,0.99930155,ChurnBinary,Contact customer proactively
0,72,88.7,6301.7,0,87.52361111111111,6386.400000000001,9,1,0,0,0,1,0,1,True,True,False,True,False,True,False,False,False,True,False,True,False,True,False,True,False,True,False,True,False,True,True,True,False,False,False,True,False,False,False,False,0,0.00015802041,ChurnBinary,Contact customer proactively
0,11,19.5,226.8,0,20.61818181818182,214.5,1,2,0,0,0,0,0,2,True,False,False,True,False,False,False,True,True,False,True,False,True,False,True,False,True,False,True,False,True,False,False,False,False,True,False,False,True,True,False,False,0,0.00017376519,ChurnBinary,Contact customer proactively
1,52,109.1,5647.95,0,108.61442307692307,5673.2,8,3,0,1,0,1,1,4,False,True,False,True,False,True,True,False,False,True,False,True,False,True,False,False,False,True,False,True,False,False,True,False,True,False,False,True,False,False,False,True,0,0.00043558385,ChurnBinary,Contact customer proactively
0,58,44.1,2413.05,0,41.60431034482759,2557.8,2,2,0,0,0,1,0,2,False,True,True,True,False,False,False,False,False,False,False,False,False,False,False,False,False,False,False,False,True,False,True,False,False,True,False,True,False,False,True,False,0,0.00017426015,ChurnBinary,Contact customer proactively
0,4,55.2,220.65,0,55.1625,220.8,4,3,0,1,1,0,0,5,False,False,False,True,False,False,False,False,False,True,False,True,False,False,False,False,False,False,False,False,False,False,False,False,True,False,False,False,True,False,True,False,0,0.0004632589,ChurnBinary,Contact customer proactively
0,38,20.3,749.35,0,19.719736842105263,771.4,1,2,0,0,0,1,0,2,False,True,True,True,False,False,False,True,True,False,True,False,True,False,True,False,True,False,True,False,True,False,False,False,False,True,True,False,False,True,False,False,0,0.0001721428,ChurnBinary,Contact customer proactively
0,3,20.85,60.65,0,20.216666666666665,62.55,1,3,0,0,1,0,0,4,True,False,True,True,False,False,False,True,True,False,True,False,True,False,True,False,True,False,True,False,False,False,False,False,False,True,False,False,True,True,False,False,0,0.0003178513,ChurnBinary,Contact customer proactively
0,62,92.3,5731.45,0,92.44274193548388,5722.599999999999,6,2,0,0,0,1,1,2,True,False,False,True,False,True,True,False,False,True,False,True,False,False,False,False,False,False,False,True,True,False,True,False,False,False,False,True,False,False,False,True,0,0.0002197048,ChurnBinary,Contact customer proactively
0,8,54.25,447.75,0,55.96875,434.0,4,2,0,0,0,0,0,2,False,False,False,True,False,False,False,False,False,True,False,False,False,False,False,True,False,False,False,False,True,False,False,False,False,False,False,False,True,False,True,False,0,0.00017987049,ChurnBinary,Contact customer proactively
0,16,19.75,313.4,0,19.5875,316.0,1,3,0,1,0,0,0,4,True,True,True,True,False,False,False,True,True,False,True,False,True,False,True,False,True,False,True,False,False,False,False,False,True,False,False,False,False,True,False,False,0,0.00032843614,ChurnBinary,Contact customer proactively
0,8,43.55,335.4,0,41.925,348.4,2,3,0,0,0,0,0,3,True,False,False,True,False,False,False,False,False,False,False,False,False,False,False,False,False,False,False,False,False,False,False,False,False,True,False,False,True,False,True,False,0,0.00029043402,ChurnBinary,Contact customer proactively
0,1,19.8,19.8,1,19.8,19.8,1,3,0,0,1,0,0,4,True,False,False,True,False,False,False,True,True,False,True,False,True,False,True,False,True,False,True,False,False,False,False,False,False,True,False,False,True,True,False,False,1,0.9990965,ChurnBinary,Contact customer proactively
0,52,50.2,2554.0,0,49.11538461538461,2610.4,5,1,0,0,0,1,0,1,True,True,True,False,True,False,False,False,False,False,False,True,False,True,False,True,False,True,False,False,False,True,False,False,False,True,False,True,False,False,True,False,0,0.00015802041,ChurnBinary,Contact customer proactively
0,72,26.0,1776.0,0,24.666666666666668,1872.0,2,1,0,0,0,1,0,1,False,True,False,True,False,True,False,True,True,False,True,False,True,False,True,False,True,False,True,False,False,True,True,False,False,True,False,True,False,True,False,False,0,0.00015802041,ChurnBinary,Contact customer proactively
1,16,69.65,1043.3,0,65.20625,1114.4,2,3,0,1,0,0,0,4,True,False,False,True,False,False,True,False,False,False,False,False,False,False,False,False,False,False,False,False,False,False,False,False,True,False,False,False,False,False,True,False,0,0.0005374403,ChurnBinary,Contact customer proactively
0,18,89.6,1633.0,0,90.72222222222224,1612.8,5,2,0,0,0,0,0,2,True,False,False,True,False,True,True,False,False,False,False,False,False,True,False,False,False,True,False,False,True,False,True,True,False,False,False,False,False,False,False,False,0,0.00017925873,ChurnBinary,Contact customer proactively
0,1,20.25,20.25,1,20.25,20.25,1,3,0,0,1,0,0,4,True,False,False,True,False,False,False,True,True,False,True,False,True,False,True,False,True,False,True,False,False,False,False,False,False,True,False,False,True,True,False,False,1,0.9991109,ChurnBinary,Contact customer proactively
0,72,75.4,5480.25,0,76.11458333333333,5428.8,6,1,0,0,0,1,0,1,True,True,True,True,False,False,False,False,False,False,False,True,False,True,False,False,False,True,False,True,False,True,True,False,False,False,False,True,False,False,False,False,0,0.00015802041,ChurnBinary,Contact customer proactively
0,49,20.7,1032.05,0,21.062244897959182,1014.3,1,2,0,0,0,1,0,2,False,True,False,True,False,False,False,True,True,False,True,False,True,False,True,False,True,False,True,False,True,False,False,True,False,False,False,True,False,True,False,False,0,0.0001721428,ChurnBinary,Contact customer proactively
0,1,44.0,44.0,0,44.0,44.0,2,3,0,1,1,0,0,5,True,False,False,True,False,False,False,False,False,False,False,False,False,False,False,False,False,False,False,False,False,False,False,False,True,False,False,False,True,False,True,False,0,0.0005392041,ChurnBinary,Contact customer proactively
0,51,93.5,4619.55,0,90.57941176470588,4768.5,6,2,0,1,0,1,1,3,False,True,False,True,False,False,True,False,False,True,False,True,False,True,False,False,False,True,False,False,True,False,True,False,True,False,False,True,False,False,False,True,0,0.00028370478,ChurnBinary,Contact customer proactively
1,72,97.25,7133.1,0,99.07083333333334,7002.0,6,2,0,0,0,1,1,2,True,True,False,True,False,True,True,False,False,False,False,True,False,False,False,False,False,True,False,True,True,False,True,True,False,False,False,True,False,False,False,True,0,0.00023716017,ChurnBinary,Contact customer proactively
1,72,77.35,5396.25,0,74.94791666666667,5569.2,7,1,0,0,0,1,0,1,True,True,False,True,False,True,False,False,False,False,False,True,False,True,False,True,False,True,False,False,False,True,False,True,False,False,False,True,False,False,False,False,0,0.00015802041,ChurnBinary,Contact customer proactively
0,16,19.05,326.65,0,20.415625,304.8,1,2,0,0,0,0,0,2,False,False,False,True,False,False,False,True,True,False,True,False,True,False,True,False,True,False,True,False,True,False,False,False,False,True,False,False,False,True,False,False,0,0.00017376519,ChurnBinary,Contact customer proactively
0,16,84.9,1398.25,0,87.390625,1358.4,8,3,0,1,0,0,0,4,True,True,True,True,False,True,False,False,False,True,False,True,False,False,False,True,False,True,False,True,False,False,False,False,True,False,False,False,False,False,False,False,0,0.000375345,ChurnBinary,Contact customer proactively
0,1,19.65,19.65,0,19.65,19.65,1,3,0,0,1,0,0,4,True,False,False,True,False,False,False,True,True,False,True,False,True,False,True,False,True,False,True,False,False,False,False,False,False,False,False,False,True,True,False,False,0,0.0004187877,ChurnBinary,Contact customer proactively
0,10,85.6,813.85,1,81.385,856.0,4,3,1,1,0,0,0,5,True,True,False,True,False,True,True,False,False,False,False,False,False,False,False,False,False,True,False,False,False,False,True,False,True,False,False,False,True,False,False,False,1,0.9994728,ChurnBinary,Contact customer proactively
0,57,100.75,5985.0,0,105.0,5742.75,6,2,0,0,0,1,1,2,False,True,False,True,False,True,True,False,False,False,False,False,False,True,False,False,False,True,False,True,True,False,True,True,False,False,False,True,False,False,False,True,0,0.0002837697,ChurnBinary,Contact customer proactively
0,32,90.8,3023.85,0,94.4953125,2905.6,5,2,0,1,0,0,1,3,True,True,True,True,False,False,True,False,False,True,False,True,False,False,False,False,False,False,False,True,True,False,True,False,True,False,True,False,False,False,False,True,0,0.00034382014,ChurnBinary,Contact customer proactively
0,72,101.3,7261.25,0,100.85069444444444,7293.599999999999,7,1,0,0,0,1,1,1,False,False,False,True,False,True,True,False,False,True,False,True,False,True,False,False,False,True,False,False,False,True,True,False,False,False,False,True,False,False,False,True,0,0.00019131343,ChurnBinary,Contact customer proactively
1,58,97.8,5458.8,0,94.11724137931034,5672.4,6,2,0,0,0,1,1,2,False,True,False,True,False,True,True,False,False,False,False,True,False,False,False,False,False,True,False,True,True,False,True,False,False,False,False,True,False,False,False,True,0,0.00024438096,ChurnBinary,Contact customer proactively
0,23,73.75,1756.6,0,76.37391304347825,1696.25,6,2,0,0,0,0,0,2,False,False,False,True,False,True,False,False,False,False,False,False,False,False,False,True,False,True,False,True,True,False,True,False,False,True,False,False,False,False,False,False,0,0.00020290009,ChurnBinary,Contact customer proactively
1,25,89.5,2196.15,1,87.846,2237.5,5,3,0,1,0,0,0,4,True,False,False,True,False,True,True,False,False,False,False,True,False,False,False,False,False,True,False,False,False,False,True,False,True,False,True,False,False,False,False,False,1,0.9993693,ChurnBinary,Contact customer proactively
0,32,19.45,674.55,0,21.0796875,622.4,1,3,0,0,0,0,0,3,True,True,True,True,False,False,False,True,True,False,True,False,True,False,True,False,True,False,True,False,False,False,True,True,False,False,True,False,False,True,False,False,0,0.00024197684,ChurnBinary,Contact customer proactively
0,69,104.0,7028.5,0,101.8623188405797,7176.0,7,1,0,1,0,1,1,2,False,False,False,True,False,True,True,False,False,False,False,False,False,True,False,True,False,True,False,True,False,True,False,False,True,False,False,True,False,False,False,True,0,0.00023586377,ChurnBinary,Contact customer proactively
0,72,109.5,7854.9,0,109.09583333333332,7884.0,8,1,0,0,0,1,1,1,False,True,True,True,False,False,True,False,False,True,False,True,False,True,False,True,False,True,False,True,False,True,True,True,False,False,False,True,False,False,False,True,0,0.0002075767,ChurnBinary,Contact customer proactively
0,50,35.4,1748.9,0,34.978,1770.0,3,2,0,0,0,1,0,2,True,False,False,False,True,False,False,False,False,True,False,False,False,False,False,True,False,False,False,False,True,False,True,False,False,True,False,True,False,True,False,False,0,0.0001721428,ChurnBinary,Contact customer proactively
0,28,106.1,2847.4,1,101.69285714285716,2970.8,7,2,0,1,0,0,1,3,True,True,True,True,False,True,True,False,False,True,False,True,False,False,False,False,False,True,False,True,True,False,False,False,True,False,True,False,False,False,False,True,1,0.9989003,ChurnBinary,Contact customer proactively
0,10,20.1,184.4,0,18.44,201.0,1,2,0,0,0,0,0,2,False,True,False,True,False,False,False,True,True,False,True,False,True,False,True,False,True,False,True,False,True,False,False,False,False,True,False,False,True,True,False,False,0,0.00017376519,ChurnBinary,Contact customer proactively
0,58,94.7,5430.35,0,93.62672413793103,5492.6,6,2,0,0,0,1,1,2,True,True,True,True,False,True,True,False,False,False,False,True,False,False,False,True,False,True,False,False,True,False,True,True,False,False,False,True,False,False,False,True,0,0.0002186755,ChurnBinary,Contact customer proactively
1,7,75.4,533.05,0,76.14999999999999,527.8000000000001,3,3,1,1,0,0,0,5,True,True,False,True,False,True,True,False,False,False,False,False,False,False,False,False,False,False,False,False,False,False,True,False,True,False,False,False,True,False,False,False,0,0.00072613836,ChurnBinary,Contact customer proactively
0,4,49.35,219.65,1,54.9125,197.4,3,3,0,1,1,0,0,5,True,False,True,True,False,False,False,False,False,True,False,False,False,False,False,False,False,False,False,False,False,False,False,False,True,False,False,False,True,False,True,False,1,0.999225,ChurnBinary,Contact customer proactively
0,34,60.8,2042.05,0,60.06029411764706,2067.2,5,2,0,0,0,0,0,2,False,True,True,True,False,False,False,False,False,True,False,True,False,True,False,False,False,False,False,False,True,False,True,False,False,True,True,False,False,False,True,False,0,0.00017926916,ChurnBinary,Contact customer proactively
0,70,115.15,8250.0,0,117.85714285714286,8060.5,9,1,0,0,0,1,1,1,False,True,True,True,False,True,True,False,False,True,False,True,False,True,False,True,False,True,False,True,False,True,True,True,False,False,False,True,False,False,False,True,0,0.00022745201,ChurnBinary,Contact customer proactively
1,71,72.9,5139.65,0,72.38943661971831,5175.900000000001,7,2,0,0,0,1,0,2,True,True,True,True,False,True,False,False,False,False,False,True,False,True,False,True,False,False,False,True,True,False,True,False,False,False,False,True,False,False,False,False,0,0.000221466,ChurnBinary,Contact customer proactively
0,21,103.85,2215.0,0,105.47619047619048,2180.85,7,3,0,0,0,0,1,3,True,False,False,True,False,True,True,False,False,True,False,False,False,True,False,False,False,True,False,True,False,False,False,False,False,True,False,False,False,False,False,True,0,0.0004043591,ChurnBinary,Contact customer proactively
0,56,60.25,3282.75,0,58.62053571428572,3374.0,5,2,0,0,0,1,0,2,False,False,False,True,False,False,False,False,False,True,False,False,False,True,False,True,False,False,False,False,True,False,True,True,False,False,False,True,False,False,True,False,0,0.00017426015,ChurnBinary,Contact customer proactively
0,71,76.9,5522.7,0,77.78450704225352,5459.900000000001,7,1,0,0,0,1,0,1,True,False,True,True,False,False,False,False,False,True,False,True,False,True,False,True,False,True,False,False,False,True,True,True,False,False,False,True,False,False,False,False,0,0.00015802041,ChurnBinary,Contact customer proactively
0,14,87.25,1258.6,1,89.89999999999999,1221.5,5,3,0,1,0,0,0,4,False,True,True,True,False,True,True,False,False,False,False,False,False,True,False,False,False,False,False,True,False,False,True,False,True,False,False,False,False,False,False,False,1,0.9994382,ChurnBinary,Contact customer proactively
0,41,19.5,798.2,0,19.46829268292683,799.5,1,2,0,0,0,1,0,2,True,True,True,True,False,False,False,True,True,False,True,False,True,False,True,False,True,False,True,False,True,False,False,False,False,False,True,False,False,True,False,False,0,0.0001721428,ChurnBinary,Contact customer proactively
0,3,74.4,215.8,1,71.93333333333334,223.2,3,3,1,0,1,0,0,5,False,False,False,True,False,True,True,False,False,False,False,False,False,False,False,False,False,False,False,False,False,False,False,False,False,False,False,False,True,False,False,False,1,0.9994241,ChurnBinary,Contact customer proactively
0,58,20.5,1191.4,0,20.54137931034483,1189.0,1,1,0,0,0,1,0,1,False,True,True,True,False,False,False,True,True,False,True,False,True,False,True,False,True,False,True,False,False,True,False,True,False,False,False,True,False,True,False,False,0,0.00015802041,ChurnBinary,Contact customer proactively
0,72,65.7,4575.35,0,63.54652777777778,4730.400000000001,7,1,0,0,0,1,0,1,False,True,True,False,True,False,False,False,False,True,False,True,False,True,False,True,False,True,False,True,False,True,False,False,False,False,False,True,False,False,True,False,0,0.00015802041,ChurnBinary,Contact customer proactively
0,13,89.4,1132.35,1,87.10384615384615,1162.2,6,3,0,1,0,0,0,4,False,False,False,True,False,True,True,False,False,False,False,True,False,True,False,True,False,False,False,False,False,False,False,False,True,False,False,False,False,False,False,False,1,0.9993368,ChurnBinary,Contact customer proactively
0,43,79.15,3566.6,0,82.94418604651163,3403.4500000000003,7,1,0,0,0,1,0,1,True,True,True,True,False,False,False,False,False,True,False,False,False,True,False,True,False,True,False,True,False,True,True,True,False,False,True,False,False,False,False,False,0,0.00015802041,ChurnBinary,Contact customer proactively
0,41,51.35,2075.1,0,50.61219512195122,2105.35,4,2,0,1,0,1,0,3,True,False,False,False,True,False,False,False,False,False,False,False,False,True,False,False,False,True,False,True,True,False,True,False,True,False,True,False,False,False,True,False,0,0.0002598815,ChurnBinary,Contact customer proactively
0,2,70.0,153.05,1,76.525,140.0,2,3,0,0,1,0,0,4,False,False,False,True,False,False,True,False,False,False,False,False,False,False,False,False,False,False,False,False,False,False,False,False,False,False,False,False,True,False,True,False,1,0.999371,ChurnBinary,Contact customer proactively
0,1,20.3,20.3,0,20.3,20.3,1,3,0,0,1,0,0,4,False,False,False,True,False,False,False,True,True,False,True,False,True,False,True,False,True,False,True,False,False,False,False,True,False,False,False,False,True,True,False,False,0,0.000425583,ChurnBinary,Contact customer proactively
0,4,79.9,324.3,1,81.075,319.6,3,3,1,1,1,0,0,6,True,False,False,True,False,False,True,False,False,False,False,False,False,False,False,False,False,False,False,True,False,False,True,False,True,False,False,False,True,False,False,False,1,0.9994789,ChurnBinary,Contact customer proactively
0,1,19.9,19.9,0,19.9,19.9,1,3,0,0,1,0,0,4,True,False,False,True,False,False,False,True,True,False,True,False,True,False,True,False,True,False,True,False,False,False,True,False,False,True,False,False,True,True,False,False,0,0.00045738937,ChurnBinary,Contact customer proactively
0,72,114.1,8086.4,0,112.3111111111111,8215.199999999999,9,1,0,0,0,1,1,1,True,True,False,True,False,True,True,False,False,True,False,True,False,True,False,True,False,True,False,True,False,True,True,True,False,False,False,True,False,False,False,True,0,0.00021432113,ChurnBinary,Contact customer proactively
0,69,64.15,4254.1,0,61.6536231884058,4426.35,6,1,0,0,0,1,0,1,False,True,True,True,False,True,False,False,False,True,False,False,False,True,False,True,False,False,False,False,False,True,True,True,False,False,False,True,False,False,True,False,0,0.00015802041,ChurnBinary,Contact customer proactively
0,27,45.85,1246.4,0,46.162962962962965,1237.95,4,2,0,0,0,0,0,2,True,True,True,False,True,False,False,False,False,False,False,True,False,True,False,False,False,False,False,True,True,False,True,True,False,False,True,False,False,False,True,False,0,0.00022364035,ChurnBinary,Contact customer proactively
0,14,59.8,824.85,0,58.91785714285714,837.1999999999999,4,3,0,0,0,0,0,3,False,False,True,True,False,False,False,False,False,False,False,False,False,True,False,False,False,True,False,False,False,False,True,True,False,False,False,False,False,False,True,False,0,0.00029402555,ChurnBinary,Contact customer proactively
0,19,45.0,865.85,0,45.57105263157895,855.0,2,3,0,0,0,0,0,3,True,False,False,True,False,False,False,False,False,False,False,False,False,False,False,False,False,False,False,False,False,False,True,False,False,False,False,False,False,False,True,False,0,0.00027579136,ChurnBinary,Contact customer proactively
0,18,95.95,1745.5,0,96.97222222222224,1727.1,5,3,0,0,0,0,1,3,False,True,False,True,False,False,True,False,False,False,False,False,False,True,False,False,False,True,False,True,False,False,True,True,False,False,False,False,False,False,False,True,0,0.000465465,ChurnBinary,Contact customer proactively
0,5,90.35,434.5,0,86.9,451.75,5,3,1,0,1,0,1,5,True,True,True,True,False,False,True,False,False,True,False,False,False,True,False,False,False,False,False,True,False,False,True,False,False,True,False,False,True,False,False,True,0,0.0006493655,ChurnBinary,Contact customer proactively
0,28,100.35,2799.0,0,99.96428571428572,2809.8,6,2,0,0,0,0,1,2,True,True,True,True,False,False,True,False,False,False,False,True,False,True,False,False,False,True,False,True,True,False,False,False,False,False,True,False,False,False,False,True,0,0.00026040085,ChurnBinary,Contact customer proactively
0,30,74.65,2308.6,0,76.95333333333333,2239.5,7,2,0,0,0,0,0,2,False,False,False,True,False,False,False,False,False,True,False,True,False,True,False,True,False,True,False,False,True,False,False,True,False,False,True,False,False,False,False,False,0,0.00018323357,ChurnBinary,Contact customer proactively
1,71,104.05,7413.55,0,104.4161971830986,7387.55,6,1,0,0,0,1,1,1,False,False,False,True,False,True,True,False,False,False,False,False,False,True,False,False,False,True,False,True,False,True,False,False,False,False,False,True,False,False,False,True,0,0.00022109089,ChurnBinary,Contact customer proactively
0,1,53.95,53.95,1,53.95,53.95,4,3,0,1,1,0,0,5,True,False,False,True,False,False,False,False,False,True,False,False,False,False,False,True,False,False,False,False,False,False,True,False,True,False,False,False,True,False,True,False,1,0.99928975,ChurnBinary,Contact customer proactively
0,71,97.2,6910.3,0,97.32816901408452,6901.2,6,1,0,1,0,1,1,2,True,True,True,True,False,True,True,False,False,True,False,False,False,False,False,False,False,True,False,True,False,True,True,False,True,False,False,True,False,False,False,True,0,0.00020668244,ChurnBinary,Contact customer proactively
0,32,62.45,2045.55,0,63.9234375,1998.4,5,3,0,0,0,0,0,3,False,True,True,True,False,True,False,False,False,False,False,True,False,True,False,False,False,False,False,False,False,False,False,False,False,False,True,False,False,False,True,False,0,0.00025726092,ChurnBinary,Contact customer proactively
1,70,75.5,5212.65,0,74.46642857142857,5285.0,7,1,0,0,0,1,0,1,False,False,False,True,False,True,False,False,False,False,False,True,False,True,False,True,False,True,False,False,False,True,True,False,False,False,False,True,False,False,False,False,0,0.00015802041,ChurnBinary,Contact customer proactively
0,1,55.25,55.25,0,55.25,55.25,3,3,0,1,1,0,0,5,True,False,False,True,False,False,False,False,False,False,False,False,False,False,False,False,False,False,False,True,False,False,True,False,True,False,False,False,True,False,True,False,0,0.00057157985,ChurnBinary,Contact customer proactively
0,1,71.0,71.0,1,71.0,71.0,2,3,1,1,1,0,0,6,True,True,True,True,False,False,True,False,False,False,False,False,False,False,False,False,False,False,False,False,False,False,True,False,True,False,False,False,True,False,False,False,1,0.999516,ChurnBinary,Contact customer proactively
1,4,48.75,179.85,0,44.9625,195.0,3,3,0,0,1,0,0,4,False,False,False,True,False,True,False,False,False,False,False,False,False,False,False,False,False,False,False,False,False,False,False,False,False,True,False,False,True,False,True,False,0,0.00046552296,ChurnBinary,Contact customer proactively
1,43,94.3,3953.15,0,91.93372093023255,4054.9,6,3,0,1,0,1,1,4,True,True,False,True,False,True,True,False,False,False,False,True,False,False,False,True,False,True,False,False,False,False,True,False,True,False,True,False,False,False,False,True,0,0.00049159344,ChurnBinary,Contact customer proactively
0,72,92.3,6719.9,0,93.33194444444445,6645.599999999999,9,1,0,0,0,1,1,1,True,True,False,True,False,True,False,False,False,True,False,True,False,True,False,True,False,True,False,True,False,True,False,True,False,False,False,True,False,False,False,True,0,0.00015802041,ChurnBinary,Contact customer proactively
1,72,114.95,8196.4,0,113.83888888888887,8276.4,9,1,0,0,0,1,1,1,True,True,True,True,False,True,True,False,False,True,False,True,False,True,False,True,False,True,False,True,False,True,True,False,False,False,False,True,False,False,False,True,0,0.00021432113,ChurnBinary,Contact customer proactively
1,4,74.4,306.6,1,76.65,297.6,3,3,1,0,1,0,0,5,True,True,False,True,False,True,True,False,False,False,False,False,False,False,False,False,False,False,False,False,False,False,True,False,False,True,False,False,True,False,False,False,1,0.9994789,ChurnBinary,Contact customer proactively
0,24,24.6,605.25,0,25.21875,590.4000000000001,2,2,0,0,0,0,0,2,False,False,False,True,False,True,False,True,True,False,True,False,True,False,True,False,True,False,True,False,True,False,False,False,False,False,False,False,False,True,False,False,0,0.0001721428,ChurnBinary,Contact customer proactively
1,1,95.1,95.1,1,95.1,95.1,5,3,1,1,1,0,1,6,True,True,False,True,False,True,True,False,False,False,False,False,False,False,False,False,False,True,False,True,False,False,True,False,True,False,False,False,True,False,False,True,1,0.999516,ChurnBinary,Contact customer proactively
0,1,18.85,18.85,0,18.85,18.85,1,3,0,1,1,0,0,5,False,False,False,True,False,False,False,True,True,False,True,False,True,False,True,False,True,False,True,False,False,False,False,False,True,False,False,False,True,True,False,False,0,0.00041627814,ChurnBinary,Contact customer proactively
1,14,95.6,1273.3,0,90.95,1338.4,5,3,0,1,0,0,1,4,True,False,False,True,False,True,True,False,False,False,False,False,False,False,False,False,False,True,False,True,False,False,True,False,True,False,False,False,False,False,False,True,0,0.0006735643,ChurnBinary,Contact customer proactively
1,36,84.1,3021.6,1,83.93333333333334,3027.6,4,3,0,1,0,0,0,4,True,True,False,True,False,True,True,False,False,False,False,False,False,False,False,False,False,False,False,True,False,False,True,False,True,False,True,False,False,False,False,False,1,0.9993167,ChurnBinary,Contact customer proactively
0,40,81.2,3292.3,0,82.3075,3248.0,4,3,0,1,0,1,0,4,True,True,True,True,False,True,True,False,False,False,False,False,False,True,False,False,False,False,False,False,False,False,True,False,True,False,True,False,False,False,False,False,0,0.00050697505,ChurnBinary,Contact customer proactively
1,67,105.05,7171.7,0,107.04029850746268,7038.349999999999,7,1,0,1,0,1,1,2,True,False,False,True,False,False,True,False,False,True,False,True,False,False,False,True,False,True,False,True,False,True,True,False,True,False,False,True,False,False,False,True,0,0.00025637966,ChurnBinary,Contact customer proactively
0,69,92.15,6480.9,0,93.92608695652171,6358.35,5,1,0,0,0,1,1,1,True,True,True,True,False,False,True,False,False,False,False,True,False,False,False,True,False,True,False,False,False,True,True,False,False,True,False,True,False,False,False,True,0,0.00016103535,ChurnBinary,Contact customer proactively
0,1,20.6,20.6,0,20.6,20.6,1,3,0,0,1,0,0,4,True,False,False,True,False,False,False,True,True,False,True,False,True,False,True,False,True,False,True,False,False,False,False,False,False,True,False,False,True,True,False,False,0,0.00043643924,ChurnBinary,Contact customer proactively
0,10,40.25,411.45,0,41.145,402.5,4,2,0,0,0,0,0,2,False,False,True,False,True,False,False,False,False,True,False,True,False,False,False,True,False,False,False,False,True,False,False,False,False,True,False,False,True,False,True,False,0,0.00017876015,ChurnBinary,Contact customer proactively
0,55,57.55,3046.4,1,55.38909090909091,3165.25,5,1,0,0,0,1,0,1,True,True,True,True,False,False,False,False,False,True,False,True,False,False,False,True,False,False,False,False,False,True,False,False,False,False,False,True,False,False,True,False,1,0.99760854,ChurnBinary,Contact customer proactively
0,68,113.15,7856.0,1,115.52941176470588,7694.200000000001,9,1,0,1,0,1,1,2,True,True,True,True,False,True,True,False,False,True,False,True,False,True,False,True,False,True,False,True,False,True,True,False,True,False,False,True,False,False,False,True,1,0.9984225,ChurnBinary,Contact customer proactively
1,66,99.5,6822.15,1,103.36590909090908,6567.0,6,3,0,0,0,1,1,3,True,True,True,True,False,True,True,False,False,False,False,False,False,True,False,False,False,True,False,True,False,False,True,True,False,False,False,True,False,False,False,True,1,0.99904746,ChurnBinary,Contact customer proactively
0,7,69.9,497.3,0,71.04285714285714,489.30000000000007,2,3,0,0,0,0,0,3,False,False,False,True,False,False,True,False,False,False,False,False,False,False,False,False,False,False,False,False,False,False,True,False,False,True,False,False,True,False,True,False,0,0.00047325826,ChurnBinary,Contact customer proactively
0,10,20.15,220.8,0,22.08,201.5,1,1,0,0,0,0,0,1,False,True,True,True,False,False,False,True,True,False,True,False,True,False,True,False,True,False,True,False,False,True,False,False,False,True,False,False,True,True,False,False,0,0.00015950973,ChurnBinary,Contact customer proactively
0,1,29.15,29.15,0,29.15,29.15,2,3,0,0,1,0,0,4,True,False,False,False,True,False,False,False,False,False,False,False,False,False,False,True,False,False,False,False,False,False,False,False,False,True,False,False,True,True,False,False,0,0.0004905482,ChurnBinary,Contact customer proactively
0,55,19.35,1153.25,0,20.96818181818182,1064.25,1,1,0,0,0,1,0,1,True,True,True,True,False,False,False,True,True,False,True,False,True,False,True,False,True,False,True,False,False,True,False,False,False,False,False,True,False,True,False,False,0,0.00015802041,ChurnBinary,Contact customer proactively
0,45,107.75,4882.8,0,108.50666666666667,4848.75,7,3,0,0,0,1,1,3,True,True,False,True,False,True,True,False,False,False,False,True,False,True,False,False,False,True,False,True,False,False,True,False,False,False,True,False,False,False,False,True,0,0.0004217984,ChurnBinary,Contact customer proactively
0,10,67.8,653.15,0,65.315,678.0,5,3,0,0,0,0,0,3,False,True,False,True,False,False,False,False,False,False,False,False,False,True,False,False,False,True,False,True,False,False,True,True,False,False,False,False,True,False,True,False,0,0.0002962914,ChurnBinary,Contact customer proactively
0,69,116.0,8182.85,0,118.59202898550726,8004.0,9,1,0,1,0,1,1,2,False,True,False,True,False,True,True,False,False,True,False,True,False,True,False,True,False,True,False,True,False,True,True,False,True,False,False,True,False,False,False,True,0,0.00023218665,ChurnBinary,Contact customer proactively
1,1,85.05,85.05,1,85.05,85.05,4,3,1,1,1,0,0,6,False,False,False,True,False,True,True,False,False,False,False,False,False,False,False,False,False,False,False,True,False,False,True,False,True,False,False,False,True,False,False,False,1,0.999516,ChurnBinary,Contact customer proactively
0,33,25.7,826.1,0,25.03333333333333,848.1,2,1,0,0,0,0,0,1,False,False,False,True,False,True,False,True,True,False,True,False,True,False,True,False,True,False,True,False,False,True,False,True,False,False,True,False,False,True,False,False,0,0.00015802041,ChurnBinary,Contact customer proactively
0,45,81.65,3618.7,0,80.41555555555556,3674.250000000001,7,1,0,0,0,1,0,1,False,False,False,True,False,False,False,False,False,True,False,False,False,True,False,True,False,True,False,True,False,True,False,False,False,False,True,False,False,False,False,False,0,0.00015802041,ChurnBinary,Contact customer proactively
0,1,44.75,44.75,0,44.75,44.75,2,3,0,0,1,0,0,4,False,False,False,True,False,False,False,False,False,False,False,False,False,False,False,False,False,False,False,False,False,False,False,False,False,True,False,False,True,False,True,False,0,0.0005047113,ChurnBinary,Contact customer proactively
0,31,71.05,2168.15,0,69.94032258064516,2202.55,6,3,0,1,0,0,0,4,True,False,False,True,False,True,False,False,False,False,False,True,False,False,False,True,False,True,False,False,False,False,True,False,True,False,True,False,False,False,False,False,0,0.0003805896,ChurnBinary,Contact customer proactively
0,50,20.35,938.95,0,18.779,1017.5,1,2,0,0,0,1,0,2,True,True,True,True,False,False,False,True,True,False,True,False,True,False,True,False,True,False,True,False,True,False,True,False,False,True,False,True,False,True,False,False,0,0.0001721428,ChurnBinary,Contact customer proactively
0,57,87.55,4884.85,0,85.69912280701755,4990.349999999999,6,3,0,0,0,1,0,3,False,False,False,True,False,True,True,False,False,True,False,True,False,False,False,True,False,False,False,False,False,False,True,False,False,False,False,True,False,False,False,False,0,0.00031971437,ChurnBinary,Contact customer proactively
0,1,74.25,74.25,1,74.25,74.25,3,3,1,0,1,0,0,5,True,False,False,True,False,True,True,False,False,False,False,False,False,False,False,False,False,False,False,False,False,False,True,False,False,True,False,False,True,False,False,False,1,0.999516,ChurnBinary,Contact customer proactively
0,2,75.8,160.75,1,80.375,151.6,3,3,1,1,1,0,0,6,False,False,False,True,False,False,True,False,False,False,False,False,False,True,False,False,False,False,False,False,False,False,True,False,True,False,False,False,True,False,False,False,1,0.9994789,ChurnBinary,Contact customer proactively
0,3,105.35,323.25,1,107.75,316.04999999999995,7,3,1,0,1,0,1,5,True,False,False,True,False,True,True,False,False,False,False,True,False,True,False,False,False,True,False,True,False,False,True,False,False,False,False,False,True,False,False,True,1,0.99949694,ChurnBinary,Contact customer proactively
1,67,94.65,6079.0,0,90.73134328358208,6341.55,5,3,0,0,0,1,1,3,True,True,False,True,False,True,True,False,False,False,False,False,False,False,False,False,False,True,False,True,False,False,True,True,False,False,False,True,False,False,False,True,0,0.0003498391,ChurnBinary,Contact customer proactively
1,42,104.75,4323.45,1,102.93928571428572,4399.5,7,3,0,0,0,1,1,3,False,False,False,True,False,True,True,False,False,False,False,True,False,True,False,False,False,True,False,True,False,False,True,False,False,False,True,False,False,False,False,True,1,0.99916995,ChurnBinary,Contact customer proactively
0,70,26.0,2006.95,0,28.670714285714286,1820.0,2,1,0,0,0,1,0,1,False,True,False,True,False,True,False,True,True,False,True,False,True,False,True,False,True,False,True,False,False,True,True,False,False,False,False,True,False,True,False,False,0,0.00015802041,ChurnBinary,Contact customer proactively
0,71,20.85,1539.75,0,21.68661971830986,1480.35,1,2,0,1,0,1,0,3,True,True,False,True,False,False,False,True,True,False,True,False,True,False,True,False,True,False,True,False,True,False,False,False,True,False,False,True,False,True,False,False,0,0.00022259096,ChurnBinary,Contact customer proactively
0,9,75.85,724.65,0,80.51666666666667,682.65,3,3,1,1,0,0,0,5,True,False,False,True,False,True,True,False,False,False,False,False,False,False,False,False,False,False,False,False,False,False,True,False,True,False,False,False,True,False,False,False,0,0.00072613836,ChurnBinary,Contact customer proactively
0,72,45.25,3139.8,0,43.60833333333333,3258.0,5,1,0,0,0,1,0,1,True,True,True,False,True,False,False,False,False,True,False,True,False,True,False,True,False,False,False,False,False,True,False,True,False,False,False,True,False,False,True,False,0,0.00015802041,ChurnBinary,Contact customer proactively
0,53,105.25,5576.3,0,105.21320754716982,5578.25,7,2,0,1,0,1,1,3,True,True,True,True,False,True,True,False,False,False,False,True,False,True,False,False,False,True,False,True,True,False,True,False,True,False,False,True,False,False,False,True,0,0.00035117735,ChurnBinary,Contact customer proactively
1,19,105.0,2007.25,0,105.64473684210526,1995.0,7,3,0,0,0,0,1,3,False,False,False,True,False,False,True,False,False,True,False,True,False,False,False,True,False,True,False,True,False,False,True,False,False,True,False,False,False,False,False,True,0,0.0004557586,ChurnBinary,Contact customer proactively
0,9,94.4,857.25,1,95.25,849.6,5,3,1,1,0,0,1,5,False,False,False,True,False,True,True,False,False,False,False,False,False,False,False,False,False,True,False,True,False,False,False,False,True,False,False,False,True,False,False,True,1,0.99943644,ChurnBinary,Contact customer proactively
0,72,105.5,7611.55,0,105.71597222222222,7596.0,7,1,0,0,0,1,1,1,True,True,True,True,False,False,True,False,False,True,False,True,False,False,False,True,False,True,False,True,False,True,False,False,False,False,False,True,False,False,False,True,0,0.00022024193,ChurnBinary,Contact customer proactively
0,20,39.4,825.4,0,41.27,788.0,4,1,0,0,0,0,0,1,True,True,True,False,True,False,False,False,False,True,False,False,False,True,False,True,False,False,False,False,False,True,True,True,False,False,False,False,False,False,True,False,0,0.00015950973,ChurnBinary,Contact customer proactively
0,43,20.0,817.95,0,19.022093023255817,860.0,1,2,0,0,0,1,0,2,False,True,True,True,False,False,False,True,True,False,True,False,True,False,True,False,True,False,True,False,True,False,False,False,False,True,True,False,False,True,False,False,0,0.0001721428,ChurnBinary,Contact customer proactively
0,50,79.6,4024.2,0,80.484,3980.0,7,1,0,0,0,1,0,1,False,False,False,True,False,True,False,False,False,False,False,True,False,False,False,True,False,True,False,True,False,True,True,False,False,True,False,True,False,False,False,False,0,0.00015802041,ChurnBinary,Contact customer proactively
0,55,89.8,4959.6,0,90.17454545454548,4939.0,5,3,0,0,0,1,0,3,False,True,False,True,False,True,True,False,False,True,False,False,False,False,False,False,False,True,False,False,False,False,True,False,False,False,False,True,False,False,False,False,0,0.00032616733,ChurnBinary,Contact customer proactively
0,2,94.2,167.5,1,83.75,188.4,5,3,1,1,1,0,1,6,True,True,False,True,False,False,True,False,False,False,False,False,False,False,False,True,False,True,False,True,False,False,True,False,True,False,False,False,True,False,False,True,1,0.9994616,ChurnBinary,Contact customer proactively
0,9,20.35,191.1,0,21.23333333333333,183.15,1,1,0,0,0,0,0,1,False,True,True,True,False,False,False,True,True,False,True,False,True,False,True,False,True,False,True,False,False,True,False,False,False,True,False,False,True,True,False,False,0,0.00015950973,ChurnBinary,Contact customer proactively
0,10,33.9,298.45,1,29.845,339.0,2,3,0,0,0,0,0,3,True,False,False,False,True,False,False,False,False,False,False,False,False,False,False,False,False,False,False,True,False,False,True,False,False,True,False,False,True,True,False,False,1,0.99871516,ChurnBinary,Contact customer proactively
0,71,77.35,5550.1,0,78.17042253521127,5491.849999999999,7,1,0,0,0,1,0,1,False,False,False,True,False,False,False,False,False,True,False,True,False,True,False,True,False,True,False,False,False,True,False,True,False,False,False,True,False,False,False,False,0,0.00015802041,ChurnBinary,Contact customer proactively
0,32,84.15,2585.95,1,80.8109375,2692.8,4,3,0,0,0,0,0,3,False,True,False,True,False,False,True,False,False,False,False,True,False,False,False,False,False,False,False,True,False,False,False,False,False,False,True,False,False,False,False,False,1,0.9990081,ChurnBinary,Contact customer proactively
1,3,105.9,334.65,1,111.55,317.70000000000005,7,3,1,1,1,0,1,6,True,True,False,True,False,True,True,False,False,False,False,True,False,True,False,False,False,True,False,True,False,False,True,False,True,False,False,False,True,False,False,True,1,0.99949694,ChurnBinary,Contact customer proactively
1,16,74.3,1178.25,1,73.640625,1188.8,3,3,0,0,0,0,0,3,True,True,False,True,False,False,True,False,False,False,False,True,False,False,False,False,False,False,False,False,False,False,True,True,False,False,False,False,False,False,False,False,1,0.9991373,ChurnBinary,Contact customer proactively
0,25,69.75,1729.35,0,69.17399999999999,1743.75,2,3,0,1,0,0,0,4,True,False,False,True,False,False,True,False,False,False,False,False,False,False,False,False,False,False,False,False,False,False,False,False,True,False,True,False,False,False,True,False,0,0.00051537843,ChurnBinary,Contact customer proactively
0,38,70.45,2597.6,1,68.3578947368421,2677.1,2,2,0,0,0,1,0,2,True,False,False,True,False,False,True,False,False,False,False,False,False,False,False,False,False,False,False,False,True,False,True,False,False,False,True,False,False,False,False,False,1,0.9978714,ChurnBinary,Contact customer proactively
0,40,20.15,804.85,0,20.12125,806.0,1,1,0,0,0,1,0,1,False,False,False,True,False,False,False,True,True,False,True,False,True,False,True,False,True,False,True,False,False,True,False,False,False,True,True,False,False,True,False,False,0,0.00015802041,ChurnBinary,Contact customer proactively
0,61,24.2,1445.2,0,23.691803278688525,1476.2,2,1,0,0,0,1,0,1,False,True,True,True,False,True,False,True,True,False,True,False,True,False,True,False,True,False,True,False,False,True,True,False,False,True,False,True,False,True,False,False,0,0.00015802041,ChurnBinary,Contact customer proactively
0,25,20.05,520.1,0,20.804,501.25,1,2,0,0,0,0,0,2,False,True,True,True,False,False,False,True,True,False,True,False,True,False,True,False,True,False,True,False,True,False,False,False,False,True,True,False,False,True,False,False,0,0.0001721428,ChurnBinary,Contact customer proactively
0,48,95.5,4627.85,1,96.41354166666667,4584.0,6,1,0,0,0,1,1,1,False,False,True,True,False,False,True,False,False,False,False,True,False,True,False,True,False,True,False,False,False,True,True,False,False,True,True,False,False,False,False,True,1,0.9981635,ChurnBinary,Contact customer proactively
0,3,69.55,222.3,1,74.10000000000001,208.65,2,3,0,0,1,0,0,4,False,False,False,True,False,False,True,False,False,False,False,False,False,False,False,False,False,False,False,False,False,False,True,False,False,False,False,False,True,False,True,False,1,0.9994449,ChurnBinary,Contact customer proactively
0,63,108.25,6780.1,0,107.62063492063491,6819.75,8,3,0,0,0,1,1,3,False,False,False,True,False,True,True,False,False,True,False,True,False,True,False,False,False,True,False,True,False,False,False,True,False,False,False,True,False,False,False,True,0,0.0003815237,ChurnBinary,Contact customer proactively
1,37,76.25,2841.55,1,76.79864864864865,2821.25,3,3,0,1,0,1,0,4,False,False,False,True,False,True,True,False,False,False,False,False,False,False,False,False,False,False,False,False,False,False,True,False,True,False,True,False,False,False,False,False,1,0.99932575,ChurnBinary,Contact customer proactively
0,1,49.8,49.8,0,49.8,49.8,3,3,0,0,1,0,0,4,True,False,False,True,False,False,False,False,False,True,False,False,False,False,False,False,False,False,False,False,False,False,True,True,False,False,False,False,True,False,True,False,0,0.00052507885,ChurnBinary,Contact customer proactively
0,17,80.85,1400.85,1,82.40294117647058,1374.4499999999998,3,3,0,1,0,0,0,4,True,True,True,True,False,False,True,False,False,False,False,False,False,False,False,False,False,True,False,False,False,False,False,False,True,False,False,False,False,False,False,False,1,0.9992982,ChurnBinary,Contact customer proactively
0,3,69.35,191.35,1,63.78333333333333,208.05,5,3,0,1,1,0,0,5,True,False,False,True,False,False,False,False,False,False,False,False,False,False,False,True,False,True,False,True,False,False,True,False,True,False,False,False,True,False,True,False,1,0.9992229,ChurnBinary,Contact customer proactively
0,21,86.05,1818.9,0,86.61428571428571,1807.05,4,3,0,1,0,0,0,4,False,True,False,True,False,False,True,False,False,False,False,False,False,False,False,True,False,True,False,False,False,False,True,False,True,False,False,False,False,False,False,False,0,0.00058539404,ChurnBinary,Contact customer proactively
0,67,36.15,2434.45,0,36.33507462686567,2422.05,3,1,0,0,0,1,0,1,False,True,True,False,True,False,False,False,False,True,False,True,False,False,False,False,False,False,False,False,False,True,False,False,False,False,False,True,False,False,True,False,0,0.00015802041,ChurnBinary,Contact customer proactively
0,34,20.1,682.1,0,20.061764705882357,683.4000000000001,1,2,0,0,0,0,0,2,False,True,True,True,False,False,False,True,True,False,True,False,True,False,True,False,True,False,True,False,True,False,True,False,False,False,True,False,False,True,False,False,0,0.0001721428,ChurnBinary,Contact customer proactively
0,18,90.7,1597.25,1,88.73611111111111,1632.6,5,3,0,0,0,0,1,3,True,False,False,True,False,True,True,False,False,False,False,False,False,True,False,False,False,False,False,True,False,False,True,True,False,False,False,False,False,False,False,True,1,0.9992052,ChurnBinary,Contact customer proactively
0,72,88.7,6501.35,0,90.29652777777778,6386.400000000001,9,1,0,0,0,1,0,1,True,True,True,True,False,True,False,False,False,True,False,True,False,True,False,True,False,True,False,True,False,True,False,True,False,False,False,True,False,False,False,False,0,0.00015802041,ChurnBinary,Contact customer proactively
0,18,95.15,1779.95,1,98.88611111111112,1712.7,5,3,0,0,0,0,1,3,True,True,True,True,False,False,True,False,False,False,False,False,False,True,False,False,False,True,False,True,False,False,False,False,False,True,False,False,False,False,False,True,1,0.99905735,ChurnBinary,Contact customer proactively
0,3,75.0,209.1,1,69.7,225.0,3,3,1,0,1,0,0,5,True,False,False,True,False,True,True,False,False,False,False,False,False,False,False,False,False,False,False,False,False,False,False,False,False,True,False,False,True,False,False,False,1,0.9994241,ChurnBinary,Contact customer proactively
0,1,49.95,49.95,1,49.95,49.95,3,3,0,0,1,0,0,4,False,False,False,True,False,True,False,False,False,False,False,False,False,False,False,False,False,False,False,False,False,False,True,False,False,False,False,False,True,False,True,False,1,0.99929976,ChurnBinary,Contact customer proactively
0,10,72.15,794.25,1,79.425,721.5,5,3,1,0,0,0,0,4,True,False,False,True,False,True,False,False,False,False,False,False,False,False,False,False,False,True,False,True,False,False,True,True,False,False,False,False,True,False,False,False,1,0.9991009,ChurnBinary,Contact customer proactively
0,10,20.9,247.0,0,24.7,209.0,1,3,0,0,0,0,0,3,False,False,False,True,False,False,False,True,True,False,True,False,True,False,True,False,True,False,True,False,False,False,True,False,False,True,False,False,True,True,False,False,0,0.00025833896,ChurnBinary,Contact customer proactively
0,29,20.0,540.05,0,18.622413793103448,580.0,1,2,0,1,0,0,0,3,False,True,True,True,False,False,False,True,True,False,True,False,True,False,True,False,True,False,True,False,True,False,False,False,True,False,True,False,False,True,False,False,0,0.00020870232,ChurnBinary,Contact customer proactively
1,34,94.25,3217.55,1,94.63382352941176,3204.5,6,3,0,1,0,0,1,4,False,True,False,True,False,True,True,False,False,False,False,True,False,True,False,False,False,False,False,True,False,False,True,False,True,False,True,False,False,False,False,True,1,0.9992398,ChurnBinary,Contact customer proactively
1,7,101.95,700.85,1,100.12142857142858,713.65,6,3,1,1,0,0,1,5,True,True,False,True,False,True,True,False,False,False,False,False,False,True,False,False,False,True,False,True,False,False,True,False,True,False,False,False,True,False,False,True,1,0.99949694,ChurnBinary,Contact customer proactively
0,69,86.9,6194.1,0,89.7695652173913,5996.1,8,1,0,0,0,1,0,1,True,True,True,True,False,True,False,False,False,True,False,False,False,True,False,True,False,True,False,True,False,True,False,False,False,False,False,True,False,False,False,False,0,0.00015802041,ChurnBinary,Contact customer proactively
0,36,54.45,1893.5,0,52.59722222222222,1960.2,4,2,0,0,0,0,0,2,False,False,False,True,False,True,False,False,False,True,False,False,False,False,False,False,False,False,False,False,True,False,False,False,False,True,True,False,False,False,True,False,0,0.00017426015,ChurnBinary,Contact customer proactively
0,72,85.95,6151.9,0,85.44305555555555,6188.400000000001,8,1,0,0,0,1,0,1,True,True,False,True,False,True,False,False,False,False,False,True,False,True,False,True,False,True,False,True,False,True,False,False,False,False,False,True,False,False,False,False,0,0.00015802041,ChurnBinary,Contact customer proactively
0,42,20.65,958.1,0,22.811904761904763,867.3,1,2,0,0,0,1,0,2,False,False,False,True,False,False,False,True,True,False,True,False,True,False,True,False,True,False,True,False,True,False,True,False,False,True,True,False,False,True,False,False,0,0.0001721428,ChurnBinary,Contact customer proactively
0,42,99.0,4298.45,0,102.3440476190476,4158.0,7,2,0,1,0,1,1,3,True,False,False,True,False,True,True,False,False,True,False,True,False,True,False,False,False,False,False,True,True,False,True,False,True,False,True,False,False,False,False,True,0,0.00034277528,ChurnBinary,Contact customer proactively
0,67,43.9,3097.2,0,46.22686567164179,2941.3,4,1,0,1,0,1,0,2,True,False,False,False,True,False,False,False,False,True,False,False,False,False,False,True,False,True,False,False,False,True,False,False,True,False,False,True,False,False,True,False,0,0.00016724608,ChurnBinary,Contact customer proactively
1,21,95.4,2025.1,0,96.43333333333332,2003.4,5,3,0,0,0,0,1,3,False,False,False,True,False,True,True,False,False,False,False,False,False,False,False,False,False,True,False,True,False,False,True,False,False,False,False,False,False,False,False,True,0,0.00047888665,ChurnBinary,Contact customer proactively
0,23,93.5,2341.55,0,101.80652173913045,2150.5,5,3,0,1,0,0,1,4,False,False,False,True,False,True,True,False,False,False,False,False,False,False,False,False,False,True,False,True,False,False,True,False,True,False,False,False,False,False,False,True,0,0.0006258553,ChurnBinary,Contact customer proactively
0,15,86.2,1270.2,1,84.68,1293.0,4,3,0,1,0,0,0,4,False,False,False,True,False,False,True,False,False,True,False,False,False,False,False,False,False,True,False,False,False,False,False,False,True,False,False,False,False,False,False,False,1,0.9992555,ChurnBinary,Contact customer proactively
1,34,64.2,2106.3,0,61.95,2182.8,5,2,0,0,0,0,0,2,False,True,False,True,False,False,False,False,False,False,False,False,False,True,False,True,False,True,False,False,True,False,False,False,False,False,True,False,False,False,True,False,0,0.00017426015,ChurnBinary,Contact customer proactively
1,7,99.25,665.45,1,95.06428571428572,694.75,6,3,1,1,0,0,1,5,True,True,False,True,False,True,True,False,False,False,False,False,False,True,False,False,False,True,False,True,False,False,True,False,True,False,False,False,True,False,False,True,1,0.99949694,ChurnBinary,Contact customer proactively
0,9,20.4,184.1,0,20.45555555555556,183.6,1,3,0,0,0,0,0,3,True,False,True,True,False,False,False,True,True,False,True,False,True,False,True,False,True,False,True,False,False,False,False,False,False,True,False,False,True,True,False,False,0,0.00025712946,ChurnBinary,Contact customer proactively
0,34,24.7,780.2,0,22.947058823529414,839.8,2,3,0,1,0,0,0,4,False,True,False,True,False,True,False,True,True,False,True,False,True,False,True,False,True,False,True,False,False,False,False,False,True,False,True,False,False,True,False,False,0,0.00030427516,ChurnBinary,Contact customer proactively
0,1,35.55,35.55,1,35.55,35.55,2,3,0,1,1,0,0,5,True,False,False,False,True,False,False,False,False,False,False,False,False,False,False,False,False,False,False,True,False,False,True,False,True,False,False,False,True,False,True,False,1,0.9993781,ChurnBinary,Contact customer proactively
0,25,108.9,2809.05,0,112.362,2722.5,8,1,0,1,0,0,1,2,False,False,False,True,False,True,True,False,False,False,False,True,False,True,False,True,False,True,False,True,False,True,False,False,True,False,True,False,False,False,False,True,0,0.00027986124,ChurnBinary,Contact customer proactively
0,72,115.5,8312.75,0,115.45486111111111,8316.0,9,1,0,0,0,1,1,1,False,True,False,True,False,True,True,False,False,True,False,True,False,True,False,True,False,True,False,True,False,True,True,False,False,False,False,True,False,False,False,True,0,0.0002075767,ChurnBinary,Contact customer proactively
0,1,20.55,20.55,1,20.55,20.55,1,3,0,1,1,0,0,5,True,False,False,True,False,False,False,True,True,False,True,False,True,False,True,False,True,False,True,False,False,False,False,False,True,False,False,False,True,True,False,False,1,0.9990614,ChurnBinary,Contact customer proactively
0,60,99.8,5985.75,0,99.7625,5988.0,6,3,0,1,0,1,1,4,False,True,False,True,False,True,True,False,False,False,False,True,False,False,False,False,False,True,False,True,False,False,True,False,True,False,False,True,False,False,False,True,0,0.000462245,ChurnBinary,Contact customer proactively
0,43,84.25,3539.25,0,82.30813953488372,3622.75,5,2,0,0,0,1,0,2,True,True,False,True,False,False,True,False,False,True,False,False,False,True,False,True,False,False,False,False,True,False,True,False,False,False,True,False,False,False,False,False,0,0.00017758504,ChurnBinary,Contact customer proactively
0,3,21.2,52.05,0,17.349999999999998,63.6,1,2,0,0,1,0,0,3,True,False,False,True,False,False,False,True,True,False,True,False,True,False,True,False,True,False,True,False,True,False,False,False,False,True,False,False,True,True,False,False,0,0.0002117654,ChurnBinary,Contact customer proactively
1,72,84.1,5981.65,0,83.07847222222222,6055.2,8,1,0,0,0,1,0,1,True,True,False,True,False,True,False,False,False,True,False,True,False,True,False,False,False,True,False,True,False,True,True,True,False,False,False,True,False,False,False,False,0,0.00015802041,ChurnBinary,Contact customer proactively
0,2,45.35,89.5,1,44.75,90.7,2,3,0,1,1,0,0,5,True,False,False,True,False,False,False,False,False,False,False,False,False,False,False,False,False,False,False,False,False,False,False,False,True,False,False,False,True,False,True,False,1,0.9993262,ChurnBinary,Contact customer proactively
0,10,98.9,1064.95,0,106.495,989.0,6,2,0,1,0,0,1,3,True,False,False,True,False,False,True,False,False,True,False,False,False,True,False,False,False,True,False,True,True,False,True,False,True,False,False,False,True,False,False,True,0,0.0003644844,ChurnBinary,Contact customer proactively
0,7,98.05,713.0,1,101.85714285714286,686.35,6,3,1,0,0,0,1,4,True,False,False,True,False,True,True,False,False,False,False,False,False,True,False,False,False,True,False,True,False,False,True,False,False,False,False,False,True,False,False,True,1,0.9994783,ChurnBinary,Contact customer proactively
0,33,51.45,1758.9,0,53.3,1697.85,3,2,0,0,0,0,0,2,False,True,False,True,False,False,False,False,False,False,False,False,False,False,False,True,False,False,False,False,True,False,True,False,False,True,True,False,False,False,True,False,0,0.00017426015,ChurnBinary,Contact customer proactively
0,31,81.15,2640.55,0,85.17903225806452,2515.65,4,3,0,1,0,0,0,4,True,False,False,True,False,True,True,False,False,False,False,True,False,False,False,False,False,False,False,False,False,False,True,False,True,False,True,False,False,False,False,False,0,0.00058214716,ChurnBinary,Contact customer proactively
1,38,94.75,3653.0,0,96.13157894736842,3600.5,5,3,0,1,0,1,1,4,True,False,False,True,False,True,True,False,False,False,False,False,False,False,False,False,False,True,False,True,False,False,False,False,True,False,True,False,False,False,False,True,0,0.0004686554,ChurnBinary,Contact customer proactively
0,24,84.35,1938.05,0,80.75208333333333,2024.4,5,3,0,1,0,0,0,4,False,False,False,True,False,True,True,False,False,True,False,False,False,False,False,True,False,False,False,False,False,False,True,False,True,False,False,False,False,False,False,False,0,0.00057630293,ChurnBinary,Contact customer proactively
0,28,59.55,1646.45,0,58.801785714285714,1667.4,4,3,0,0,0,0,0,3,False,False,False,True,False,False,False,False,False,False,False,False,False,True,False,False,False,True,False,False,False,False,True,False,False,False,True,False,False,False,True,False,0,0.00025726092,ChurnBinary,Contact customer proactively
0,72,38.5,2763.0,0,38.375,2772.0,4,1,0,0,0,1,0,1,True,True,True,False,True,False,False,False,False,True,False,True,False,True,False,False,False,False,False,False,False,True,False,True,False,False,False,True,False,False,True,False,0,0.00015802041,ChurnBinary,Contact customer proactively
0,20,19.25,375.25,0,18.7625,385.0,1,3,0,0,0,0,0,3,False,True,False,True,False,False,False,True,True,False,True,False,True,False,True,False,True,False,True,False,False,False,False,False,False,False,False,False,False,True,False,False,0,0.00024531427,ChurnBinary,Contact customer proactively
0,60,79.0,4801.1,0,80.01833333333335,4740.0,7,2,0,0,0,1,0,2,True,False,False,True,False,False,False,False,False,True,False,False,False,True,False,True,False,True,False,True,True,False,False,False,False,True,False,True,False,False,False,False,0,0.00021481623,ChurnBinary,Contact customer proactively
1,4,89.2,346.2,1,86.55,356.8,5,3,1,1,1,0,0,6,False,False,False,True,False,True,True,False,False,False,False,False,False,True,False,False,False,True,False,False,False,False,True,False,True,False,False,False,True,False,False,False,1,0.9994789,ChurnBinary,Contact customer proactively
0,46,55.0,2473.95,0,53.78152173913043,2530.0,4,3,0,0,0,1,0,3,False,True,False,True,False,True,False,False,False,True,False,False,False,False,False,False,False,False,False,False,False,False,False,False,False,False,True,False,False,False,True,False,0,0.00025726092,ChurnBinary,Contact customer proactively
0,72,82.3,5815.15,0,80.76597222222222,5925.599999999999,8,1,0,0,0,1,0,1,True,True,True,True,False,True,False,False,False,True,False,True,False,True,False,True,False,True,False,False,False,True,False,False,False,False,False,True,False,False,False,False,0,0.00015802041,ChurnBinary,Contact customer proactively
1,41,113.2,4689.5,1,114.3780487804878,4641.2,8,3,0,1,0,1,1,4,False,False,False,True,False,True,True,False,False,True,False,True,False,True,False,False,False,True,False,True,False,False,True,False,True,False,True,False,False,False,False,True,1,0.9991959,ChurnBinary,Contact customer proactively
1,65,100.75,6674.65,0,102.68692307692308,6548.75,6,2,0,1,0,1,1,3,True,True,False,True,False,True,True,False,False,True,False,False,False,False,False,False,False,True,False,True,True,False,True,False,True,False,False,True,False,False,False,True,0,0.00032262286,ChurnBinary,Contact customer proactively
0,43,29.3,1224.05,0,28.46627906976744,1259.9,2,3,0,0,0,1,0,3,True,True,True,False,True,False,False,False,False,False,False,True,False,False,False,False,False,False,False,False,False,False,False,True,False,False,True,False,False,True,False,False,0,0.0003043088,ChurnBinary,Contact customer proactively
0,21,64.85,1336.8,0,63.65714285714286,1361.85,5,2,0,0,0,0,0,2,False,False,True,True,False,False,False,False,False,True,False,False,False,True,False,False,False,False,False,True,True,False,False,False,False,True,False,False,False,False,True,False,0,0.00020584698,ChurnBinary,Contact customer proactively
0,54,20.4,1090.6,0,20.196296296296296,1101.6,1,1,0,0,0,1,0,1,True,True,True,True,False,False,False,True,True,False,True,False,True,False,True,False,True,False,True,False,False,True,False,True,False,False,False,True,False,True,False,False,0,0.00015802041,ChurnBinary,Contact customer proactively
1,61,104.4,6405.0,1,105.0,6368.400000000001,7,2,0,0,0,1,1,2,False,True,False,True,False,True,True,False,False,False,False,True,False,True,False,False,False,True,False,True,True,False,True,True,False,False,False,True,False,False,False,True,1,0.99871194,ChurnBinary,Contact customer proactively
0,20,55.0,1165.55,0,58.2775,1100.0,6,3,0,0,0,0,0,3,True,False,False,False,True,False,False,False,False,True,False,True,False,True,False,True,False,True,False,False,False,False,True,True,False,False,False,False,False,False,True,False,0,0.0003150411,ChurnBinary,Contact customer proactively
0,69,105.2,7386.05,0,107.04420289855072,7258.8,7,2,0,0,0,1,1,2,True,False,False,True,False,True,True,False,False,False,False,True,False,False,False,True,False,True,False,True,True,False,True,False,False,False,False,True,False,False,False,True,0,0.00028759483,ChurnBinary,Contact customer proactively
1,1,45.2,45.2,0,45.2,45.2,2,3,0,1,1,0,0,5,True,False,False,True,False,False,False,False,False,False,False,False,False,False,False,False,False,False,False,False,False,False,False,False,True,False,False,False,True,False,True,False,0,0.00056160055,ChurnBinary,Contact customer proactively
1,33,93.55,3055.5,0,92.5909090909091,3087.15,6,2,0,1,0,0,1,3,True,True,False,True,False,False,True,False,False,True,False,True,False,False,False,True,False,False,False,True,True,False,True,False,True,False,True,False,False,False,False,True,0,0.00035732234,ChurnBinary,Contact customer proactively
0,19,20.85,467.5,0,24.605263157894736,396.15,1,1,0,0,0,0,0,1,True,False,True,True,False,False,False,True,True,False,True,False,True,False,True,False,True,False,True,False,False,True,False,True,False,False,False,False,False,True,False,False,0,0.00015950973,ChurnBinary,Contact customer proactively
0,2,79.0,143.65,1,71.825,158.0,3,3,1,1,1,0,0,6,True,False,False,True,False,False,True,False,False,False,False,False,False,False,False,False,False,True,False,False,False,False,False,False,True,False,False,False,True,False,False,False,1,0.9994325,ChurnBinary,Contact customer proactively
0,13,63.15,816.8,0,62.83076923076923,820.9499999999999,5,3,0,0,0,0,0,3,False,True,True,True,False,False,False,False,False,True,False,False,False,True,False,False,False,False,False,True,False,False,True,False,False,True,False,False,False,False,True,False,0,0.00029096505,ChurnBinary,Contact customer proactively
0,1,45.8,45.8,0,45.8,45.8,2,3,0,0,1,0,0,4,True,False,False,True,False,False,False,False,False,False,False,False,False,False,False,False,False,False,False,False,False,False,True,False,False,True,False,False,True,False,True,False,0,0.00054343365,ChurnBinary,Contact customer proactively
0,55,55.7,3131.8,0,56.941818181818185,3063.5,4,3,0,1,0,1,0,4,False,True,True,True,False,False,False,False,False,True,False,True,False,False,False,False,False,False,False,False,False,False,False,False,True,False,False,True,False,False,True,False,0,0.0003450627,ChurnBinary,Contact customer proactively
0,22,95.1,2162.6,0,98.3,2092.2,5,3,0,1,0,0,1,4,True,False,False,True,False,True,True,False,False,False,False,False,False,False,False,False,False,True,False,True,False,False,True,False,True,False,False,False,False,False,False,True,0,0.0006317511,ChurnBinary,Contact customer proactively
1,27,75.5,1893.95,1,70.1462962962963,2038.5,3,3,0,1,0,0,0,4,True,True,False,True,False,True,True,False,False,False,False,False,False,False,False,False,False,False,False,False,False,False,True,False,True,False,True,False,False,False,False,False,1,0.99936146,ChurnBinary,Contact customer proactively
1,13,89.05,1169.35,1,89.94999999999999,1157.65,5,3,0,0,0,0,0,3,True,True,False,True,False,False,True,False,False,False,False,True,False,False,False,True,False,False,False,True,False,False,True,False,False,False,False,False,False,False,False,False,1,0.9992575,ChurnBinary,Contact customer proactively
0,26,50.35,1285.8,0,49.45384615384615,1309.1,3,2,0,0,0,0,0,2,True,True,True,True,False,False,False,False,False,False,False,False,False,True,False,False,False,False,False,False,True,False,False,False,False,True,True,False,False,False,True,False,0,0.00017426015,ChurnBinary,Contact customer proactively
0,35,20.1,655.3,0,18.72285714285714,703.5,1,1,0,0,0,0,0,1,True,True,True,True,False,False,False,True,True,False,True,False,True,False,True,False,True,False,True,False,False,True,False,False,False,True,True,False,False,True,False,False,0,0.00015802041,ChurnBinary,Contact customer proactively
1,56,104.75,5841.35,0,104.30982142857144,5866.0,7,3,0,1,0,1,1,4,False,False,False,True,False,True,True,False,False,False,False,True,False,True,False,False,False,True,False,True,False,False,False,False,True,False,False,True,False,False,False,True,0,0.00045247324,ChurnBinary,Contact customer proactively
0,1,95.45,95.45,1,95.45,95.45,5,3,1,1,1,0,1,6,True,False,False,True,False,True,True,False,False,False,False,False,False,False,False,False,False,True,False,True,False,False,True,False,True,False,False,False,True,False,False,True,1,0.999516,ChurnBinary,Contact customer proactively
1,1,74.3,74.3,0,74.3,74.3,3,3,1,1,1,0,0,6,True,True,False,True,False,True,True,False,False,False,False,False,False,False,False,False,False,False,False,False,False,False,False,False,True,False,False,False,True,False,False,False,0,0.00071787206,ChurnBinary,Contact customer proactively
0,23,90.6,1943.2,1,84.48695652173913,2083.8,5,3,0,1,0,0,1,4,True,False,False,True,False,True,True,False,False,False,False,False,False,False,False,True,False,True,False,False,False,False,True,False,True,False,False,False,False,False,False,True,1,0.99936575,ChurnBinary,Contact customer proactively
0,7,75.45,480.75,1,68.67857142857143,528.15,3,3,1,0,0,0,0,4,False,False,False,True,False,True,True,False,False,False,False,False,False,False,False,False,False,False,False,False,False,False,False,False,False,True,False,False,True,False,False,False,1,0.99937576,ChurnBinary,Contact customer proactively
0,22,104.6,2180.55,0,99.1159090909091,2301.2,7,3,0,1,0,0,1,4,True,True,False,True,False,False,True,False,False,True,False,True,False,False,False,True,False,True,False,True,False,False,True,False,True,False,False,False,False,False,False,True,0,0.00059927936,ChurnBinary,Contact customer proactively
0,56,59.5,3389.25,0,60.52232142857143,3332.0,5,1,0,0,0,1,0,1,True,True,False,True,False,True,False,False,False,False,False,True,False,True,False,False,False,False,False,False,False,True,False,True,False,False,False,True,False,False,True,False,0,0.00015802041,ChurnBinary,Contact customer proactively
0,71,82.55,5832.65,0,82.14999999999999,5861.05,7,1,0,1,0,1,0,2,True,True,False,True,False,False,False,False,False,True,False,False,False,True,False,True,False,True,False,True,False,True,True,False,True,False,False,True,False,False,False,False,0,0.00018412678,ChurnBinary,Contact customer proactively
0,59,19.85,1188.25,0,20.139830508474574,1171.15,1,1,0,0,0,1,0,1,True,True,True,True,False,False,False,True,True,False,True,False,True,False,True,False,True,False,True,False,False,True,False,False,False,True,False,True,False,True,False,False,0,0.00015802041,ChurnBinary,Contact customer proactively
0,18,96.05,1740.7,1,96.70555555555556,1728.9,5,3,0,1,0,0,1,4,False,False,False,True,False,False,True,False,False,True,False,False,False,False,False,False,False,True,False,True,False,False,True,False,True,False,False,False,False,False,False,True,1,0.99937207,ChurnBinary,Contact customer proactively
0,60,61.35,3766.2,0,62.77,3681.0,5,1,0,0,0,1,0,1,True,True,False,True,False,False,False,False,False,True,False,True,False,False,False,True,False,False,False,False,False,True,True,False,False,True,False,True,False,False,True,False,0,0.00015802041,ChurnBinary,Contact customer proactively
0,8,44.45,369.3,0,46.1625,355.6,2,3,0,0,0,0,0,3,False,False,False,True,False,False,False,False,False,False,False,False,False,False,False,False,False,False,False,False,False,False,False,False,False,True,False,False,True,False,True,False,0,0.00029180042,ChurnBinary,Contact customer proactively
0,1,19.75,19.75,0,19.75,19.75,1,3,0,0,1,0,0,4,True,False,False,True,False,False,False,True,True,False,True,False,True,False,True,False,True,False,True,False,False,False,True,True,False,False,False,False,True,True,False,False,0,0.00044470435,ChurnBinary,Contact customer proactively
1,1,70.45,70.45,1,70.45,70.45,2,3,1,0,1,0,0,5,False,True,False,True,False,False,True,False,False,False,False,False,False,False,False,False,False,False,False,False,False,False,True,False,False,True,False,False,True,False,False,False,1,0.999516,ChurnBinary,Contact customer proactively
0,28,82.85,2320.8,0,82.88571428571429,2319.8,4,2,0,0,0,0,0,2,False,True,True,True,False,False,True,False,False,True,False,False,False,False,False,False,False,False,False,True,True,False,True,False,False,False,True,False,False,False,False,False,0,0.00021012177,ChurnBinary,Contact customer proactively
0,18,74.15,1387.0,0,77.05555555555556,1334.7,3,3,0,0,0,0,0,3,True,False,False,True,False,True,True,False,False,False,False,False,False,False,False,False,False,False,False,False,False,False,False,False,False,True,False,False,False,False,False,False,0,0.0003679163,ChurnBinary,Contact customer proactively
0,24,90.35,2238.5,1,93.27083333333331,2168.4,4,3,0,1,0,0,1,4,True,False,False,True,False,False,True,False,False,False,False,False,False,False,False,False,False,True,False,True,False,False,True,False,True,False,False,False,False,False,False,True,1,0.9993736,ChurnBinary,Contact customer proactively
0,68,60.3,4109.0,0,60.4264705882353,4100.4,6,1,0,0,0,1,0,1,False,True,True,False,True,False,False,False,False,False,False,True,False,True,False,True,False,True,False,True,False,True,False,True,False,False,False,True,False,False,True,False,0,0.00015802041,ChurnBinary,Contact customer proactively
0,71,104.65,7288.4,0,102.65352112676057,7430.150000000001,7,2,0,0,0,1,1,2,True,True,True,True,False,False,True,False,False,True,False,True,False,True,False,False,False,True,False,True,True,False,True,False,False,False,False,True,False,False,False,True,0,0.00026086555,ChurnBinary,Contact customer proactively
0,64,19.7,1274.05,0,19.90703125,1260.8,1,1,0,0,0,1,0,1,True,True,True,True,False,False,False,True,True,False,True,False,True,False,True,False,True,False,True,False,False,True,True,False,False,False,False,True,False,True,False,False,0,0.00015802041,ChurnBinary,Contact customer proactively
0,72,110.75,7751.7,0,107.6625,7974.0,8,1,0,1,0,1,1,2,False,True,False,True,False,True,True,False,False,True,False,True,False,True,False,False,False,True,False,True,False,True,True,False,True,False,False,True,False,False,False,True,0,0.00021189748,ChurnBinary,Contact customer proactively
1,69,110.25,7467.55,0,108.22536231884058,7607.25,8,1,0,0,0,1,1,1,False,False,False,True,False,True,True,False,False,True,False,False,False,True,False,True,False,True,False,True,False,True,False,True,False,False,False,True,False,False,False,True,0,0.00023310384,ChurnBinary,Contact customer proactively
0,67,53.4,3579.15,0,53.42014925373135,3577.8,5,3,0,0,0,1,0,3,False,False,False,False,True,False,False,False,False,False,False,False,False,True,False,True,False,True,False,True,False,False,True,True,False,False,False,True,False,False,True,False,0,0.00030326413,ChurnBinary,Contact customer proactively
1,20,80.7,1614.2,0,80.71000000000001,1614.0,3,3,0,0,0,0,0,3,False,False,False,True,False,False,True,False,False,False,False,False,False,False,False,False,False,True,False,False,False,False,False,False,False,False,False,False,False,False,False,False,0,0.0003654231,ChurnBinary,Contact customer proactively
0,25,18.7,383.65,0,15.345999999999998,467.5,1,1,0,0,0,0,0,1,False,True,True,True,False,False,False,True,True,False,True,False,True,False,True,False,True,False,True,False,False,True,True,False,False,True,True,False,False,True,False,False,0,0.00015802041,ChurnBinary,Contact customer proactively
0,50,89.7,4304.5,0,86.09,4485.0,5,1,0,0,0,1,0,1,False,False,False,True,False,False,True,False,False,False,False,False,False,True,False,True,False,False,False,True,False,True,True,False,False,False,False,True,False,False,False,False,0,0.00016103535,ChurnBinary,Contact customer proactively
0,6,48.95,273.25,0,45.54166666666666,293.70000000000005,3,3,0,0,0,0,0,3,False,True,True,True,False,True,False,False,False,False,False,False,False,False,False,False,False,False,False,False,False,False,True,True,False,False,False,False,True,False,True,False,0,0.0002956562,ChurnBinary,Contact customer proactively
0,2,19.6,35.85,1,17.925,39.2,1,3,0,1,1,0,0,5,False,False,True,True,False,False,False,True,True,False,True,False,True,False,True,False,True,False,True,False,False,False,True,False,True,False,False,False,True,True,False,False,1,0.9989629,ChurnBinary,Contact customer proactively
0,18,20.1,407.05,0,22.61388888888889,361.8,1,2,0,0,0,0,0,2,False,False,False,True,False,False,False,True,True,False,True,False,True,False,True,False,True,False,True,False,True,False,False,False,False,True,False,False,False,True,False,False,0,0.00017376519,ChurnBinary,Contact customer proactively
1,2,56.55,118.25,0,59.125,113.1,4,3,0,0,1,0,0,4,False,False,False,True,False,True,False,False,False,False,False,True,False,False,False,False,False,False,False,False,False,False,True,True,False,False,False,False,True,False,True,False,0,0.00045030614,ChurnBinary,Contact customer proactively
0,3,40.15,130.75,1,43.583333333333336,120.45,3,3,0,0,1,0,0,4,True,False,False,False,True,False,False,False,False,False,False,False,False,True,False,False,False,True,False,False,False,False,True,False,False,True,False,False,True,False,True,False,1,0.99925596,ChurnBinary,Contact customer proactively
0,9,69.4,571.45,0,63.49444444444445,624.6,5,3,0,0,0,0,0,3,False,False,True,True,False,False,False,False,False,False,False,False,False,False,False,True,False,True,False,True,False,False,True,True,False,False,False,False,True,False,True,False,0,0.0002962914,ChurnBinary,Contact customer proactively
0,1,69.9,69.9,1,69.9,69.9,2,3,0,1,1,0,0,5,True,False,False,True,False,False,True,False,False,False,False,False,False,False,False,False,False,False,False,False,False,False,True,False,True,False,False,False,True,False,True,False,1,0.99951303,ChurnBinary,Contact customer proactively
0,70,113.65,7939.25,0,113.41785714285714,7955.5,9,1,0,0,0,1,1,1,False,False,False,True,False,True,True,False,False,True,False,True,False,True,False,True,False,True,False,True,False,True,True,False,False,False,False,True,False,False,False,True,0,0.00023310384,ChurnBinary,Contact customer proactively
0,46,96.05,4399.5,1,95.6413043478261,4418.3,5,3,0,0,0,1,1,3,False,False,False,True,False,True,True,False,False,False,False,False,False,False,False,False,False,True,False,True,False,False,False,False,False,False,True,False,False,False,False,True,1,0.9990128,ChurnBinary,Contact customer proactively
0,15,48.8,720.1,0,48.00666666666667,732.0,3,3,0,0,0,0,0,3,False,False,False,True,False,True,False,False,False,False,False,False,False,False,False,False,False,False,False,False,False,False,True,False,False,True,False,False,False,False,True,False,0,0.00029180042,ChurnBinary,Contact customer proactively
0,53,19.85,1049.6,0,19.80377358490566,1052.0500000000002,1,1,0,0,0,1,0,1,False,False,False,True,False,False,False,True,True,False,True,False,True,False,True,False,True,False,True,False,False,True,False,True,False,False,False,True,False,True,False,False,0,0.00015802041,ChurnBinary,Contact customer proactively
0,1,55.4,55.4,1,55.4,55.4,3,3,0,1,1,0,0,5,False,False,False,True,False,False,False,False,False,False,False,False,False,False,False,False,False,False,False,True,False,False,True,False,True,False,False,False,True,False,True,False,1,0.999338,ChurnBinary,Contact customer proactively
0,29,19.35,601.6,0,20.7448275862069,561.1500000000001,1,3,0,0,0,0,0,3,False,False,False,True,False,False,False,True,True,False,True,False,True,False,True,False,True,False,True,False,False,False,False,True,False,False,True,False,False,True,False,False,0,0.00024311508,ChurnBinary,Contact customer proactively
0,1,77.15,77.15,1,77.15,77.15,3,3,1,1,1,0,0,6,False,False,False,True,False,True,True,False,False,False,False,False,False,False,False,False,False,False,False,False,False,False,True,False,True,False,False,False,True,False,False,False,1,0.999516,ChurnBinary,Contact customer proactively
0,69,60.05,4176.7,0,60.53188405797101,4143.45,6,1,0,0,0,1,0,1,True,False,False,False,True,False,False,False,False,True,False,True,False,False,False,True,False,True,False,True,False,True,True,False,False,False,False,True,False,False,True,False,0,0.00015802041,ChurnBinary,Contact customer proactively
1,63,36.1,2298.9,0,36.490476190476194,2274.3,3,2,0,0,0,1,0,2,True,True,False,False,True,False,False,False,False,True,False,False,False,False,False,True,False,False,False,False,True,False,False,False,False,False,False,True,False,False,True,False,0,0.0001721428,ChurnBinary,Contact customer proactively
1,51,25.0,1260.7,0,24.71960784313725,1275.0,2,2,0,0,0,1,0,2,True,False,False,True,False,True,False,True,True,False,True,False,True,False,True,False,True,False,True,False,True,False,False,False,False,False,False,True,False,True,False,False,0,0.0001721428,ChurnBinary,Contact customer proactively
0,64,73.55,4764.0,0,74.4375,4707.2,3,3,0,0,0,1,0,3,True,True,False,True,False,False,True,False,False,True,False,False,False,False,False,False,False,False,False,False,False,False,True,False,False,True,False,True,False,False,False,False,0,0.00030044388,ChurnBinary,Contact customer proactively
0,52,84.05,4326.8,0,83.20769230769231,4370.599999999999,5,3,0,0,0,1,0,3,False,True,True,True,False,False,True,False,False,True,False,False,False,True,False,True,False,False,False,False,False,False,True,False,False,False,False,True,False,False,False,False,0,0.00031323518,ChurnBinary,Contact customer proactively
0,70,59.5,4144.8,0,59.21142857142858,4165.0,6,1,0,0,0,1,0,1,True,True,True,False,True,False,False,False,False,True,False,False,False,True,False,True,False,True,False,True,False,True,False,False,False,False,False,True,False,False,True,False,0,0.00015802041,ChurnBinary,Contact customer proactively
0,9,54.8,452.8,0,50.31111111111111,493.2,4,3,0,0,0,0,0,3,True,True,True,True,False,False,False,False,False,False,False,True,False,False,False,True,False,False,False,False,False,False,False,False,False,True,False,False,True,False,True,False,0,0.00028883218,ChurnBinary,Contact customer proactively
0,3,83.75,247.25,1,82.41666666666667,251.25,4,3,1,1,1,0,0,6,False,False,False,True,False,False,True,False,False,False,False,True,False,False,False,False,False,True,False,False,False,False,False,False,True,False,False,False,True,False,False,False,1,0.99941397,ChurnBinary,Contact customer proactively
0,70,74.8,5315.8,0,75.94,5236.0,7,1,0,0,0,1,0,1,True,True,False,True,False,True,False,False,False,True,False,False,False,True,False,True,False,False,False,True,False,True,True,True,False,False,False,True,False,False,False,False,0,0.00015802041,ChurnBinary,Contact customer proactively
0,21,84.1,1737.45,0,82.7357142857143,1766.1,4,3,0,1,0,0,0,4,True,False,False,True,False,True,True,False,False,False,False,False,False,False,False,False,False,False,False,True,False,False,True,False,True,False,False,False,False,False,False,False,0,0.0006056349,ChurnBinary,Contact customer proactively
1,5,75.55,349.65,1,69.92999999999999,377.75,3,3,1,0,1,0,0,5,False,False,False,True,False,False,True,False,False,False,False,False,False,True,False,False,False,False,False,False,False,False,True,True,False,False,False,False,True,False,False,False,1,0.9994678,ChurnBinary,Contact customer proactively
0,20,108.2,2203.7,0,110.185,2164.0,8,3,0,0,0,0,1,3,True,False,False,True,False,False,True,False,False,True,False,True,False,True,False,True,False,True,False,True,False,False,True,False,False,False,False,False,False,False,False,True,0,0.0004557586,ChurnBinary,Contact customer proactively
1,72,109.75,8075.35,0,112.1576388888889,7902.0,8,1,0,0,0,1,1,1,False,True,False,True,False,True,True,False,False,True,False,False,False,True,False,True,False,True,False,True,False,True,True,False,False,True,False,True,False,False,False,True,0,0.0002075767,ChurnBinary,Contact customer proactively
0,72,20.3,1401.15,0,19.460416666666667,1461.6,1,1,0,0,0,1,0,1,True,True,True,True,False,False,False,True,True,False,True,False,True,False,True,False,True,False,True,False,False,True,False,False,False,False,False,True,False,True,False,False,0,0.00015802041,ChurnBinary,Contact customer proactively
1,2,70.65,142.35,1,71.175,141.3,2,3,1,1,1,0,0,6,False,False,False,True,False,False,True,False,False,False,False,False,False,False,False,False,False,False,False,False,False,False,True,False,True,False,False,False,True,False,False,False,1,0.9994789,ChurnBinary,Contact customer proactively
0,23,75.3,1702.9,0,74.0391304347826,1731.9,3,3,0,0,0,0,0,3,False,True,True,True,False,False,True,False,False,False,False,False,False,True,False,False,False,False,False,False,False,False,True,True,False,False,False,False,False,False,False,False,0,0.00041320224,ChurnBinary,Contact customer proactively
0,4,20.95,85.5,1,21.375,83.8,1,3,0,0,1,0,0,4,False,False,False,True,False,False,False,True,True,False,True,False,True,False,True,False,True,False,True,False,False,False,False,False,False,False,False,False,True,True,False,False,1,0.9988098,ChurnBinary,Contact customer proactively
0,32,80.35,2596.15,1,81.1296875,2571.2,4,3,0,0,0,0,0,3,True,False,False,True,False,True,True,False,False,False,False,True,False,False,False,False,False,False,False,False,False,False,True,False,False,False,True,False,False,False,False,False,1,0.99910825,ChurnBinary,Contact customer proactively
0,36,89.65,3348.1,0,93.00277777777778,3227.4,8,2,0,0,0,0,0,2,False,False,False,True,False,True,False,False,False,True,False,False,False,True,False,True,False,True,False,True,True,False,True,True,False,False,True,False,False,False,False,False,0,0.00020635006,ChurnBinary,Contact customer proactively
0,24,49.7,1218.25,0,50.76041666666666,1192.8000000000002,3,3,0,0,0,0,0,3,True,False,False,True,False,False,False,False,False,False,False,True,False,False,False,False,False,False,False,False,False,False,True,False,False,True,False,False,False,False,True,False,0,0.00026679743,ChurnBinary,Contact customer proactively
0,6,49.5,312.7,0,52.11666666666667,297.0,3,3,0,0,0,0,0,3,True,False,False,True,False,False,False,False,False,False,False,False,False,False,False,True,False,False,False,False,False,False,True,True,False,False,False,False,True,False,True,False,0,0.00029427206,ChurnBinary,Contact customer proactively
0,23,59.7,1414.2,0,61.48695652173913,1373.1,5,1,0,0,0,0,0,1,True,True,True,True,False,True,False,False,False,False,False,True,False,False,False,True,False,False,False,False,False,True,False,False,False,True,False,False,False,False,True,False,0,0.00015802041,ChurnBinary,Contact customer proactively
0,48,20.65,1057.0,0,22.02083333333333,991.2,1,1,0,0,0,1,0,1,False,True,True,True,False,False,False,True,True,False,True,False,True,False,True,False,True,False,True,False,False,True,False,False,False,False,True,False,False,True,False,False,0,0.00015802041,ChurnBinary,Contact customer proactively
0,28,54.9,1505.15,0,53.75535714285714,1537.2,4,3,0,0,0,0,0,3,False,False,False,True,False,True,False,False,False,False,False,False,False,False,False,True,False,False,False,False,False,False,True,True,False,False,True,False,False,False,True,False,0,0.00026066042,ChurnBinary,Contact customer proactively
1,52,49.15,2550.9,1,49.05576923076923,2555.8,4,3,0,1,0,1,0,4,True,False,False,False,True,False,False,False,False,False,False,True,False,False,False,False,False,True,False,True,False,False,True,False,True,False,False,True,False,False,True,False,1,0.9990709,ChurnBinary,Contact customer proactively
0,3,74.95,212.4,0,70.8,224.85,3,3,1,1,1,0,0,6,False,False,False,True,False,True,True,False,False,False,False,False,False,False,False,False,False,False,False,False,False,False,True,False,True,False,False,False,True,False,False,False,0,0.00072613836,ChurnBinary,Contact customer proactively
0,2,80.55,184.1,1,92.05,161.1,3,3,1,1,1,0,0,6,False,False,False,True,False,False,True,False,False,False,False,False,False,False,False,False,False,False,False,True,False,False,False,False,True,False,False,False,True,False,False,False,1,0.99944407,ChurnBinary,Contact customer proactively
0,4,19.95,68.2,0,17.05,79.8,1,2,0,0,1,0,0,3,True,False,False,True,False,False,False,True,True,False,True,False,True,False,True,False,True,False,True,False,True,False,False,False,False,True,False,False,True,True,False,False,0,0.0002117654,ChurnBinary,Contact customer proactively
0,5,69.7,316.9,1,63.38,348.5,2,3,0,1,1,0,0,5,True,False,False,True,False,False,True,False,False,False,False,False,False,False,False,False,False,False,False,False,False,False,True,False,True,False,False,False,True,False,True,False,1,0.99947566,ChurnBinary,Contact customer proactively
1,1,69.6,69.6,1,69.6,69.6,2,3,0,1,1,0,0,5,False,False,False,True,False,False,True,False,False,False,False,False,False,False,False,False,False,False,False,False,False,False,True,False,True,False,False,False,True,False,True,False,1,0.99951303,ChurnBinary,Contact customer proactively
0,66,19.75,1344.5,0,20.37121212121212,1303.5,1,1,0,0,0,1,0,1,True,True,True,True,False,False,False,True,True,False,True,False,True,False,True,False,True,False,True,False,False,True,True,False,False,True,False,True,False,True,False,False,0,0.00015802041,ChurnBinary,Contact customer proactively
0,52,102.7,5138.1,0,98.8096153846154,5340.400000000001,7,3,0,0,0,1,1,3,False,True,False,True,False,True,True,False,False,False,False,True,False,False,False,True,False,True,False,True,False,False,True,True,False,False,False,True,False,False,False,True,0,0.00037770564,ChurnBinary,Contact customer proactively
0,1,24.6,24.6,1,24.6,24.6,1,3,0,1,1,0,0,5,False,False,False,False,True,False,False,False,False,False,False,False,False,False,False,False,False,False,False,False,False,False,False,False,True,False,False,False,True,True,False,False,1,0.99927574,ChurnBinary,Contact customer proactively
0,35,89.2,3251.3,0,92.89428571428572,3122.0,5,2,0,1,0,0,0,3,True,False,False,True,False,False,True,False,False,True,False,False,False,False,False,True,False,False,False,True,True,False,True,False,True,False,True,False,False,False,False,False,0,0.0003428547,ChurnBinary,Contact customer proactively
0,3,55.8,154.55,0,51.51666666666667,167.39999999999998,4,3,0,0,1,0,0,4,True,True,False,True,False,False,False,False,False,False,False,False,False,True,False,True,False,False,False,False,False,False,True,False,False,True,False,False,True,False,True,False,0,0.0004368546,ChurnBinary,Contact customer proactively
1,66,102.85,6976.75,0,105.70833333333331,6788.099999999999,7,2,0,0,0,1,1,2,False,False,False,True,False,True,True,False,False,False,False,False,False,True,False,True,False,True,False,True,True,False,True,True,False,False,False,True,False,False,False,True,0,0.00027550623,ChurnBinary,Contact customer proactively
0,59,68.7,4070.95,0,68.99915254237288,4053.3,6,2,0,0,0,1,0,2,False,False,False,True,False,True,False,False,False,True,False,False,False,False,False,True,False,False,False,True,True,False,False,False,False,False,False,True,False,False,True,False,0,0.00019967012,ChurnBinary,Contact customer proactively
0,52,25.75,1345.85,0,25.881730769230767,1339.0,2,1,0,0,0,1,0,1,True,True,True,True,False,True,False,True,True,False,True,False,True,False,True,False,True,False,True,False,False,True,False,False,False,True,False,True,False,True,False,False,0,0.00015802041,ChurnBinary,Contact customer proactively
0,8,73.5,632.2,0,79.025,588.0,3,3,1,1,0,0,0,5,False,False,False,True,False,True,True,False,False,False,False,False,False,False,False,False,False,False,False,False,False,False,True,False,True,False,False,False,True,False,False,False,0,0.00072613836,ChurnBinary,Contact customer proactively
0,5,53.8,283.95,0,56.79,269.0,4,3,0,1,1,0,0,5,False,False,False,True,False,True,False,False,False,True,False,False,False,False,False,False,False,False,False,False,False,False,True,False,True,False,False,False,True,False,True,False,0,0.00049412565,ChurnBinary,Contact customer proactively
0,4,44.55,174.3,1,43.575,178.2,3,3,0,1,1,0,0,5,True,False,False,False,True,False,False,False,False,False,False,False,False,False,False,False,False,True,False,True,False,False,True,False,True,False,False,False,True,False,True,False,1,0.9993512,ChurnBinary,Contact customer proactively
0,50,70.5,3486.65,0,69.733,3525.0,6,1,0,0,0,1,0,1,True,True,True,True,False,True,False,False,False,True,False,False,False,False,False,True,False,True,False,False,False,True,True,True,False,False,False,True,False,False,False,False,0,0.00015802041,ChurnBinary,Contact customer proactively
0,62,108.15,6825.65,0,110.09112903225804,6705.3,8,1,0,0,0,1,1,1,True,True,True,True,False,False,True,False,False,True,False,True,False,True,False,True,False,True,False,True,False,True,False,False,False,True,False,True,False,False,False,True,0,0.00024506229,ChurnBinary,Contact customer proactively
0,61,19.45,1336.35,0,21.90737704918033,1186.45,1,2,0,0,0,1,0,2,False,False,False,True,False,False,False,True,True,False,True,False,True,False,True,False,True,False,True,False,True,False,False,False,False,False,False,True,False,True,False,False,0,0.0001721428,ChurnBinary,Contact customer proactively
0,55,85.5,4713.4,0,85.69818181818181,4702.5,4,3,0,0,0,1,0,3,True,True,True,True,False,True,True,False,False,False,False,False,False,False,False,False,False,False,False,True,False,False,False,False,False,False,False,True,False,False,False,False,0,0.0003318476,ChurnBinary,Contact customer proactively
0,5,20.05,95.55,0,19.11,100.25,1,3,0,0,1,0,0,4,True,False,False,True,False,False,False,True,True,False,True,False,True,False,True,False,True,False,True,False,False,False,False,True,False,False,False,False,True,True,False,False,0,0.00032333937,ChurnBinary,Contact customer proactively
0,35,54.95,1916.0,0,54.74285714285714,1923.25,4,2,0,0,0,0,0,2,False,True,True,True,False,False,False,False,False,True,False,False,False,False,False,True,False,False,False,False,True,False,True,False,False,False,True,False,False,False,True,False,0,0.00017426015,ChurnBinary,Contact customer proactively
0,22,89.1,1949.4,0,88.60909090909091,1960.2,5,3,0,0,0,0,0,3,True,False,True,True,False,True,True,False,False,False,False,True,False,False,False,False,False,True,False,False,False,False,True,True,False,False,False,False,False,False,False,False,0,0.0004522751,ChurnBinary,Contact customer proactively
0,57,53.35,3090.05,0,54.21140350877193,3040.9500000000003,5,1,0,0,0,1,0,1,True,False,False,False,True,False,False,False,False,False,False,False,False,True,False,True,False,True,False,True,False,True,False,True,False,False,False,True,False,False,True,False,0,0.00015802041,ChurnBinary,Contact customer proactively
1,57,95.25,5427.05,1,95.21140350877194,5429.25,6,3,0,0,0,1,1,3,True,True,False,True,False,True,True,False,False,False,False,True,False,True,False,False,False,False,False,True,False,False,True,False,False,False,False,True,False,False,False,True,1,0.99886,ChurnBinary,Contact customer proactively
0,64,19.45,1225.65,0,19.15078125,1244.8,1,1,0,0,0,1,0,1,False,True,False,True,False,False,False,True,True,False,True,False,True,False,True,False,True,False,True,False,False,True,False,True,False,False,False,True,False,True,False,False,0,0.00015802041,ChurnBinary,Contact customer proactively
0,26,95.85,2475.35,0,95.20576923076922,2492.1,6,2,0,0,0,0,1,2,False,False,False,True,False,False,True,False,False,True,False,False,False,True,False,True,False,False,False,True,True,False,True,False,False,False,True,False,False,False,False,True,0,0.00023868821,ChurnBinary,Contact customer proactively
1,39,99.1,3877.95,0,99.43461538461538,3864.9,6,2,0,0,0,1,1,2,False,True,False,True,False,False,True,False,False,True,False,True,False,False,False,False,False,True,False,True,True,False,False,False,False,True,True,False,False,False,False,True,0,0.00023234321,ChurnBinary,Contact customer proactively
0,19,59.8,1130.85,0,59.51842105263157,1136.2,4,3,0,0,0,0,0,3,False,True,False,True,False,False,False,False,False,False,False,True,False,False,False,False,False,False,False,True,False,False,True,False,False,True,False,False,False,False,True,False,0,0.0002761629,ChurnBinary,Contact customer proactively
0,31,93.8,3019.5,1,97.40322580645162,2907.8,6,3,0,1,0,0,1,4,True,True,False,True,False,True,True,False,False,False,False,True,False,True,False,False,False,True,False,False,False,False,False,False,True,False,True,False,False,False,False,True,1,0.99919885,ChurnBinary,Contact customer proactively
0,6,19.85,119.3,0,19.883333333333333,119.1,1,3,0,0,0,0,0,3,False,True,True,True,False,False,False,True,True,False,True,False,True,False,True,False,True,False,True,False,False,False,False,False,False,True,False,False,True,True,False,False,0,0.00025833896,ChurnBinary,Contact customer proactively
0,52,89.45,4577.75,0,88.03365384615384,4651.400000000001,5,1,0,0,0,1,0,1,True,False,False,True,False,True,True,False,False,False,False,False,False,True,False,False,False,False,False,True,False,True,True,True,False,False,False,True,False,False,False,False,0,0.00016103535,ChurnBinary,Contact customer proactively
0,53,85.7,4616.1,0,87.09622641509435,4542.1,8,3,0,1,0,1,0,4,True,True,True,True,False,True,False,False,False,True,False,False,False,True,False,True,False,True,False,True,False,False,False,False,True,False,False,True,False,False,False,False,0,0.00036167918,ChurnBinary,Contact customer proactively
1,56,111.95,6418.9,1,114.62321428571428,6269.2,8,2,0,1,0,1,1,3,False,False,False,True,False,True,True,False,False,False,False,True,False,True,False,True,False,True,False,True,True,False,True,False,True,False,False,True,False,False,False,True,1,0.99893767,ChurnBinary,Contact customer proactively
0,56,75.85,4261.2,0,76.09285714285714,4247.599999999999,7,1,0,0,0,1,0,1,True,True,True,True,False,True,False,False,False,True,False,True,False,False,False,True,False,False,False,True,False,True,True,True,False,False,False,True,False,False,False,False,0,0.00015802041,ChurnBinary,Contact customer proactively
0,49,99.8,4872.45,1,99.4377551020408,4890.2,6,3,0,1,0,1,1,4,True,True,True,True,False,True,True,False,False,False,False,False,False,True,False,False,False,True,False,True,False,False,True,False,True,False,False,True,False,False,False,True,1,0.9992182,ChurnBinary,Contact customer proactively
0,39,25.0,1004.35,0,25.752564102564104,975.0,2,1,0,0,0,1,0,1,True,False,True,True,False,True,False,True,True,False,True,False,True,False,True,False,True,False,True,False,False,True,False,False,False,True,True,False,False,True,False,False,0,0.00015802041,ChurnBinary,Contact customer proactively
0,61,99.15,6010.05,1,98.52540983606558,6048.150000000001,6,3,0,1,0,1,1,4,False,True,True,True,False,True,True,False,False,False,False,True,False,False,False,False,False,True,False,True,False,False,True,False,True,False,False,True,False,False,False,True,1,0.99918145,ChurnBinary,Contact customer proactively
0,43,34.0,1505.35,0,35.00813953488372,1462.0,3,3,0,0,0,1,0,3,False,True,False,False,True,False,False,False,False,True,False,False,False,False,False,True,False,False,False,False,False,False,False,False,False,False,True,False,False,True,False,False,0,0.00028960506,ChurnBinary,Contact customer proactively
0,5,19.55,99.6,0,19.92,97.75,1,2,0,1,1,0,0,4,False,False,False,True,False,False,False,True,True,False,True,False,True,False,True,False,True,False,True,False,True,False,False,False,True,False,False,False,True,True,False,False,0,0.00025407207,ChurnBinary,Contact customer proactively
0,11,20.3,246.3,0,22.39090909090909,223.3,1,3,0,0,0,0,0,3,False,False,False,True,False,False,False,True,True,False,True,False,True,False,True,False,True,False,True,False,False,False,False,False,False,False,False,False,True,True,False,False,0,0.00025833896,ChurnBinary,Contact customer proactively
0,2,24.85,62.0,0,31.0,49.7,2,3,0,0,1,0,0,4,True,False,False,True,False,True,False,True,True,False,True,False,True,False,True,False,True,False,True,False,False,False,False,False,False,True,False,False,True,True,False,False,0,0.0003367776,ChurnBinary,Contact customer proactively
0,13,96.65,1244.5,1,95.73076923076924,1256.45,6,3,0,1,0,0,1,4,False,False,False,True,False,True,True,False,False,True,False,True,False,False,False,False,False,True,False,False,False,False,True,False,True,False,False,False,False,False,False,True,1,0.999421,ChurnBinary,Contact customer proactively
0,72,81.0,5750.0,0,79.86111111111111,5832.0,8,1,0,0,0,1,0,1,True,True,True,True,False,True,False,False,False,True,False,True,False,True,False,True,False,False,False,True,False,True,False,True,False,False,False,True,False,False,False,False,0,0.00015802041,ChurnBinary,Contact customer proactively
1,46,69.1,3255.35,0,70.76847826086956,3178.6,6,2,0,0,0,1,0,2,False,False,False,True,False,True,False,False,False,False,False,False,False,True,False,True,False,False,False,True,True,False,True,True,False,False,True,False,False,False,True,False,0,0.00020290009,ChurnBinary,Contact customer proactively
0,71,108.55,7616.0,0,107.26760563380282,7707.05,8,1,0,0,0,1,1,1,True,True,False,True,False,True,True,False,False,True,False,False,False,True,False,True,False,True,False,True,False,True,True,True,False,False,False,True,False,False,False,True,0,0.00022924274,ChurnBinary,Contact customer proactively
0,36,87.55,3078.1,1,85.50277777777778,3151.8,5,3,0,1,0,0,0,4,False,False,False,True,False,False,True,False,False,False,False,False,False,True,False,True,False,False,False,True,False,False,True,False,True,False,True,False,False,False,False,False,1,0.9992663,ChurnBinary,Contact customer proactively
0,64,108.5,6880.85,0,107.51328125,6944.0,8,2,0,0,0,1,1,2,True,True,False,True,False,True,True,False,False,True,False,False,False,True,False,True,False,True,False,True,True,False,True,False,False,True,False,True,False,False,False,True,0,0.00028095304,ChurnBinary,Contact customer proactively
0,1,75.3,75.3,1,75.3,75.3,3,3,1,0,1,0,0,5,False,False,False,True,False,False,True,False,False,True,False,False,False,False,False,False,False,False,False,False,False,False,False,False,False,True,False,False,True,False,False,False,1,0.9993554,ChurnBinary,Contact customer proactively
0,15,84.3,1308.4,1,87.22666666666667,1264.5,4,3,0,1,0,0,0,4,False,True,False,True,False,False,True,False,False,False,False,False,False,True,False,False,False,True,False,False,False,False,True,False,True,False,False,False,False,False,False,False,1,0.9994104,ChurnBinary,Contact customer proactively
0,36,20.0,666.75,0,18.52083333333333,720.0,1,2,0,0,0,0,0,2,True,True,False,True,False,False,False,True,True,False,True,False,True,False,True,False,True,False,True,False,True,False,False,False,False,True,True,False,False,True,False,False,0,0.0001721428,ChurnBinary,Contact customer proactively
0,6,40.55,217.5,0,36.25,243.3,4,1,0,0,0,0,0,1,False,True,True,False,True,False,False,False,False,False,False,True,False,True,False,True,False,False,False,False,False,True,False,False,False,True,False,False,True,False,True,False,0,0.00015950973,ChurnBinary,Contact customer proactively
0,30,50.0,1474.9,0,49.16333333333333,1500.0,3,3,0,0,0,0,0,3,True,True,False,True,False,False,False,False,False,False,False,False,False,True,False,False,False,False,False,False,False,False,True,False,False,True,True,False,False,False,True,False,0,0.0002560565,ChurnBinary,Contact customer proactively
0,1,59.85,59.85,1,59.85,59.85,4,3,0,1,1,0,0,5,True,False,False,True,False,True,False,False,False,False,False,False,False,False,False,False,False,True,False,False,False,False,True,False,True,False,False,False,True,False,True,False,1,0.99924076,ChurnBinary,Contact customer proactively
0,13,80.85,1008.7,1,77.5923076923077,1051.05,3,3,0,1,0,0,0,4,True,False,False,True,False,False,True,False,False,False,False,False,False,False,False,False,False,False,False,True,False,False,True,False,True,False,False,False,False,False,False,False,1,0.99942124,ChurnBinary,Contact customer proactively
0,61,20.4,1226.45,0,20.105737704918035,1244.4,1,2,0,0,0,1,0,2,True,True,True,True,False,False,False,True,True,False,True,False,True,False,True,False,True,False,True,False,True,False,False,False,False,True,False,True,False,True,False,False,0,0.0001721428,ChurnBinary,Contact customer proactively
0,72,107.7,7919.8,0,109.99722222222222,7754.400000000001,8,1,0,0,0,1,1,1,True,True,True,True,False,True,True,False,False,True,False,True,False,False,False,True,False,True,False,True,False,True,True,True,False,False,False,True,False,False,False,True,0,0.00022024193,ChurnBinary,Contact customer proactively
0,67,74.0,4868.4,0,72.66268656716417,4958.0,7,1,0,0,0,1,0,1,False,True,True,True,False,True,False,False,False,True,False,True,False,False,False,True,False,True,False,False,False,True,False,True,False,False,False,True,False,False,False,False,0,0.00015802041,ChurnBinary,Contact customer proactively
0,34,79.95,2727.3,0,80.21470588235294,2718.3,7,2,0,0,0,0,0,2,False,False,False,True,False,False,False,False,False,True,False,False,False,True,False,True,False,True,False,True,True,False,True,False,False,False,True,False,False,False,False,False,0,0.00020635006,ChurnBinary,Contact customer proactively
0,72,20.5,1502.25,0,20.86458333333333,1476.0,1,1,0,0,0,1,0,1,False,True,False,True,False,False,False,True,True,False,True,False,True,False,True,False,True,False,True,False,False,True,False,True,False,False,False,True,False,True,False,False,0,0.00015802041,ChurnBinary,Contact customer proactively
0,46,65.65,3047.15,0,66.24239130434783,3019.9,6,1,0,0,0,1,0,1,True,True,False,True,False,False,False,False,False,True,False,True,False,True,False,True,False,False,False,False,False,True,False,False,False,True,True,False,False,False,True,False,0,0.00015802041,ChurnBinary,Contact customer proactively
0,7,75.1,552.95,1,78.99285714285715,525.6999999999999,3,3,1,0,0,0,0,4,False,False,False,True,False,True,True,False,False,False,False,False,False,False,False,False,False,False,False,False,False,False,True,False,False,False,False,False,True,False,False,False,1,0.99945956,ChurnBinary,Contact customer proactively
1,7,76.45,503.6,1,71.94285714285715,535.15,3,3,1,0,0,0,0,4,False,False,False,True,False,False,True,False,False,True,False,False,False,False,False,False,False,False,False,False,False,False,False,False,False,False,False,False,True,False,False,False,1,0.9992937,ChurnBinary,Contact customer proactively
0,72,67.8,4804.65,0,66.73124999999999,4881.599999999999,7,1,0,0,0,1,0,1,True,True,False,True,False,True,False,False,False,True,False,True,False,True,False,True,False,False,False,False,False,True,True,False,False,False,False,True,False,False,True,False,0,0.00015802041,ChurnBinary,Contact customer proactively
0,32,86.1,2723.75,0,85.1171875,2755.2,4,3,0,1,0,0,0,4,False,True,True,True,False,False,True,False,False,False,False,True,False,False,False,False,False,True,False,False,False,False,True,False,True,False,True,False,False,False,False,False,0,0.0005501049,ChurnBinary,Contact customer proactively
0,39,53.85,2200.7,0,56.42820512820512,2100.15,4,1,0,0,0,1,0,1,True,False,False,True,False,True,False,False,False,False,False,False,False,False,False,True,False,False,False,False,False,True,True,True,False,False,True,False,False,False,True,False,0,0.00015802041,ChurnBinary,Contact customer proactively
0,47,96.1,4391.45,0,93.43510638297872,4516.7,6,2,0,1,0,1,1,3,True,True,True,True,False,False,True,False,False,True,False,True,False,True,False,False,False,False,False,True,True,False,True,False,True,False,True,False,False,False,False,True,0,0.00029588572,ChurnBinary,Contact customer proactively
1,50,95.05,4888.7,1,97.774,4752.5,6,3,0,1,0,1,1,4,False,True,False,True,False,True,True,False,False,False,False,True,False,True,False,False,False,True,False,False,False,False,True,False,True,False,False,True,False,False,False,True,1,0.9991936,ChurnBinary,Contact customer proactively
0,58,19.55,1108.8,0,19.117241379310343,1133.9,1,2,0,1,0,1,0,3,True,True,True,True,False,False,False,True,True,False,True,False,True,False,True,False,True,False,True,False,True,False,True,False,True,False,False,True,False,True,False,False,0,0.00022259096,ChurnBinary,Contact customer proactively
0,41,81.3,3190.65,0,77.82073170731708,3333.3,4,3,0,0,0,1,0,3,False,False,False,True,False,True,True,False,False,True,False,False,False,False,False,False,False,False,False,False,False,False,True,True,False,False,True,False,False,False,False,False,0,0.00039568573,ChurnBinary,Contact customer proactively
1,4,83.25,308.05,0,77.0125,333.0,4,3,1,1,1,0,0,6,False,True,False,True,False,True,True,False,False,False,False,False,False,False,False,False,False,True,False,False,False,False,True,False,True,False,False,False,True,False,False,False,0,0.00072613836,ChurnBinary,Contact customer proactively
0,32,61.4,1864.65,0,58.2703125,1964.8,5,3,0,0,0,0,0,3,False,True,True,True,False,False,False,False,False,True,False,True,False,False,False,True,False,False,False,False,False,False,False,False,False,False,True,False,False,False,True,False,0,0.00025726092,ChurnBinary,Contact customer proactively
0,1,20.75,20.75,0,20.75,20.75,1,3,0,0,1,0,0,4,True,False,False,True,False,False,False,True,True,False,True,False,True,False,True,False,True,False,True,False,False,False,False,True,False,False,False,False,True,True,False,False,0,0.00043643924,ChurnBinary,Contact customer proactively
0,19,19.65,358.15,0,18.85,373.35,1,1,0,0,0,0,0,1,True,False,False,True,False,False,False,True,True,False,True,False,True,False,True,False,True,False,True,False,False,True,False,False,False,True,False,False,False,True,False,False,0,0.00015950973,ChurnBinary,Contact customer proactively
1,62,104.85,6312.9,0,101.82096774193548,6500.7,7,2,0,1,0,1,1,3,False,True,False,True,False,True,True,False,False,True,False,False,False,True,False,False,False,True,False,True,True,False,True,False,True,False,False,True,False,False,False,True,0,0.00034607458,ChurnBinary,Contact customer proactively
0,1,74.1,74.1,0,74.1,74.1,6,2,0,0,1,0,0,3,False,False,False,True,False,False,False,False,False,False,False,False,False,True,False,True,False,True,False,True,True,False,False,True,False,False,False,False,True,False,False,False,0,0.0002490171,ChurnBinary,Contact customer proactively
0,12,61.65,713.75,1,59.47916666666666,739.8,6,3,0,0,0,0,0,3,False,False,False,True,False,True,False,False,False,True,False,False,False,True,False,True,False,False,False,False,False,False,True,False,False,True,False,False,True,False,True,False,1,0.9986965,ChurnBinary,Contact customer proactively
0,48,45.3,2145.0,1,44.6875,2174.4,4,3,0,0,0,1,0,3,False,True,False,False,True,False,False,False,False,True,False,False,False,True,False,False,False,False,False,True,False,False,True,False,False,False,True,False,False,False,True,False,1,0.99871564,ChurnBinary,Contact customer proactively
0,3,64.5,177.4,0,59.13333333333333,193.5,5,3,0,0,1,0,0,4,False,False,True,True,False,False,False,False,False,True,False,False,False,False,False,True,False,False,False,True,False,False,True,False,False,False,False,False,True,False,True,False,0,0.0003959687,ChurnBinary,Contact customer proactively
0,40,78.85,3126.85,0,78.17125,3154.0,4,3,0,0,0,1,0,3,False,True,False,True,False,True,True,False,False,False,False,False,False,False,False,True,False,False,False,False,False,False,True,True,False,False,True,False,False,False,False,False,0,0.00039568573,ChurnBinary,Contact customer proactively
0,19,25.15,468.35,0,24.65,477.85,1,3,0,0,0,0,0,3,True,False,False,False,True,False,False,False,False,False,False,False,False,False,False,False,False,False,False,False,False,False,True,False,False,False,False,False,False,True,False,False,0,0.00027630854,ChurnBinary,Contact customer proactively
0,1,70.25,70.25,1,70.25,70.25,2,3,0,1,1,0,0,5,False,False,False,True,False,False,True,False,False,False,False,False,False,False,False,False,False,False,False,False,False,False,True,False,True,False,False,False,True,False,True,False,1,0.99951303,ChurnBinary,Contact customer proactively
0,67,24.9,1680.25,0,25.078358208955223,1668.3,2,1,0,0,0,1,0,1,False,True,True,True,False,True,False,True,True,False,True,False,True,False,True,False,True,False,True,False,False,True,True,False,False,True,False,True,False,True,False,False,0,0.00015802041,ChurnBinary,Contact customer proactively
0,16,100.7,1522.7,0,95.16875,1611.2,6,3,0,0,0,0,1,3,False,True,True,True,False,False,True,False,False,True,False,False,False,True,False,False,False,True,False,True,False,False,False,False,False,False,False,False,False,False,False,True,0,0.0003958147,ChurnBinary,Contact customer proactively
0,1,19.55,19.55,0,19.55,19.55,1,3,0,0,1,0,0,4,False,False,False,True,False,False,False,True,True,False,True,False,True,False,True,False,True,False,True,False,False,False,True,False,False,True,False,False,True,True,False,False,0,0.00044470435,ChurnBinary,Contact customer proactively
0,21,53.15,1183.2,0,56.34285714285714,1116.15,6,1,0,0,0,0,0,1,False,False,True,False,True,False,False,False,False,True,False,True,False,True,False,True,False,True,False,False,False,True,False,False,False,True,False,False,False,False,True,False,0,0.00015950973,ChurnBinary,Contact customer proactively
1,29,35.65,1025.15,0,35.35,1033.85,3,3,0,0,0,0,0,3,False,True,True,False,True,False,False,False,False,False,False,True,False,True,False,False,False,False,False,False,False,False,True,False,False,True,True,False,False,False,True,False,0,0.00031036598,ChurnBinary,Contact customer proactively
1,20,94.3,1818.3,0,90.915,1886.0,6,2,0,0,0,0,1,2,True,True,True,True,False,False,True,False,False,True,False,False,False,True,False,True,False,False,False,True,True,False,False,True,False,False,False,False,False,False,False,True,0,0.000241847,ChurnBinary,Contact customer proactively
0,13,94.1,1215.6,1,93.5076923076923,1223.3,6,3,0,1,0,0,1,4,False,True,False,True,False,True,True,False,False,False,False,True,False,True,False,False,False,True,False,False,False,False,False,False,True,False,False,False,False,False,False,True,1,0.99936336,ChurnBinary,Contact customer proactively
0,9,29.95,248.95,1,27.66111111111111,269.55,2,3,0,1,0,0,0,4,True,True,True,False,True,False,False,False,False,False,False,True,False,False,False,False,False,False,False,False,False,False,True,False,True,False,False,False,True,True,False,False,1,0.99917054,ChurnBinary,Contact customer proactively
0,51,83.25,4089.45,0,80.18529411764706,4245.75,8,1,0,0,0,1,0,1,True,True,False,True,False,False,False,False,False,True,False,True,False,True,False,True,False,True,False,True,False,True,True,True,False,False,False,True,False,False,False,False,0,0.00015802041,ChurnBinary,Contact customer proactively
0,60,79.05,4663.4,0,77.72333333333333,4743.0,7,3,0,0,0,1,0,3,True,True,True,True,False,False,False,False,False,True,False,True,False,False,False,True,False,True,False,True,False,False,True,True,False,False,False,True,False,False,False,False,0,0.00024444362,ChurnBinary,Contact customer proactively
1,20,79.15,1520.9,1,76.045,1583.0,4,3,0,1,0,0,0,4,False,False,False,True,False,True,True,False,False,True,False,False,False,False,False,False,False,False,False,False,False,False,True,False,True,False,False,False,False,False,False,False,1,0.99937457,ChurnBinary,Contact customer proactively
0,9,34.7,296.1,1,32.900000000000006,312.3,2,3,0,0,0,0,0,3,True,False,False,False,True,False,False,False,False,False,False,False,False,False,False,False,False,True,False,False,False,False,True,True,False,False,False,False,True,True,False,False,1,0.9987363,ChurnBinary,Contact customer proactively
1,8,80.65,633.3,1,79.1625,645.2,4,3,1,0,0,0,0,4,False,True,False,True,False,True,True,False,False,False,False,True,False,False,False,False,False,False,False,False,False,False,True,True,False,False,False,False,True,False,False,False,1,0.999448,ChurnBinary,Contact customer proactively
0,63,79.8,5034.05,0,79.90555555555555,5027.4,7,1,0,0,0,1,0,1,True,True,False,True,False,True,False,False,False,False,False,False,False,True,False,True,False,True,False,True,False,True,False,True,False,False,False,True,False,False,False,False,0,0.00015802041,ChurnBinary,Contact customer proactively
0,10,65.9,660.05,0,66.005,659.0,5,2,0,0,0,0,0,2,False,True,True,True,False,False,False,False,False,False,False,True,False,True,False,False,False,False,False,True,True,False,True,False,False,True,False,False,True,False,True,False,0,0.00022004316,ChurnBinary,Contact customer proactively
0,3,69.95,220.45,0,73.48333333333333,209.85,5,2,0,1,1,0,0,4,False,False,False,True,False,False,False,False,False,False,False,False,False,True,False,False,False,True,False,True,True,False,True,False,True,False,False,False,True,False,True,False,0,0.00035708552,ChurnBinary,Contact customer proactively
0,44,20.6,926.0,0,21.045454545454547,906.4,1,2,0,0,0,1,0,2,True,True,True,True,False,False,False,True,True,False,True,False,True,False,True,False,True,False,True,False,True,False,False,False,False,False,True,False,False,True,False,False,0,0.0001721428,ChurnBinary,Contact customer proactively
0,8,51.3,411.6,0,51.45,410.4,3,3,0,0,0,0,0,3,True,True,True,True,False,False,False,False,False,True,False,False,False,False,False,False,False,False,False,False,False,False,True,True,False,False,False,False,True,False,True,False,0,0.00029264903,ChurnBinary,Contact customer proactively
0,61,106.0,6547.7,1,107.33934426229509,6466.0,7,2,0,1,0,1,1,3,True,True,True,True,False,True,True,False,False,True,False,True,False,False,False,False,False,True,False,True,True,False,True,False,True,False,False,True,False,False,False,True,1,0.99888605,ChurnBinary,Contact customer proactively
0,43,99.3,4209.95,0,97.90581395348836,4269.9,6,3,0,0,0,1,1,3,False,True,True,True,False,True,True,False,False,False,False,False,False,True,False,False,False,True,False,True,False,False,True,False,False,False,True,False,False,False,False,True,0,0.00045587154,ChurnBinary,Contact customer proactively
0,43,56.35,2391.15,0,55.608139534883726,2423.05,3,2,0,0,0,1,0,2,True,True,False,True,False,False,False,False,False,False,False,False,False,False,False,False,False,True,False,False,True,False,True,False,False,True,True,False,False,False,True,False,0,0.00017426015,ChurnBinary,Contact customer proactively
0,5,50.6,249.95,1,49.99,253.0,3,3,0,0,1,0,0,4,False,False,False,True,False,True,False,False,False,False,False,False,False,False,False,False,False,False,False,False,False,False,True,False,False,True,False,False,True,False,True,False,1,0.99916494,ChurnBinary,Contact customer proactively
0,29,69.05,1958.45,0,67.53275862068966,2002.45,6,2,0,0,0,0,0,2,True,True,True,True,False,True,False,False,False,True,False,False,False,False,False,True,False,True,False,False,True,False,False,False,False,False,True,False,False,False,True,False,0,0.00017426015,ChurnBinary,Contact customer proactively
1,54,99.05,5295.7,0,98.06851851851852,5348.7,6,3,0,0,0,1,1,3,True,True,False,True,False,True,True,False,False,False,False,False,False,True,False,False,False,True,False,True,False,False,True,True,False,False,False,True,False,False,False,True,0,0.00037770564,ChurnBinary,Contact customer proactively
0,50,98.25,4858.7,0,97.174,4912.5,6,2,0,1,0,1,1,3,True,True,False,True,False,True,True,False,False,False,False,True,False,False,False,False,False,True,False,True,True,False,True,False,True,False,False,True,False,False,False,True,0,0.0003072863,ChurnBinary,Contact customer proactively
0,68,88.15,6148.45,0,90.41838235294118,5994.200000000001,9,1,0,1,0,1,0,2,False,False,False,True,False,True,False,False,False,True,False,True,False,True,False,True,False,True,False,True,False,True,True,False,True,False,False,True,False,False,False,False,0,0.00018412678,ChurnBinary,Contact customer proactively
1,1,69.25,69.25,1,69.25,69.25,2,3,0,1,1,0,0,5,False,True,True,True,False,False,True,False,False,False,False,False,False,False,False,False,False,False,False,False,False,False,True,False,True,False,False,False,True,False,True,False,1,0.99951303,ChurnBinary,Contact customer proactively
0,72,108.3,7679.65,0,106.66180555555556,7797.599999999999,8,1,0,0,0,1,1,1,False,True,True,True,False,False,True,False,False,True,False,True,False,True,False,True,False,True,False,True,False,True,True,False,False,False,False,True,False,False,False,True,0,0.00021331098,ChurnBinary,Contact customer proactively
0,55,73.1,4144.9,0,75.36181818181818,4020.5,3,3,0,1,0,1,0,4,False,False,False,True,False,True,True,False,False,False,False,False,False,False,False,False,False,False,False,False,False,False,True,False,True,False,False,True,False,False,False,False,0,0.0004804495,ChurnBinary,Contact customer proactively
0,3,70.3,220.4,0,73.46666666666667,210.9,2,3,0,0,1,0,0,4,True,False,False,True,False,False,True,False,False,False,False,False,False,False,False,False,False,False,False,False,False,False,True,False,False,True,False,False,True,False,True,False,0,0.00068163505,ChurnBinary,Contact customer proactively
0,1,19.05,19.05,0,19.05,19.05,1,3,0,0,1,0,0,4,True,False,False,True,False,False,False,True,True,False,True,False,True,False,True,False,True,False,True,False,False,False,False,False,False,True,False,False,True,True,False,False,0,0.00039006694,ChurnBinary,Contact customer proactively
0,7,19.85,144.15,0,20.592857142857145,138.95000000000002,1,1,0,0,0,0,0,1,False,True,True,True,False,False,False,True,True,False,True,False,True,False,True,False,True,False,True,False,False,True,False,False,False,True,False,False,True,True,False,False,0,0.00015950973,ChurnBinary,Contact customer proactively
1,9,84.4,732.5,1,81.38888888888889,759.6,4,3,1,0,0,0,0,4,True,False,False,True,False,True,True,False,False,False,False,False,False,False,False,False,False,False,False,True,False,False,True,True,False,False,False,False,True,False,False,False,1,0.999448,ChurnBinary,Contact customer proactively
0,37,35.8,1316.9,0,35.5918918918919,1324.6,2,1,0,0,0,1,0,1,True,False,False,False,True,False,False,False,False,False,False,False,False,False,False,False,False,True,False,False,False,True,False,True,False,False,True,False,False,False,True,False,0,0.00015802041,ChurnBinary,Contact customer proactively
0,62,86.1,5215.25,0,84.11693548387096,5338.2,8,1,0,1,0,1,0,2,True,True,True,True,False,False,False,False,False,True,False,True,False,True,False,True,False,True,False,True,False,True,False,False,True,False,False,True,False,False,False,False,0,0.00018412678,ChurnBinary,Contact customer proactively
0,56,61.3,3346.8,0,59.76428571428572,3432.8,5,1,0,0,0,1,0,1,False,True,True,True,False,False,False,False,False,True,False,True,False,True,False,False,False,False,False,False,False,True,True,True,False,False,False,True,False,False,True,False,0,0.00015802041,ChurnBinary,Contact customer proactively
0,27,24.5,761.95,0,28.22037037037037,661.5,2,1,0,1,0,0,0,2,False,True,True,True,False,True,False,True,True,False,True,False,True,False,True,False,True,False,True,False,False,True,False,False,True,False,True,False,False,True,False,False,0,0.00016521425,ChurnBinary,Contact customer proactively
0,49,87.2,4345.0,0,88.6734693877551,4272.8,8,2,0,0,0,1,0,2,False,True,True,True,False,False,False,False,False,True,False,True,False,True,False,True,False,True,False,True,True,False,True,False,False,True,False,True,False,False,False,False,0,0.00021005225,ChurnBinary,Contact customer proactively
0,28,20.3,487.95,0,17.426785714285714,568.4,1,1,0,0,0,0,0,1,True,True,True,True,False,False,False,True,True,False,True,False,True,False,True,False,True,False,True,False,False,True,True,True,False,False,True,False,False,True,False,False,0,0.00015802041,ChurnBinary,Contact customer proactively
0,5,20.65,93.55,0,18.71,103.25,1,3,0,0,1,0,0,4,True,False,False,True,False,False,False,True,True,False,True,False,True,False,True,False,True,False,True,False,False,False,False,False,False,False,False,False,True,True,False,False,0,0.00031651053,ChurnBinary,Contact customer proactively
0,56,19.7,1051.9,0,18.78392857142857,1103.2,1,1,0,0,0,1,0,1,False,False,False,True,False,False,False,True,True,False,True,False,True,False,True,False,True,False,True,False,False,True,False,False,False,False,False,True,False,True,False,False,0,0.00015802041,ChurnBinary,Contact customer proactively
0,72,70.45,5165.7,0,71.74583333333334,5072.400000000001,7,1,0,0,0,1,0,1,False,True,True,True,False,True,False,False,False,True,False,True,False,True,False,True,False,False,False,False,False,True,True,False,False,False,False,True,False,False,False,False,0,0.00015802041,ChurnBinary,Contact customer proactively
